series_id,graph_uri,tier,has_dep_below_surf,has_instrument_depth_signal,depth_names,property_ids,min_value,max_value,tier1_count,tier2_count,dataset_uri,date_modified
2148897,urn:gleaner.io:oih:bodc:data:f6a4c5b2ef6295763e2ced3e399315f527e8ec3e,tier1,True,False,DepBelowSurf,https://vocab.nerc.ac.uk/collection/P01/current/ADEPZZ01/,5.8,151.2,1,0,https://api.linked-systems.uk/api/schema-org/dataset/2148897,
2153525,urn:gleaner.io:oih:bodc:data:b8eb555880c656be0aab31927f84bf2ece2e21ab,tier1,True,False,DepBelowSurf,https://vocab.nerc.ac.uk/collection/P01/current/ADEPZZ01/,5,1000,1,0,https://api.linked-systems.uk/api/schema-org/dataset/2153525,
2051855,urn:gleaner.io:oih:bodc:data:078a0014bc0f110fd516bd6bd9fe8001a7df85de,none,False,False,,,,,0,0,https://api.linked-systems.uk/api/schema-org/dataset/2051855,
2107799,urn:gleaner.io:oih:bodc:data:2b8ddec3a1c6de9ed61225349b8b82b6fdb0f7db,tier1,True,False,DepBelowSurf,https://vocab.nerc.ac.uk/collection/P01/current/ADEPZZ01/,15,200,1,0,https://api.linked-systems.uk/api/schema-org/dataset/2107799,
1927799,urn:gleaner.io:oih:bodc:data:d0f2594f87ee84ad916d7a4ff6d490022ad1f7fc,none,False,False,,,,,0,0,https://api.linked-systems.uk/api/schema-org/dataset/1927799,
2148800,urn:gleaner.io:oih:bodc:data:3aa95e84f02fdf3c0a0b49841cd26f8e9304ce25,none,False,False,,,,,0,0,https://api.linked-systems.uk/api/schema-org/dataset/2148800,
2115818,urn:gleaner.io:oih:bodc:data:469dcbe8588ad88bd07f5863dd8d06feedcc8b64,none,False,False,,,,,0,0,https://api.linked-systems.uk/api/schema-org/dataset/2115818,
1816924,urn:gleaner.io:oih:bodc:data:ce26422b13e2683fa882c3c0613f59d5488c6b15,tier2,False,False,Start_depth,https://vocab.nerc.ac.uk/collection/P01/current/DEPHPRST/,4.96,351.69,0,1,https://api.linked-systems.uk/api/schema-org/dataset/1816924,
1177413,urn:gleaner.io:oih:bodc:data:ff1752a349ec9461061d768146b386b246800575,none,False,False,,,,,0,0,https://api.linked-systems.uk/api/schema-org/dataset/1177413,
1347235,urn:gleaner.io:oih:bodc:data:23657882724476ec9de0d02ca92d595c56cc5588,tier1,True,False,DepBelowSurf,https://vocab.nerc.ac.uk/collection/P01/current/ADEPZZ01/,6.1,998.9,1,0,https://api.linked-systems.uk/api/schema-org/dataset/1347235,
1927972,urn:gleaner.io:oih:bodc:data:49386d2432f50de38831f25e6e789a36372e8d0c,tier1,True,False,DepBelowSurf,https://vocab.nerc.ac.uk/collection/P01/current/ADEPZZ01/,25.6,4009.5,1,0,https://api.linked-systems.uk/api/schema-org/dataset/1927972,
2046195,urn:gleaner.io:oih:bodc:data:9ec8930f4b84bde0bac5a8e046cbb352c38491b8,none,False,False,,,,,0,0,https://api.linked-systems.uk/api/schema-org/dataset/2046195,
1225877,urn:gleaner.io:oih:bodc:data:aa90b933dff1c0e5e33142242ac978fca4142774,tier_instrument,False,True,,,,,0,0,https://api.linked-systems.uk/api/schema-org/dataset/1225877,
2052096,urn:gleaner.io:oih:bodc:data:5436e5fe14b46618e591d3686b07f1563bf39d49,none,False,False,,,,,0,0,https://api.linked-systems.uk/api/schema-org/dataset/2052096,
1927738,urn:gleaner.io:oih:bodc:data:f2ba6f66c84384a335a35383156f3a68060ee635,none,False,False,,,,,0,0,https://api.linked-systems.uk/api/schema-org/dataset/1927738,
1922851,urn:gleaner.io:oih:bodc:data:06ea537bf9ce1cacaefc27d3d94f04ca2204aba9,none,False,False,,,,,0,0,https://api.linked-systems.uk/api/schema-org/dataset/1922851,
1177345,urn:gleaner.io:oih:bodc:data:482fb3e7845ec35a3b90e1817123ae54d45fd181,none,False,False,,,,,0,0,https://api.linked-systems.uk/api/schema-org/dataset/1177345,
2148062,urn:gleaner.io:oih:bodc:data:87c96f07a18814469f51db774b562cb9edb9d4fc,none,False,False,,,,,0,0,https://api.linked-systems.uk/api/schema-org/dataset/2148062,
1177787,urn:gleaner.io:oih:bodc:data:aa5150474265adf77e8642b6b1af2fe9ccee70ff,none,False,False,,,,,0,0,https://api.linked-systems.uk/api/schema-org/dataset/1177787,
2110710,urn:gleaner.io:oih:bodc:data:ffcef4983106aad04263884beecbc95089aa12a1,none,False,False,,,,,0,0,https://api.linked-systems.uk/api/schema-org/dataset/2110710,
2148836,urn:gleaner.io:oih:bodc:data:df7d46e117059512316d7357c435d960f98cbc5c,tier1,True,False,DepBelowSurf,https://vocab.nerc.ac.uk/collection/P01/current/ADEPZZ01/,5.9,301.3,1,0,https://api.linked-systems.uk/api/schema-org/dataset/2148836,
1171012,urn:gleaner.io:oih:bodc:data:a16ac1b352e599e98b61dcb4897edec87a78fe29,none,False,False,,,,,0,0,https://api.linked-systems.uk/api/schema-org/dataset/1171012,
2107843,urn:gleaner.io:oih:bodc:data:ae1aa58eb2e672173c5a236ee3bdd7406e31f47b,none,False,False,,,,,0,0,https://api.linked-systems.uk/api/schema-org/dataset/2107843,
1347002,urn:gleaner.io:oih:bodc:data:28d77e3f31723fe4ea3020ca26c98ebed79c8352,none,False,False,,,,,0,0,https://api.linked-systems.uk/api/schema-org/dataset/1347002,
1916833,urn:gleaner.io:oih:bodc:data:873d17d2b3542bc3f13ed737e0ed38470eaee9ef,none,False,False,,,,,0,0,https://api.linked-systems.uk/api/schema-org/dataset/1916833,
1226149,urn:gleaner.io:oih:bodc:data:1789eec845732ba3a509aaba95a098379e63844e,tier_instrument,False,True,,,,,0,0,https://api.linked-systems.uk/api/schema-org/dataset/1226149,
1170868,urn:gleaner.io:oih:bodc:data:1a0272e2aaec8b08e6589d2467efaa3e0191566b,none,False,False,,,,,0,0,https://api.linked-systems.uk/api/schema-org/dataset/1170868,
1880809,urn:gleaner.io:oih:bodc:data:28889152366ae8664e883da64f29e7f8bf6c5f75,none,False,False,,,,,0,0,https://api.linked-systems.uk/api/schema-org/dataset/1880809,
2107695,urn:gleaner.io:oih:bodc:data:4057f0f4bdff32c280a0284cd58cb7acdaa9eeec,tier1,True,False,DepBelowSurf,https://vocab.nerc.ac.uk/collection/P01/current/ADEPZZ01/,15,50,1,0,https://api.linked-systems.uk/api/schema-org/dataset/2107695,
2026618,urn:gleaner.io:oih:bodc:data:d711e620f8c0eda8f21cf889061f6c0c65e809a7,none,False,False,,,,,0,0,https://api.linked-systems.uk/api/schema-org/dataset/2026618,
1759959,urn:gleaner.io:oih:bodc:data:0e5d0d3ae9d3f90a8a0ee3d06372883bf5e93dae,none,False,False,,,,,0,0,https://api.linked-systems.uk/api/schema-org/dataset/1759959,
1171012,urn:gleaner.io:oih:bodc:data:ad60038d5137f5a5b811abdf18e04228589d2f66,tier2,False,False,BinDep,https://vocab.nerc.ac.uk/collection/P01/current/DBINAA01/,11,407,0,1,https://api.linked-systems.uk/api/schema-org/dataset/1171012,
1226309,urn:gleaner.io:oih:bodc:data:50b8877fe1e938683d9b1d8b03507caf8305624a,none,False,False,,,,,0,0,https://api.linked-systems.uk/api/schema-org/dataset/1226309,
1170868,urn:gleaner.io:oih:bodc:data:60daa77b196fb76e135cab5d44af3e196e16790a,tier2,False,False,BinDep,https://vocab.nerc.ac.uk/collection/P01/current/DBINAA01/,11,407,0,1,https://api.linked-systems.uk/api/schema-org/dataset/1170868,
1177498,urn:gleaner.io:oih:bodc:data:37162827a775fbb124c0dd8c4469a4c94bd5d29c,none,False,False,,,,,0,0,https://api.linked-systems.uk/api/schema-org/dataset/1177498,
1177892,urn:gleaner.io:oih:bodc:data:1e2ed20a0725cbe3ba8a02182382c11a99ddf27a,none,False,False,,,,,0,0,https://api.linked-systems.uk/api/schema-org/dataset/1177892,
1927726,urn:gleaner.io:oih:bodc:data:100bacd6596ab43ea75e7f5b63b2d2e27edde759,none,False,False,,,,,0,0,https://api.linked-systems.uk/api/schema-org/dataset/1927726,
2148744,urn:gleaner.io:oih:bodc:data:62e1dab394948507e2bbea81f37bcd7d3a8f224d,none,False,False,,,,,0,0,https://api.linked-systems.uk/api/schema-org/dataset/2148744,
1879600,urn:gleaner.io:oih:bodc:data:6f6bb87cbae0be55b43f59eebb954137d9e7e438,none,False,False,,,,,0,0,https://api.linked-systems.uk/api/schema-org/dataset/1879600,
2148351,urn:gleaner.io:oih:bodc:data:190b392dfaad48d362990f7fc97b93b03e013f79,none,False,False,,,,,0,0,https://api.linked-systems.uk/api/schema-org/dataset/2148351,
1177529,urn:gleaner.io:oih:bodc:data:2a42354ab3996934d1b81d6967d14ae95480f091,none,False,False,,,,,0,0,https://api.linked-systems.uk/api/schema-org/dataset/1177529,
1916913,urn:gleaner.io:oih:bodc:data:5a9e2cf7646007ff9d5947a05b19a903900c970c,none,False,False,,,,,0,0,https://api.linked-systems.uk/api/schema-org/dataset/1916913,
1816752,urn:gleaner.io:oih:bodc:data:d4fd86caa76d2914b5671413df47a85831912250,none,False,False,,,,,0,0,https://api.linked-systems.uk/api/schema-org/dataset/1816752,
1177425,urn:gleaner.io:oih:bodc:data:f7653becd14ee44d32c481208175eca96767ed4b,none,False,False,,,,,0,0,https://api.linked-systems.uk/api/schema-org/dataset/1177425,
1874318,urn:gleaner.io:oih:bodc:data:4c36ea7f0e7eec59de0bac6618b607e7285c861e,none,False,False,,,,,0,0,https://api.linked-systems.uk/api/schema-org/dataset/1874318,
2048706,urn:gleaner.io:oih:bodc:data:1a0a983fe59e57e3c83b4ddc40d77855f41cba3b,tier1,True,False,DepBelowSurf,https://vocab.nerc.ac.uk/collection/P01/current/ADEPZZ01/,14.2,99.2,1,0,https://api.linked-systems.uk/api/schema-org/dataset/2048706,
2048767,urn:gleaner.io:oih:bodc:data:711ec6a3bc3f78eaf8b69099332a0de20788d396,none,False,False,,,,,0,0,https://api.linked-systems.uk/api/schema-org/dataset/2048767,
2148049,urn:gleaner.io:oih:bodc:data:8f86f1c13de01d231c9d05bba46691779fd78f77,tier1,True,False,DepBelowSurf,https://vocab.nerc.ac.uk/collection/P01/current/ADEPZZ01/,6.8,301.8,1,0,https://api.linked-systems.uk/api/schema-org/dataset/2148049,
2148627,urn:gleaner.io:oih:bodc:data:00c27de6281f9c7073936c540f007f7d9e84443b,tier1,True,False,DepBelowSurf,https://vocab.nerc.ac.uk/collection/P01/current/ADEPZZ01/,6.3,301,1,0,https://api.linked-systems.uk/api/schema-org/dataset/2148627,
2153501,urn:gleaner.io:oih:bodc:data:2e29a29c604c8f16dcbdf7e8d94c5623c1fd8503,none,False,False,,,,,0,0,https://api.linked-systems.uk/api/schema-org/dataset/2153501,
2107591,urn:gleaner.io:oih:bodc:data:dadb7e56b6c79fa7662feef3a962c049b3e66a71,tier1,True,False,DepBelowSurf,https://vocab.nerc.ac.uk/collection/P01/current/ADEPZZ01/,10.1,998,1,0,https://api.linked-systems.uk/api/schema-org/dataset/2107591,
2051775,urn:gleaner.io:oih:bodc:data:2e8a918a957384a6864fefdcf27cdbdb7d15da19,tier1,True,False,DepBelowSurf,https://vocab.nerc.ac.uk/collection/P01/current/ADEPZZ01/,8.2,102.7,1,0,https://api.linked-systems.uk/api/schema-org/dataset/2051775,
2107799,urn:gleaner.io:oih:bodc:data:be9a9a858e98f52b56f40d36b5bfd73e337e78ff,none,False,False,,,,,0,0,https://api.linked-systems.uk/api/schema-org/dataset/2107799,
1177799,urn:gleaner.io:oih:bodc:data:8e2c281c800227a416b47c2d3acde563f6549e32,none,False,False,,,,,0,0,https://api.linked-systems.uk/api/schema-org/dataset/1177799,
2148258,urn:gleaner.io:oih:bodc:data:74c902ee6672cfbe8551d12780224db5385164fd,none,False,False,,,,,0,0,https://api.linked-systems.uk/api/schema-org/dataset/2148258,
1177683,urn:gleaner.io:oih:bodc:data:8c86460585dfc15190c7234e17685b1b76706a16,none,False,False,,,,,0,0,https://api.linked-systems.uk/api/schema-org/dataset/1177683,
1177923,urn:gleaner.io:oih:bodc:data:1ebf0e5201e242fb1ee23ff0231f27388c868dfd,none,False,False,,,,,0,0,https://api.linked-systems.uk/api/schema-org/dataset/1177923,
1927879,urn:gleaner.io:oih:bodc:data:3f1bf9047b36d269a9233cfeb08b3e2d91d6e371,tier1,True,False,DepBelowSurf,https://vocab.nerc.ac.uk/collection/P01/current/ADEPZZ01/,3,150,1,0,https://api.linked-systems.uk/api/schema-org/dataset/1927879,
2148210,urn:gleaner.io:oih:bodc:data:c5891f9c27581612ba4751dfb4d81b668537ba2d,tier1,True,False,DepBelowSurf,https://vocab.nerc.ac.uk/collection/P01/current/ADEPZZ01/,52.1,302.1,1,0,https://api.linked-systems.uk/api/schema-org/dataset/2148210,
1346858,urn:gleaner.io:oih:bodc:data:7c8b7af3278e6ed9554463fadcd82b3a198c0cbe,none,False,False,,,,,0,0,https://api.linked-systems.uk/api/schema-org/dataset/1346858,
1177370,urn:gleaner.io:oih:bodc:data:15fad322ebd759440f4fc1c9bfbaedfda9cb2f93,none,False,False,,,,,0,0,https://api.linked-systems.uk/api/schema-org/dataset/1177370,
2014722,urn:gleaner.io:oih:bodc:data:9453b24debc2217635fbb6f0d9a17e8b49401099,tier2,False,False,Start_depth,https://vocab.nerc.ac.uk/collection/P01/current/DEPHPRST/,38.67,4829.52,0,1,https://api.linked-systems.uk/api/schema-org/dataset/2014722,
1874226,urn:gleaner.io:oih:bodc:data:1c1efcafa8ba2374d8f19a5e5f1a600f806eb866,none,False,False,,,,,0,0,https://api.linked-systems.uk/api/schema-org/dataset/1874226,
1928096,urn:gleaner.io:oih:bodc:data:aec8c9722087ed712927c080bdce77142aa98069,none,False,False,,,,,0,0,https://api.linked-systems.uk/api/schema-org/dataset/1928096,
1929075,urn:gleaner.io:oih:bodc:data:2b6138bd7024b61666f726ca9b6c21680f7c5590,tier1,True,False,DepBelowSurf,https://vocab.nerc.ac.uk/collection/P01/current/ADEPZZ01/,20.6,4826.7,1,0,https://api.linked-systems.uk/api/schema-org/dataset/1929075,
1177425,urn:gleaner.io:oih:bodc:data:39579f0c06920d16459fa290423e68044a8af794,none,False,False,,,,,0,0,https://api.linked-systems.uk/api/schema-org/dataset/1177425,
945170,urn:gleaner.io:oih:bodc:data:613bf66fd6fc33821d05346c1e9ffa427dc10b1c,tier2,False,False,BinDep,https://vocab.nerc.ac.uk/collection/P01/current/DBINAA01/,20,800,0,1,https://api.linked-systems.uk/api/schema-org/dataset/945170,
876407,urn:gleaner.io:oih:bodc:data:12b82aa2c40f93bc82486e3b6dfa8829b4d26e71,none,False,False,,,,,0,0,https://api.linked-systems.uk/api/schema-org/dataset/876407,
2148050,urn:gleaner.io:oih:bodc:data:8bc781fa52facd6e81c84dbd7898869eca84bc4b,tier1,True,False,DepBelowSurf,https://vocab.nerc.ac.uk/collection/P01/current/ADEPZZ01/,4.9,300.2,1,0,https://api.linked-systems.uk/api/schema-org/dataset/2148050,
2046287,urn:gleaner.io:oih:bodc:data:9a1bbdf17708de12200ecb1ed5b9d5e5cad29136,none,False,False,,,,,0,0,https://api.linked-systems.uk/api/schema-org/dataset/2046287,
2014691,urn:gleaner.io:oih:bodc:data:aed0536d26d715409e43114b782d872755bad19b,tier2,False,False,Start_depth,https://vocab.nerc.ac.uk/collection/P01/current/DEPHPRST/,0.99,104.08,0,1,https://api.linked-systems.uk/api/schema-org/dataset/2014691,
1226217,urn:gleaner.io:oih:bodc:data:22e18e933fbc1ec3d8eaf2869bee9cbdd35aac90,none,False,False,,,,,0,0,https://api.linked-systems.uk/api/schema-org/dataset/1226217,
1929087,urn:gleaner.io:oih:bodc:data:51995d34c288afc8b99412060bc6a30fbd16db24,none,False,False,,,,,0,0,https://api.linked-systems.uk/api/schema-org/dataset/1929087,
1922826,urn:gleaner.io:oih:bodc:data:62f9768c29812a060780523f9798a84b98210cd2,none,False,False,,,,,0,0,https://api.linked-systems.uk/api/schema-org/dataset/1922826,
2004113,urn:gleaner.io:oih:bodc:data:9a63fead78b0a3c6c0aef983a2499bd76b0b0d46,none,False,False,,,,,0,0,https://api.linked-systems.uk/api/schema-org/dataset/2004113,
2148013,urn:gleaner.io:oih:bodc:data:9b10253db7bcd8e27fb5bbd9eb9b59d538910e5f,none,False,False,,,,,0,0,https://api.linked-systems.uk/api/schema-org/dataset/2148013,
2048755,urn:gleaner.io:oih:bodc:data:ac86e984872ac28d32f88e8697d4bbc8749e1897,none,False,False,,,,,0,0,https://api.linked-systems.uk/api/schema-org/dataset/2048755,
2046263,urn:gleaner.io:oih:bodc:data:91b95fbd5ce010405425d56d6a55b9ffa6ab1afb,none,False,False,,,,,0,0,https://api.linked-systems.uk/api/schema-org/dataset/2046263,
2001637,urn:gleaner.io:oih:bodc:data:30488d43e6515ac39c8972ebd62849b126cab1af,none,False,False,,,,,0,0,https://api.linked-systems.uk/api/schema-org/dataset/2001637,
2014771,urn:gleaner.io:oih:bodc:data:9335e0d165bd2aa1734c8e9460ec239e05003980,none,False,False,,,,,0,0,https://api.linked-systems.uk/api/schema-org/dataset/2014771,
895638,urn:gleaner.io:oih:bodc:data:0b0883fb96ab3a287e55247ffc4673e4190572ce,none,False,False,,,,,0,0,https://api.linked-systems.uk/api/schema-org/dataset/895638,
2148640,urn:gleaner.io:oih:bodc:data:f179a9201bf4c3fad127db49d57f80c3ea3b05dd,tier1,True,False,DepBelowSurf,https://vocab.nerc.ac.uk/collection/P01/current/ADEPZZ01/,6,301.2,1,0,https://api.linked-systems.uk/api/schema-org/dataset/2148640,
2051867,urn:gleaner.io:oih:bodc:data:aa7d66b936537b7b47d20cc641a0eae54bda985a,none,False,False,,,,,0,0,https://api.linked-systems.uk/api/schema-org/dataset/2051867,
1759947,urn:gleaner.io:oih:bodc:data:d40b2f3793a28bd731ca4fe07d4f58f32aa8dd2b,none,False,False,,,,,0,0,https://api.linked-systems.uk/api/schema-org/dataset/1759947,
2052096,urn:gleaner.io:oih:bodc:data:d81489e897d69a5f5b57ec8a220fefbf3a677d0b,tier_instrument,False,True,,,,,0,0,https://api.linked-systems.uk/api/schema-org/dataset/2052096,
2115880,urn:gleaner.io:oih:bodc:data:0fa5badfc33be897fe8ee8def7ddef0ea0bbc1d2,none,False,False,,,,,0,0,https://api.linked-systems.uk/api/schema-org/dataset/2115880,
2051806,urn:gleaner.io:oih:bodc:data:0d45609761e2eb30deab89a1d8c5189b57716020,tier1,True,False,DepBelowSurf,https://vocab.nerc.ac.uk/collection/P01/current/ADEPZZ01/,8.2,453.1,1,0,https://api.linked-systems.uk/api/schema-org/dataset/2051806,
2051787,urn:gleaner.io:oih:bodc:data:8aa4fa48707170b3d4eac5267c22fe48efa782c4,none,False,False,,,,,0,0,https://api.linked-systems.uk/api/schema-org/dataset/2051787,
1226150,urn:gleaner.io:oih:bodc:data:fbefec62146b5d6ceb75998aeb78b24408183c2c,tier_instrument,False,True,,,,,0,0,https://api.linked-systems.uk/api/schema-org/dataset/1226150,
1928059,urn:gleaner.io:oih:bodc:data:ebdf520e44c39bc781f36022fb85d6d11ecf444e,none,False,False,,,,,0,0,https://api.linked-systems.uk/api/schema-org/dataset/1928059,
1177911,urn:gleaner.io:oih:bodc:data:9d51205da830afbae2409ca13eb999a0d04c4f13,none,False,False,,,,,0,0,https://api.linked-systems.uk/api/schema-org/dataset/1177911,
2148418,urn:gleaner.io:oih:bodc:data:00f1ced5c80b614594928392a8dad1ea58320cc8,none,False,False,,,,,0,0,https://api.linked-systems.uk/api/schema-org/dataset/2148418,
2048743,urn:gleaner.io:oih:bodc:data:0b5a589e320cee80e75af433d575d8b2fa536e30,tier1,True,False,DepBelowSurf,https://vocab.nerc.ac.uk/collection/P01/current/ADEPZZ01/,12.6,1001.5,1,0,https://api.linked-systems.uk/api/schema-org/dataset/2048743,
1916845,urn:gleaner.io:oih:bodc:data:8676ade32cf2e7048974415ded4b5e125ed38560,tier1,True,False,DepBelowSurf,https://vocab.nerc.ac.uk/collection/P01/current/ADEPZZ01/,8.5,104.1,1,0,https://api.linked-systems.uk/api/schema-org/dataset/1916845,
1226150,urn:gleaner.io:oih:bodc:data:50348353999ef53f8e0faba1a38a029e0e6bd5e7,none,False,False,,,,,0,0,https://api.linked-systems.uk/api/schema-org/dataset/1226150,
2004174,urn:gleaner.io:oih:bodc:data:263d84b41f0b2b6a8a77ccfeb70f68f18fe44c9a,tier1,True,False,DepBelowSurf,https://vocab.nerc.ac.uk/collection/P01/current/ADEPZZ01/,9.7,4705.6,1,0,https://api.linked-systems.uk/api/schema-org/dataset/2004174,
1171116,urn:gleaner.io:oih:bodc:data:15f2602177bb0e2ddefccf5bbbd46820a3bcc62f,none,False,False,,,,,0,0,https://api.linked-systems.uk/api/schema-org/dataset/1171116,
1347223,urn:gleaner.io:oih:bodc:data:4829a95c9e98255bd5d7e95e4b8016ef9c0df621,tier1,True,False,DepBelowSurf,https://vocab.nerc.ac.uk/collection/P01/current/ADEPZZ01/,5.5,995.6,1,0,https://api.linked-systems.uk/api/schema-org/dataset/1347223,
1058137,urn:gleaner.io:oih:bodc:data:d979413a9c49874a6483191e2cd1af7f22ed9cf4,none,False,False,,,,,0,0,https://api.linked-systems.uk/api/schema-org/dataset/1058137,
1928060,urn:gleaner.io:oih:bodc:data:163505c8a9fdbf9e08bb0b57d8a3d481415cfebe,tier1,True,False,DepBelowSurf,https://vocab.nerc.ac.uk/collection/P01/current/ADEPZZ01/,10.6,69.4,1,0,https://api.linked-systems.uk/api/schema-org/dataset/1928060,
2046195,urn:gleaner.io:oih:bodc:data:cdd661466c62dc580ad944f68d2d2e7a6319fe9b,none,False,False,,,,,0,0,https://api.linked-systems.uk/api/schema-org/dataset/2046195,
1347106,urn:gleaner.io:oih:bodc:data:f19ff1248d66707aec75010dd886d7d6c92a7d74,tier1,True,False,DepBelowSurf,https://vocab.nerc.ac.uk/collection/P01/current/ADEPZZ01/,5.8,1999.6,1,0,https://api.linked-systems.uk/api/schema-org/dataset/1347106,
2148535,urn:gleaner.io:oih:bodc:data:7829f2b3d07be45cea960545d917419177ff4315,none,False,False,,,,,0,0,https://api.linked-systems.uk/api/schema-org/dataset/2148535,
1816715,urn:gleaner.io:oih:bodc:data:8073fb02b49cb75bbbe44c2d9d76fc4fe211b66e,tier2,False,False,Start_depth,https://vocab.nerc.ac.uk/collection/P01/current/DEPHPRST/,0.99,104.08,0,1,https://api.linked-systems.uk/api/schema-org/dataset/1816715,
1927855,urn:gleaner.io:oih:bodc:data:9c2219696f084cb3481ea06e9274c7ac2eedade9,tier1,True,False,DepBelowSurf,https://vocab.nerc.ac.uk/collection/P01/current/ADEPZZ01/,3,50,1,0,https://api.linked-systems.uk/api/schema-org/dataset/1927855,
1177634,urn:gleaner.io:oih:bodc:data:0dde0c28bebad99a93fe2e20de2fe9bc5b4fd142,none,False,False,,,,,0,0,https://api.linked-systems.uk/api/schema-org/dataset/1177634,
2004205,urn:gleaner.io:oih:bodc:data:3ea9f6dc37b3c1f88a1afd493a01de405e41f267,tier1,True,False,DepBelowSurf,https://vocab.nerc.ac.uk/collection/P01/current/ADEPZZ01/,9.9,100.6,1,0,https://api.linked-systems.uk/api/schema-org/dataset/2004205,
1876626,urn:gleaner.io:oih:bodc:data:7cd20c906297585ebcb0dbbbc60099ecf02a2a91,none,False,False,,,,,0,0,https://api.linked-systems.uk/api/schema-org/dataset/1876626,
1177566,urn:gleaner.io:oih:bodc:data:6402be41a1a2e5175a6a366b95932fde7ec7ab36,none,False,False,,,,,0,0,https://api.linked-systems.uk/api/schema-org/dataset/1177566,
2148178,urn:gleaner.io:oih:bodc:data:a31573ac0d55f98b54aba1c6798b3967d2ba8c64,none,False,False,,,,,0,0,https://api.linked-systems.uk/api/schema-org/dataset/2148178,
1226082,urn:gleaner.io:oih:bodc:data:a785e538e51b06a2fc9edeea694e0e03a65ed718,tier_instrument,False,True,,,,,0,0,https://api.linked-systems.uk/api/schema-org/dataset/1226082,
2148166,urn:gleaner.io:oih:bodc:data:9b6ba5eecb94e02505b6c57136d1b6cf685e72bc,tier1,True,False,DepBelowSurf,https://vocab.nerc.ac.uk/collection/P01/current/ADEPZZ01/,4.9,300,1,0,https://api.linked-systems.uk/api/schema-org/dataset/2148166,
1346987,urn:gleaner.io:oih:bodc:data:b39ab96c673123d8fc3fafe44396ee4d65507b48,tier1,True,False,DepBelowSurf,https://vocab.nerc.ac.uk/collection/P01/current/ADEPZZ01/,5.9,999.5,1,0,https://api.linked-systems.uk/api/schema-org/dataset/1346987,
2115799,urn:gleaner.io:oih:bodc:data:aaaa4358a53a690995d4e92e650c330970e4cec1,tier1,True,False,DepBelowSurf,https://vocab.nerc.ac.uk/collection/P01/current/ADEPZZ01/,8.8,4819.4,1,0,https://api.linked-systems.uk/api/schema-org/dataset/2115799,
1178011,urn:gleaner.io:oih:bodc:data:feaaca45a14f269e06a93fdf47495d5243398da3,none,False,False,,,,,0,0,https://api.linked-systems.uk/api/schema-org/dataset/1178011,
2014795,urn:gleaner.io:oih:bodc:data:428e806e2efb31dee56092a9c0acf51eb5cd7355,none,False,False,,,,,0,0,https://api.linked-systems.uk/api/schema-org/dataset/2014795,
888193,urn:gleaner.io:oih:bodc:data:2a83992f87b0a7cf2f60910c6a52a07febf7a652,none,False,False,,,,,0,0,https://api.linked-systems.uk/api/schema-org/dataset/888193,
2148793,urn:gleaner.io:oih:bodc:data:4d75dd60af8042adb05aca5542918a278e81496d,none,False,False,,,,,0,0,https://api.linked-systems.uk/api/schema-org/dataset/2148793,
1880637,urn:gleaner.io:oih:bodc:data:25e174183b4b390fe54e773c992d5735ad7395eb,tier1,True,False,DepBelowSurf,https://vocab.nerc.ac.uk/collection/P01/current/ADEPZZ01/,5,200,1,0,https://api.linked-systems.uk/api/schema-org/dataset/1880637,
1874318,urn:gleaner.io:oih:bodc:data:0a2e9113bf7c163adcd0538c4332a2af96d35fdb,tier1,True,False,DepBelowSurf,https://vocab.nerc.ac.uk/collection/P01/current/ADEPZZ01/,12.4,4799.1,1,0,https://api.linked-systems.uk/api/schema-org/dataset/1874318,
2048755,urn:gleaner.io:oih:bodc:data:c237c7cb90176ef00bbad3f6d257dbda8068ecdd,none,False,False,,,,,0,0,https://api.linked-systems.uk/api/schema-org/dataset/2048755,
1928059,urn:gleaner.io:oih:bodc:data:1eb6a60c5ecde7dbbe4bda56d8cde00046ebefa1,tier1,True,False,DepBelowSurf,https://vocab.nerc.ac.uk/collection/P01/current/ADEPZZ01/,249.6,497.7,1,0,https://api.linked-systems.uk/api/schema-org/dataset/1928059,
1880822,urn:gleaner.io:oih:bodc:data:377a45ebaca054655ab497a58862e100e1672582,none,False,False,,,,,0,0,https://api.linked-systems.uk/api/schema-org/dataset/1880822,
1177321,urn:gleaner.io:oih:bodc:data:ae2f3dda29c8703d4f4da50ab346d414307a9db7,none,False,False,,,,,0,0,https://api.linked-systems.uk/api/schema-org/dataset/1177321,
1916857,urn:gleaner.io:oih:bodc:data:baa43d4784927642138478425bc4aa0b8230cace,none,False,False,,,,,0,0,https://api.linked-systems.uk/api/schema-org/dataset/1916857,
1347339,urn:gleaner.io:oih:bodc:data:4568dae84b181178530b2bd1436b9171e7407f2c,tier1,True,False,DepBelowSurf,https://vocab.nerc.ac.uk/collection/P01/current/ADEPZZ01/,7.3,202.3,1,0,https://api.linked-systems.uk/api/schema-org/dataset/1347339,
1836821,urn:gleaner.io:oih:bodc:data:6a449fb788d13f7c7ceaf2a482b21e8f7a93650a,none,False,False,,,,,0,0,https://api.linked-systems.uk/api/schema-org/dataset/1836821,
2014709,urn:gleaner.io:oih:bodc:data:4bb689aa6b8279a8c9e31aa239beb05611fd7b69,tier2,False,False,Start_depth,https://vocab.nerc.ac.uk/collection/P01/current/DEPHPRST/,0.99,4819.83,0,1,https://api.linked-systems.uk/api/schema-org/dataset/2014709,
1225969,urn:gleaner.io:oih:bodc:data:0846c586ec4a23553a343ac744ecc50b6276472e,tier_instrument,False,True,,,,,0,0,https://api.linked-systems.uk/api/schema-org/dataset/1225969,
1226149,urn:gleaner.io:oih:bodc:data:5ee6e428fcc191c886ab5ce6ddddb5ad96dc0f18,tier_instrument,False,True,,,,,0,0,https://api.linked-systems.uk/api/schema-org/dataset/1226149,
1170912,urn:gleaner.io:oih:bodc:data:c677ca532b6ab56f0501dcbb723d9b1d55427785,none,False,False,,,,,0,0,https://api.linked-systems.uk/api/schema-org/dataset/1170912,
2148209,urn:gleaner.io:oih:bodc:data:0c0f991772dbebcb89d905ba0ef40237bcfe1d7a,none,False,False,,,,,0,0,https://api.linked-systems.uk/api/schema-org/dataset/2148209,
1347296,urn:gleaner.io:oih:bodc:data:81684b506242402a2c922e91ff9da9b42414fe11,none,False,False,,,,,0,0,https://api.linked-systems.uk/api/schema-org/dataset/1347296,
1171048,urn:gleaner.io:oih:bodc:data:d56b5de417ab37e4ce7307cd5101b55560a03d26,tier2,False,False,BinDep,https://vocab.nerc.ac.uk/collection/P01/current/DBINAA01/,11,407,0,1,https://api.linked-systems.uk/api/schema-org/dataset/1171048,
1177425,urn:gleaner.io:oih:bodc:data:072229c3f6784e5deebcf14cacb56789f6e2d524,none,False,False,,,,,0,0,https://api.linked-systems.uk/api/schema-org/dataset/1177425,
2153525,urn:gleaner.io:oih:bodc:data:f341a77df12a9fb9a8556d2da599009d8132c277,none,False,False,,,,,0,0,https://api.linked-systems.uk/api/schema-org/dataset/2153525,
1989656,urn:gleaner.io:oih:bodc:data:60f272f69ccfc45817496695d017226ab303750c,none,False,False,,,,,0,0,https://api.linked-systems.uk/api/schema-org/dataset/1989656,
1177542,urn:gleaner.io:oih:bodc:data:56795c751e571811a00b34414abe049b4dadc234,none,False,False,,,,,0,0,https://api.linked-systems.uk/api/schema-org/dataset/1177542,
1177370,urn:gleaner.io:oih:bodc:data:fcac9eb681c6b931a53fa1eadbc66b1b429d7963,none,False,False,,,,,0,0,https://api.linked-systems.uk/api/schema-org/dataset/1177370,
1927702,urn:gleaner.io:oih:bodc:data:198418e1b4eb43b493bc0b8dbe46e71feb645797,tier1,True,False,DepBelowSurf,https://vocab.nerc.ac.uk/collection/P01/current/ADEPZZ01/,0,150,1,0,https://api.linked-systems.uk/api/schema-org/dataset/1927702,
2014758,urn:gleaner.io:oih:bodc:data:98daafeaa8111157f116515bb21c7369715fd5ec,tier2,False,False,Start_depth,https://vocab.nerc.ac.uk/collection/P01/current/DEPHPRST/,22.8,4829.52,0,1,https://api.linked-systems.uk/api/schema-org/dataset/2014758,
2115799,urn:gleaner.io:oih:bodc:data:7d609d43457a3a93ce61b87aa7791e0d1f7198a0,tier1,True,False,DepBelowSurf,https://vocab.nerc.ac.uk/collection/P01/current/ADEPZZ01/,8.8,4819.4,1,0,https://api.linked-systems.uk/api/schema-org/dataset/2115799,
1922863,urn:gleaner.io:oih:bodc:data:4ec90c5e88f5dc53ae0fd3185eb4a366f980c4f4,none,False,False,,,,,0,0,https://api.linked-systems.uk/api/schema-org/dataset/1922863,
2111891,urn:gleaner.io:oih:bodc:data:5a30b586b6fccc9c2b0478cecc185a886e260090,tier1,True,False,DepBelowSurf,https://vocab.nerc.ac.uk/collection/P01/current/ADEPZZ01/,40,4800,1,0,https://api.linked-systems.uk/api/schema-org/dataset/2111891,
2148861,urn:gleaner.io:oih:bodc:data:5b082995d0bb2c7d3352d6256b0d32cbc31cb1e0,none,False,False,,,,,0,0,https://api.linked-systems.uk/api/schema-org/dataset/2148861,
888193,urn:gleaner.io:oih:bodc:data:71419e394641bb12fd8e68f8e75a710cbbe7c272,none,False,False,,,,,0,0,https://api.linked-systems.uk/api/schema-org/dataset/888193,
1347303,urn:gleaner.io:oih:bodc:data:8e3610132168a32423caa52b12592a5a3d3ea31a,none,False,False,,,,,0,0,https://api.linked-systems.uk/api/schema-org/dataset/1347303,
2148615,urn:gleaner.io:oih:bodc:data:9ebcff734e64eb6baf82806d7d9a6661237e8c13,none,False,False,,,,,0,0,https://api.linked-systems.uk/api/schema-org/dataset/2148615,
1177867,urn:gleaner.io:oih:bodc:data:8327aef96197503f9798ac6d7b920b0f2dbd70a8,none,False,False,,,,,0,0,https://api.linked-systems.uk/api/schema-org/dataset/1177867,
2148191,urn:gleaner.io:oih:bodc:data:0cc7c0477a3c2ee3ca282b41ba361c2e9eb273cb,tier1,True,False,DepBelowSurf,https://vocab.nerc.ac.uk/collection/P01/current/ADEPZZ01/,5.6,301,1,0,https://api.linked-systems.uk/api/schema-org/dataset/2148191,
1874287,urn:gleaner.io:oih:bodc:data:f5d5de878aa729f777d5a5f6be7664c09ff6f98d,none,False,False,,,,,0,0,https://api.linked-systems.uk/api/schema-org/dataset/1874287,
1177517,urn:gleaner.io:oih:bodc:data:1cd13333c9f4737c4144c3ab1a2ca1f791666803,none,False,False,,,,,0,0,https://api.linked-systems.uk/api/schema-org/dataset/1177517,
2148387,urn:gleaner.io:oih:bodc:data:261f95d3362edbbb2d1f7c6c0f8ccb8add451a03,tier1,True,False,DepBelowSurf,https://vocab.nerc.ac.uk/collection/P01/current/ADEPZZ01/,7.2,102.1,1,0,https://api.linked-systems.uk/api/schema-org/dataset/2148387,
1347063,urn:gleaner.io:oih:bodc:data:f713cee65b3846a288162f8a8ce221289d7531d2,none,False,False,,,,,0,0,https://api.linked-systems.uk/api/schema-org/dataset/1347063,
1177357,urn:gleaner.io:oih:bodc:data:00df8f99f0eb92acd6c1178a2aac5bd7cc656d4d,none,False,False,,,,,0,0,https://api.linked-systems.uk/api/schema-org/dataset/1177357,
1816924,urn:gleaner.io:oih:bodc:data:25d724fe199ed35ed335e70aed2813c56f954c84,none,False,False,,,,,0,0,https://api.linked-systems.uk/api/schema-org/dataset/1816924,
1759960,urn:gleaner.io:oih:bodc:data:b135221ab79cf85b4ab63e6f50c0da3c858499c5,none,False,False,,,,,0,0,https://api.linked-systems.uk/api/schema-org/dataset/1759960,
1816832,urn:gleaner.io:oih:bodc:data:92a3470000a9b5924b68d38b7673b6c540f2e0da,none,False,False,,,,,0,0,https://api.linked-systems.uk/api/schema-org/dataset/1816832,
2148271,urn:gleaner.io:oih:bodc:data:5fc71211560c7fbfb641ad98eea10306854dcb42,tier1,True,False,DepBelowSurf,https://vocab.nerc.ac.uk/collection/P01/current/ADEPZZ01/,6.1,300.7,1,0,https://api.linked-systems.uk/api/schema-org/dataset/2148271,
945170,urn:gleaner.io:oih:bodc:data:2e20ce555901acda48fa97b36d5834c50b7153a2,none,False,False,,,,,0,0,https://api.linked-systems.uk/api/schema-org/dataset/945170,
1927751,urn:gleaner.io:oih:bodc:data:7e45cf18a9c13f89a137ac77a84b8ff4f6bdc3ec,none,False,False,,,,,0,0,https://api.linked-systems.uk/api/schema-org/dataset/1927751,
1225921,urn:gleaner.io:oih:bodc:data:6d10f36f22aeebcc460c8adfc32b9f0b04f437ed,tier_instrument,False,True,,,,,0,0,https://api.linked-systems.uk/api/schema-org/dataset/1225921,
1346999,urn:gleaner.io:oih:bodc:data:4feb10ef96a0501500dd7158f1e71f93e50da4dd,tier1,True,False,DepBelowSurf,https://vocab.nerc.ac.uk/collection/P01/current/ADEPZZ01/,6.3,983,1,0,https://api.linked-systems.uk/api/schema-org/dataset/1346999,
1879556,urn:gleaner.io:oih:bodc:data:ca1a120dcd2f4dd3e1594f559d74489fc52142d6,none,False,False,,,,,0,0,https://api.linked-systems.uk/api/schema-org/dataset/1879556,
1816819,urn:gleaner.io:oih:bodc:data:6565c842b43491b3365b3d5e7fdbbe0c3d19ca2e,none,False,False,,,,,0,0,https://api.linked-systems.uk/api/schema-org/dataset/1816819,
1874299,urn:gleaner.io:oih:bodc:data:df80c4d51a30220ea584e88173e48eabf3a424e3,tier1,True,False,DepBelowSurf,https://vocab.nerc.ac.uk/collection/P01/current/ADEPZZ01/,10,201.3,1,0,https://api.linked-systems.uk/api/schema-org/dataset/1874299,
1177831,urn:gleaner.io:oih:bodc:data:94f9bf2f95ec8910b449aa4c37535f855e6d0ad9,none,False,False,,,,,0,0,https://api.linked-systems.uk/api/schema-org/dataset/1177831,
2148596,urn:gleaner.io:oih:bodc:data:610981077a7fcf7127f2947354d6f4a1111258f7,none,False,False,,,,,0,0,https://api.linked-systems.uk/api/schema-org/dataset/2148596,
1177333,urn:gleaner.io:oih:bodc:data:e77d539e6134cf9530e021a4d0348eca5c4294e4,none,False,False,,,,,0,0,https://api.linked-systems.uk/api/schema-org/dataset/1177333,
1927775,urn:gleaner.io:oih:bodc:data:16d67e4df146fd45bd5d54707310cca206941c72,none,False,False,,,,,0,0,https://api.linked-systems.uk/api/schema-org/dataset/1927775,
1346987,urn:gleaner.io:oih:bodc:data:844f1a0412704326d65c8b3312cdacd9238fbca1,none,False,False,,,,,0,0,https://api.linked-systems.uk/api/schema-org/dataset/1346987,
1170868,urn:gleaner.io:oih:bodc:data:a11c223bb7533f49730fc89b4e9ef5160e67780b,tier2,False,False,BinDep,https://vocab.nerc.ac.uk/collection/P01/current/DBINAA01/,11,407,0,1,https://api.linked-systems.uk/api/schema-org/dataset/1170868,
2004137,urn:gleaner.io:oih:bodc:data:d27774619dfc700ff089c0cb9628238f044d2767,none,False,False,,,,,0,0,https://api.linked-systems.uk/api/schema-org/dataset/2004137,
1225908,urn:gleaner.io:oih:bodc:data:dfa6d91515ffcb1a9be7dc01120986ebd80e7e02,tier_instrument,False,True,,,,,0,0,https://api.linked-systems.uk/api/schema-org/dataset/1225908,
2148768,urn:gleaner.io:oih:bodc:data:f21c36a683388712452e237ce713cffdccbe5d18,tier1,True,False,DepBelowSurf,https://vocab.nerc.ac.uk/collection/P01/current/ADEPZZ01/,25.3,300.3,1,0,https://api.linked-systems.uk/api/schema-org/dataset/2148768,
2046287,urn:gleaner.io:oih:bodc:data:91a22855d8cbf5fe1d5426b5be2fd0a6d4a35ce1,tier1,True,False,DepBelowSurf,https://vocab.nerc.ac.uk/collection/P01/current/ADEPZZ01/,8,204,1,0,https://api.linked-systems.uk/api/schema-org/dataset/2046287,
2107702,urn:gleaner.io:oih:bodc:data:bd10067cca2adca7d1efcad92fe13fd7fb1168ed,none,False,False,,,,,0,0,https://api.linked-systems.uk/api/schema-org/dataset/2107702,
1928188,urn:gleaner.io:oih:bodc:data:174c7fb5c6c0522c0aeb55d408b47bf6bca87b37,none,False,False,,,,,0,0,https://api.linked-systems.uk/api/schema-org/dataset/1928188,
1170820,urn:gleaner.io:oih:bodc:data:a9397c0936e8cfb414255cc1ce403c7bcf02da8d,tier2,False,False,BinDep,https://vocab.nerc.ac.uk/collection/P01/current/DBINAA01/,11,407,0,1,https://api.linked-systems.uk/api/schema-org/dataset/1170820,
1879581,urn:gleaner.io:oih:bodc:data:bf8a191b64174f885a89d40defd32d2c88c2c9c9,none,False,False,,,,,0,0,https://api.linked-systems.uk/api/schema-org/dataset/1879581,
1170740,urn:gleaner.io:oih:bodc:data:c63f0d7f37307f25ccb2f29a4ded1c301e71ed78,none,False,False,,,,,0,0,https://api.linked-systems.uk/api/schema-org/dataset/1170740,
1879636,urn:gleaner.io:oih:bodc:data:d7eef3d035588bd01aef4e0a1be9fc8866007adf,none,False,False,,,,,0,0,https://api.linked-systems.uk/api/schema-org/dataset/1879636,
2027843,urn:gleaner.io:oih:bodc:data:bb25858977d2aeae7a0afcb46c80314fffde463e,none,False,False,,,,,0,0,https://api.linked-systems.uk/api/schema-org/dataset/2027843,
2115787,urn:gleaner.io:oih:bodc:data:54762185701f221eb2cfbd5893648bde08b7dfcc,tier1,True,False,DepBelowSurf,https://vocab.nerc.ac.uk/collection/P01/current/ADEPZZ01/,8,104,1,0,https://api.linked-systems.uk/api/schema-org/dataset/2115787,
1759959,urn:gleaner.io:oih:bodc:data:9712f54dafb3041acc4f0767896cbcc7436af88d,none,False,False,,,,,0,0,https://api.linked-systems.uk/api/schema-org/dataset/1759959,
1928072,urn:gleaner.io:oih:bodc:data:e24524b25f06c3abea97653863d6e62e73612456,tier1,True,False,DepBelowSurf,https://vocab.nerc.ac.uk/collection/P01/current/ADEPZZ01/,28.3,128.9,1,0,https://api.linked-systems.uk/api/schema-org/dataset/1928072,
1177474,urn:gleaner.io:oih:bodc:data:d58b5117bdc096166e993fc4de0c3966ee935a3e,none,False,False,,,,,0,0,https://api.linked-systems.uk/api/schema-org/dataset/1177474,
2119021,urn:gleaner.io:oih:bodc:data:ef88c89f7121a9aa863439ca51b5cd6bd8d351a0,tier1,True,False,DepBelowSurf,https://vocab.nerc.ac.uk/collection/P01/current/ADEPZZ01/,12.2,103.6,1,0,https://api.linked-systems.uk/api/schema-org/dataset/2119021,
1874411,urn:gleaner.io:oih:bodc:data:0732dffd6aa3e44f993cca58af4dc71ec2308338,none,False,False,,,,,0,0,https://api.linked-systems.uk/api/schema-org/dataset/1874411,
1225933,urn:gleaner.io:oih:bodc:data:0ec51148e16221b78c29bdcf5f2921efb54e6e76,tier_instrument,False,True,,,,,0,0,https://api.linked-systems.uk/api/schema-org/dataset/1225933,
2001729,urn:gleaner.io:oih:bodc:data:e50e34c5374da43a687271b67a0ad08805a884b1,tier1,True,False,DepBelowSurf,https://vocab.nerc.ac.uk/collection/P01/current/ADEPZZ01/,9.9,100.6,1,0,https://api.linked-systems.uk/api/schema-org/dataset/2001729,
1929063,urn:gleaner.io:oih:bodc:data:3a9fb3ca4a7556e7d84aa1bedf3d0f078574344f,none,False,False,,,,,0,0,https://api.linked-systems.uk/api/schema-org/dataset/1929063,
2148295,urn:gleaner.io:oih:bodc:data:7d0ffac3f313686b25a0aa4f312447b810033b47,tier1,True,False,DepBelowSurf,https://vocab.nerc.ac.uk/collection/P01/current/ADEPZZ01/,6.3,300.3,1,0,https://api.linked-systems.uk/api/schema-org/dataset/2148295,
1347118,urn:gleaner.io:oih:bodc:data:a479202dd86cf839dc86606b484ee5739de984e6,tier1,True,False,DepBelowSurf,https://vocab.nerc.ac.uk/collection/P01/current/ADEPZZ01/,4.4,100.5,1,0,https://api.linked-systems.uk/api/schema-org/dataset/1347118,
2148836,urn:gleaner.io:oih:bodc:data:584cb03698c6b3633b9896cfd804dc2212410410,none,False,False,,,,,0,0,https://api.linked-systems.uk/api/schema-org/dataset/2148836,
2051787,urn:gleaner.io:oih:bodc:data:17f97abda77bad3d3e3367d7e045b5e8fed4b3e8,tier1,True,False,DepBelowSurf,https://vocab.nerc.ac.uk/collection/P01/current/ADEPZZ01/,6,4705.7,1,0,https://api.linked-systems.uk/api/schema-org/dataset/2051787,
2148547,urn:gleaner.io:oih:bodc:data:9b6981e609eeefcb24216edd0aaa014a6120c0c5,tier1,True,False,DepBelowSurf,https://vocab.nerc.ac.uk/collection/P01/current/ADEPZZ01/,7.3,301.2,1,0,https://api.linked-systems.uk/api/schema-org/dataset/2148547,
1876675,urn:gleaner.io:oih:bodc:data:a512bc3a1d67df028fc39e05b3c1ee0986d00291,tier1,True,False,DepBelowSurf,https://vocab.nerc.ac.uk/collection/P01/current/ADEPZZ01/,3.4,198.9,1,0,https://api.linked-systems.uk/api/schema-org/dataset/1876675,
2105793,urn:gleaner.io:oih:bodc:data:99e51bb8cb2a961f38cf1fdfbe78d12349419509,tier1,True,False,DepBelowSurf,https://vocab.nerc.ac.uk/collection/P01/current/ADEPZZ01/,10.1,995.8,1,0,https://api.linked-systems.uk/api/schema-org/dataset/2105793,
2148246,urn:gleaner.io:oih:bodc:data:3052cc517183bf835668a9dde0b3a7a1079e1576,none,False,False,,,,,0,0,https://api.linked-systems.uk/api/schema-org/dataset/2148246,
2048859,urn:gleaner.io:oih:bodc:data:0288f715f149f4d9e09eac9b7a4ff0ba870b9e39,none,False,False,,,,,0,0,https://api.linked-systems.uk/api/schema-org/dataset/2048859,
2048780,urn:gleaner.io:oih:bodc:data:c180285cfcd3a3523aa68dfa4f83a11a493800bc,tier1,True,False,DepBelowSurf,https://vocab.nerc.ac.uk/collection/P01/current/ADEPZZ01/,13,4757.2,1,0,https://api.linked-systems.uk/api/schema-org/dataset/2048780,
1876699,urn:gleaner.io:oih:bodc:data:7094fff06a65d9f43060a7e0bf570abc94e5d6de,tier1,True,False,DepBelowSurf,https://vocab.nerc.ac.uk/collection/P01/current/ADEPZZ01/,5.1,212.6,1,0,https://api.linked-systems.uk/api/schema-org/dataset/1876699,
2153494,urn:gleaner.io:oih:bodc:data:644d802d83c870dcb4a0d26f006dfef246f47d53,none,False,False,,,,,0,0,https://api.linked-systems.uk/api/schema-org/dataset/2153494,
1177984,urn:gleaner.io:oih:bodc:data:abfaea59cdfd3c31d3f50d9aa00bbdde37f85564,none,False,False,,,,,0,0,https://api.linked-systems.uk/api/schema-org/dataset/1177984,
1177923,urn:gleaner.io:oih:bodc:data:f48d2242039a1ef051fc7dda69aaba531742ad98,none,False,False,,,,,0,0,https://api.linked-systems.uk/api/schema-org/dataset/1177923,
2048860,urn:gleaner.io:oih:bodc:data:3ef098e63a6f7d3112c6e4da3ad0772eb59eb067,none,False,False,,,,,0,0,https://api.linked-systems.uk/api/schema-org/dataset/2048860,
2073261,urn:gleaner.io:oih:bodc:data:409a003a0bdc72d0eec5a1cb0204c1d4cd70acae,none,False,False,,,,,0,0,https://api.linked-systems.uk/api/schema-org/dataset/2073261,
1226137,urn:gleaner.io:oih:bodc:data:ce0665d38f24983bef8f615c9ef16ad043b4c1e0,tier_instrument,False,True,,,,,0,0,https://api.linked-systems.uk/api/schema-org/dataset/1226137,
2048731,urn:gleaner.io:oih:bodc:data:e540e78cd9ed9903faeeefa56abea6a25f98ceff,tier1,True,False,DepBelowSurf,https://vocab.nerc.ac.uk/collection/P01/current/ADEPZZ01/,12.8,202.9,1,0,https://api.linked-systems.uk/api/schema-org/dataset/2048731,
1170912,urn:gleaner.io:oih:bodc:data:fe95d4ac687deaec748e2b7362d8ab87e80ed1f9,tier2,False,False,BinDep,https://vocab.nerc.ac.uk/collection/P01/current/DBINAA01/,11,407,0,1,https://api.linked-systems.uk/api/schema-org/dataset/1170912,
1928011,urn:gleaner.io:oih:bodc:data:2d680709fd968554afa99869f28f2e0a01e69255,tier1,True,False,DepBelowSurf,https://vocab.nerc.ac.uk/collection/P01/current/ADEPZZ01/,,,1,0,https://api.linked-systems.uk/api/schema-org/dataset/1928011,
1346914,urn:gleaner.io:oih:bodc:data:85deef02e63468c13967635a9f7f447db859fe75,none,False,False,,,,,0,0,https://api.linked-systems.uk/api/schema-org/dataset/1346914,
876407,urn:gleaner.io:oih:bodc:data:74dfcbf05f9a5afa23d8def0f9d713b2150e4fad,none,False,False,,,,,0,0,https://api.linked-systems.uk/api/schema-org/dataset/876407,
1874367,urn:gleaner.io:oih:bodc:data:b6329699137c418b6fceff78c856c6e53e46f516,none,False,False,,,,,0,0,https://api.linked-systems.uk/api/schema-org/dataset/1874367,
2107843,urn:gleaner.io:oih:bodc:data:0bba423209b1749d4d2006b9837b5321501488f4,none,False,False,,,,,0,0,https://api.linked-systems.uk/api/schema-org/dataset/2107843,
1816856,urn:gleaner.io:oih:bodc:data:26ae3d82d8be59631c792a433faeaf2f5c8ace6d,tier2,False,False,Start_depth,https://vocab.nerc.ac.uk/collection/P01/current/DEPHPRST/,2.97,415.03,0,1,https://api.linked-systems.uk/api/schema-org/dataset/1816856,
2148953,urn:gleaner.io:oih:bodc:data:bbee6d26357ad7cb71eade00575dde5d153c83a5,none,False,False,,,,,0,0,https://api.linked-systems.uk/api/schema-org/dataset/2148953,
2051763,urn:gleaner.io:oih:bodc:data:7f29ab0da4b9f2e3e24be6a23345d0d87fda3ccc,none,False,False,,,,,0,0,https://api.linked-systems.uk/api/schema-org/dataset/2051763,
2004174,urn:gleaner.io:oih:bodc:data:90f5c139d6fc502ecd5c9a0621d742d441f5525e,tier1,True,False,DepBelowSurf,https://vocab.nerc.ac.uk/collection/P01/current/ADEPZZ01/,9.7,4705.6,1,0,https://api.linked-systems.uk/api/schema-org/dataset/2004174,
1347002,urn:gleaner.io:oih:bodc:data:aca51838697c3805f90d613b76dca43f6a16a034,none,False,False,,,,,0,0,https://api.linked-systems.uk/api/schema-org/dataset/1347002,
1347075,urn:gleaner.io:oih:bodc:data:99573c269c0c37200025f7b3c8a29596ee324703,tier1,True,False,DepBelowSurf,https://vocab.nerc.ac.uk/collection/P01/current/ADEPZZ01/,7,2000.4,1,0,https://api.linked-systems.uk/api/schema-org/dataset/1347075,
2107867,urn:gleaner.io:oih:bodc:data:3770c6e0c2231409ce43c165db3ff4c81acb61b4,tier1,True,False,DepBelowSurf,https://vocab.nerc.ac.uk/collection/P01/current/ADEPZZ01/,25,200,1,0,https://api.linked-systems.uk/api/schema-org/dataset/2107867,
2148258,urn:gleaner.io:oih:bodc:data:de204fb4727c0ec63565287cd9fdf45d2d30c797,tier1,True,False,DepBelowSurf,https://vocab.nerc.ac.uk/collection/P01/current/ADEPZZ01/,5.3,300.4,1,0,https://api.linked-systems.uk/api/schema-org/dataset/2148258,
1922851,urn:gleaner.io:oih:bodc:data:1f851773615019c72d205ae1a5b269971eb6eed3,none,False,False,,,,,0,0,https://api.linked-systems.uk/api/schema-org/dataset/1922851,
1225865,urn:gleaner.io:oih:bodc:data:001e63b3049aa06a2127b6e2fe9ec64b3a146380,tier_instrument,False,True,,,,,0,0,https://api.linked-systems.uk/api/schema-org/dataset/1225865,
2148492,urn:gleaner.io:oih:bodc:data:2e4e6a8f3d2151d4061095cdfdbfbcb05dbaab09,none,False,False,,,,,0,0,https://api.linked-systems.uk/api/schema-org/dataset/2148492,
1916869,urn:gleaner.io:oih:bodc:data:af01d4a77f6ece39d2a579cf8303c406d7859bf7,none,False,False,,,,,0,0,https://api.linked-systems.uk/api/schema-org/dataset/1916869,
1778785,urn:gleaner.io:oih:bodc:data:3472306c4a5a5390def2b7cf9203144b57a7a3a7,none,False,False,,,,,0,0,https://api.linked-systems.uk/api/schema-org/dataset/1778785,
2153470,urn:gleaner.io:oih:bodc:data:13ceae85f9596a647e4f512f0edbf21d0e1e4ba3,none,False,False,,,,,0,0,https://api.linked-systems.uk/api/schema-org/dataset/2153470,
2046171,urn:gleaner.io:oih:bodc:data:02dfd7a3286343e9e37f61e6be26400fa413a779,tier1,True,False,DepBelowSurf,https://vocab.nerc.ac.uk/collection/P01/current/ADEPZZ01/,14.2,99.2,1,0,https://api.linked-systems.uk/api/schema-org/dataset/2046171,
2148873,urn:gleaner.io:oih:bodc:data:41e2e9079a5428f123cf0db412ed92c4c267b3e2,tier1,True,False,DepBelowSurf,https://vocab.nerc.ac.uk/collection/P01/current/ADEPZZ01/,6.4,301.8,1,0,https://api.linked-systems.uk/api/schema-org/dataset/2148873,
1347192,urn:gleaner.io:oih:bodc:data:53f073353b437b85860bfbbaca019f87619a6575,none,False,False,,,,,0,0,https://api.linked-systems.uk/api/schema-org/dataset/1347192,
1874380,urn:gleaner.io:oih:bodc:data:2986b87d611610c6c184e04634e6730f12138f1f,none,False,False,,,,,0,0,https://api.linked-systems.uk/api/schema-org/dataset/1874380,
2048731,urn:gleaner.io:oih:bodc:data:370825b48e84f2920854b054f7007c75e0b15d0c,none,False,False,,,,,0,0,https://api.linked-systems.uk/api/schema-org/dataset/2048731,
1851006,urn:gleaner.io:oih:bodc:data:0f6ca843dcb0ceb4dfa40112e0ed48228e2f8f09,none,False,False,,,,,0,0,https://api.linked-systems.uk/api/schema-org/dataset/1851006,
1916894,urn:gleaner.io:oih:bodc:data:467cd9f7ebdd4eb5d44c639456b89c73f6c701b6,none,False,False,,,,,0,0,https://api.linked-systems.uk/api/schema-org/dataset/1916894,
1880742,urn:gleaner.io:oih:bodc:data:4b2cd6ff358da82156f8c66ef3ab88bc677188c6,none,False,False,,,,,0,0,https://api.linked-systems.uk/api/schema-org/dataset/1880742,
1916913,urn:gleaner.io:oih:bodc:data:66bff435fc65c32903ad2d7fc483d4f32537a8d0,none,False,False,,,,,0,0,https://api.linked-systems.uk/api/schema-org/dataset/1916913,
2148222,urn:gleaner.io:oih:bodc:data:277dce120afdb390a57f0a526cb28d3c72a64a64,tier1,True,False,DepBelowSurf,https://vocab.nerc.ac.uk/collection/P01/current/ADEPZZ01/,50.2,300,1,0,https://api.linked-systems.uk/api/schema-org/dataset/2148222,
2148098,urn:gleaner.io:oih:bodc:data:7862def67669a568a7a26e3bb6db6d9b724bd8e3,none,False,False,,,,,0,0,https://api.linked-systems.uk/api/schema-org/dataset/2148098,
1879648,urn:gleaner.io:oih:bodc:data:88d915ed5dbd3469d00b95d39788ea4218a62106,tier1,True,False,DepBelowSurf,https://vocab.nerc.ac.uk/collection/P01/current/ADEPZZ01/,,,1,0,https://api.linked-systems.uk/api/schema-org/dataset/1879648,
2110678,urn:gleaner.io:oih:bodc:data:916606806a8d7f7fa89e73dce24c514de641bb94,tier1,True,False,DepBelowSurf,https://vocab.nerc.ac.uk/collection/P01/current/ADEPZZ01/,4.8,209.1,1,0,https://api.linked-systems.uk/api/schema-org/dataset/2110678,
2148793,urn:gleaner.io:oih:bodc:data:2d85d672e5c40934817b543a1825d06c5cfad04b,tier1,True,False,DepBelowSurf,https://vocab.nerc.ac.uk/collection/P01/current/ADEPZZ01/,6.1,300.7,1,0,https://api.linked-systems.uk/api/schema-org/dataset/2148793,
1927867,urn:gleaner.io:oih:bodc:data:60df7be856e2d3bb791f2b7ef68f5db09b0fc01a,tier1,True,False,DepBelowSurf,https://vocab.nerc.ac.uk/collection/P01/current/ADEPZZ01/,3,200,1,0,https://api.linked-systems.uk/api/schema-org/dataset/1927867,
1347179,urn:gleaner.io:oih:bodc:data:8032ed2e18bfc98abb07d8996f546cecc0fbe086,none,False,False,,,,,0,0,https://api.linked-systems.uk/api/schema-org/dataset/1347179,
1347099,urn:gleaner.io:oih:bodc:data:94e7f8a6896273d917c0a8dadd7ff6f71a64e172,tier1,True,False,DepBelowSurf,https://vocab.nerc.ac.uk/collection/P01/current/ADEPZZ01/,5.4,997.6,1,0,https://api.linked-systems.uk/api/schema-org/dataset/1347099,
2051880,urn:gleaner.io:oih:bodc:data:9b00737d798b2e968470daa45316e9d490f3f463,none,False,False,,,,,0,0,https://api.linked-systems.uk/api/schema-org/dataset/2051880,
2118969,urn:gleaner.io:oih:bodc:data:c344fd0bcfc2bc4d7163f2086ac7061883ddacc6,none,False,False,,,,,0,0,https://api.linked-systems.uk/api/schema-org/dataset/2118969,
2148584,urn:gleaner.io:oih:bodc:data:d76150dd1b026c12aca7b8f057850ff25e9e5e5c,tier1,True,False,DepBelowSurf,https://vocab.nerc.ac.uk/collection/P01/current/ADEPZZ01/,6,301,1,0,https://api.linked-systems.uk/api/schema-org/dataset/2148584,
2014802,urn:gleaner.io:oih:bodc:data:f6d5398710eff83c86d3d6b8b3a9d5d51528fc14,none,False,False,,,,,0,0,https://api.linked-systems.uk/api/schema-org/dataset/2014802,
2148142,urn:gleaner.io:oih:bodc:data:135ae13a2cc402460df2875a8609944f7d8b3bda,tier1,True,False,DepBelowSurf,https://vocab.nerc.ac.uk/collection/P01/current/ADEPZZ01/,7.1,302.2,1,0,https://api.linked-systems.uk/api/schema-org/dataset/2148142,
2004198,urn:gleaner.io:oih:bodc:data:853269a3244cc9c69b62e42029a0e036f49ac010,tier1,True,False,DepBelowSurf,https://vocab.nerc.ac.uk/collection/P01/current/ADEPZZ01/,9.7,4729.6,1,0,https://api.linked-systems.uk/api/schema-org/dataset/2004198,
2046238,urn:gleaner.io:oih:bodc:data:f8728b774b4a3126615900df2e268671c6af5414,none,False,False,,,,,0,0,https://api.linked-systems.uk/api/schema-org/dataset/2046238,
1346938,urn:gleaner.io:oih:bodc:data:49703dd438c3345ae0956d153f6c9f5baeedbe6d,none,False,False,,,,,0,0,https://api.linked-systems.uk/api/schema-org/dataset/1346938,
1170985,urn:gleaner.io:oih:bodc:data:1dcb8a1be95808abdc1db3ab3446a47bf50ea9fd,tier2,False,False,BinDep,https://vocab.nerc.ac.uk/collection/P01/current/DBINAA01/,11,407,0,1,https://api.linked-systems.uk/api/schema-org/dataset/1170985,
888132,urn:gleaner.io:oih:bodc:data:7d0a66a97872e034da7b993db20505c8346d04e7,none,False,False,,,,,0,0,https://api.linked-systems.uk/api/schema-org/dataset/888132,
2107775,urn:gleaner.io:oih:bodc:data:ae5534d223864cb9e193a52b05fbdd7ceab941cc,tier1,True,False,DepBelowSurf,https://vocab.nerc.ac.uk/collection/P01/current/ADEPZZ01/,15,200,1,0,https://api.linked-systems.uk/api/schema-org/dataset/2107775,
2107806,urn:gleaner.io:oih:bodc:data:330e21c600e5af927f2c5632fd7cd94699f4d371,tier1,True,False,DepBelowSurf,https://vocab.nerc.ac.uk/collection/P01/current/ADEPZZ01/,21,80,1,0,https://api.linked-systems.uk/api/schema-org/dataset/2107806,
1975716,urn:gleaner.io:oih:bodc:data:297dc7448d5ee7ffb18f8f15e00a79ab378577dd,none,False,False,,,,,0,0,https://api.linked-systems.uk/api/schema-org/dataset/1975716,
2014722,urn:gleaner.io:oih:bodc:data:de72437f442cf528258f014f3c817c4f5750b868,tier2,False,False,Start_depth,https://vocab.nerc.ac.uk/collection/P01/current/DEPHPRST/,38.67,4829.52,0,1,https://api.linked-systems.uk/api/schema-org/dataset/2014722,
1177726,urn:gleaner.io:oih:bodc:data:ad7ff6fd891656cdf33dbcdc0d6f31fa21337ce3,none,False,False,,,,,0,0,https://api.linked-systems.uk/api/schema-org/dataset/1177726,
1177843,urn:gleaner.io:oih:bodc:data:5c090f94f308e33b70eda5d8bb6f1e8729199546,none,False,False,,,,,0,0,https://api.linked-systems.uk/api/schema-org/dataset/1177843,
2074701,urn:gleaner.io:oih:bodc:data:622c687f776215926b5c0d1d6a884f818eb42360,none,False,False,,,,,0,0,https://api.linked-systems.uk/api/schema-org/dataset/2074701,
2014783,urn:gleaner.io:oih:bodc:data:b891b1bdb3bbeed53ea8e87f3d9e7fec05d66371,tier2,False,False,Start_depth,https://vocab.nerc.ac.uk/collection/P01/current/DEPHPRST/,20.82,4827.58,0,1,https://api.linked-systems.uk/api/schema-org/dataset/2014783,
2148756,urn:gleaner.io:oih:bodc:data:c859abde97b0077bb81c9d7e69c2a03102337488,none,False,False,,,,,0,0,https://api.linked-systems.uk/api/schema-org/dataset/2148756,
1350753,urn:gleaner.io:oih:bodc:data:4d86440e2042b0fa5add4564a14336d50ad1d028,none,False,False,,,,,0,0,https://api.linked-systems.uk/api/schema-org/dataset/1350753,
1880698,urn:gleaner.io:oih:bodc:data:72a64caebfa21eed671333e073645e77ab5e2937,none,False,False,,,,,0,0,https://api.linked-systems.uk/api/schema-org/dataset/1880698,
2107818,urn:gleaner.io:oih:bodc:data:df3647af8b8f1c53388efcdc857e1e68eb901b59,tier1,True,False,DepBelowSurf,https://vocab.nerc.ac.uk/collection/P01/current/ADEPZZ01/,25,200,1,0,https://api.linked-systems.uk/api/schema-org/dataset/2107818,
2051738,urn:gleaner.io:oih:bodc:data:4db58f89816d5bec36a3254ca14b1efbdc5dca34,none,False,False,,,,,0,0,https://api.linked-systems.uk/api/schema-org/dataset/2051738,
1880742,urn:gleaner.io:oih:bodc:data:e35447198f2919ddd4427d8e40f85b6061af7a95,none,False,False,,,,,0,0,https://api.linked-systems.uk/api/schema-org/dataset/1880742,
2107751,urn:gleaner.io:oih:bodc:data:5f1d4ab53eaca160f88dcbd9cf5601950be32ee0,tier1,True,False,DepBelowSurf,https://vocab.nerc.ac.uk/collection/P01/current/ADEPZZ01/,25,200,1,0,https://api.linked-systems.uk/api/schema-org/dataset/2107751,
1928152,urn:gleaner.io:oih:bodc:data:cc9d10a4847e3fc1a2fcc647d358f03a0d07973b,none,False,False,,,,,0,0,https://api.linked-systems.uk/api/schema-org/dataset/1928152,
1874318,urn:gleaner.io:oih:bodc:data:0935a864ffbc7eb619bad16a1623b7da7ddf9781,none,False,False,,,,,0,0,https://api.linked-systems.uk/api/schema-org/dataset/1874318,
2148603,urn:gleaner.io:oih:bodc:data:74c859820acf3c4136098dddf4a2feaacff7d04d,none,False,False,,,,,0,0,https://api.linked-systems.uk/api/schema-org/dataset/2148603,
2148406,urn:gleaner.io:oih:bodc:data:d8b0aef742b150b94d4a91cc0c0f7131ec150f12,none,False,False,,,,,0,0,https://api.linked-systems.uk/api/schema-org/dataset/2148406,
1759923,urn:gleaner.io:oih:bodc:data:99c827893b8729b63cce1afc4c3f1160e7ded088,none,False,False,,,,,0,0,https://api.linked-systems.uk/api/schema-org/dataset/1759923,
2148800,urn:gleaner.io:oih:bodc:data:e4eb19896f514ecd6694973b0b1e7eca3c9aa2f2,tier1,True,False,DepBelowSurf,https://vocab.nerc.ac.uk/collection/P01/current/ADEPZZ01/,6.4,301.4,1,0,https://api.linked-systems.uk/api/schema-org/dataset/2148800,
1880686,urn:gleaner.io:oih:bodc:data:e8b9eca88a943b8407b6a20923e1be5c8588c76b,none,False,False,,,,,0,0,https://api.linked-systems.uk/api/schema-org/dataset/1880686,
2048743,urn:gleaner.io:oih:bodc:data:2c289444b540186521593469654ef0c2d10e969c,none,False,False,,,,,0,0,https://api.linked-systems.uk/api/schema-org/dataset/2048743,
1347026,urn:gleaner.io:oih:bodc:data:8522fc4683867fdfc168f1f899a50b8c576a3983,none,False,False,,,,,0,0,https://api.linked-systems.uk/api/schema-org/dataset/1347026,
1177425,urn:gleaner.io:oih:bodc:data:9079a39b339075d85a4a4b4d7f56dc3eae0c21cf,none,False,False,,,,,0,0,https://api.linked-systems.uk/api/schema-org/dataset/1177425,
888200,urn:gleaner.io:oih:bodc:data:3fdace6201500de0c6e50d1877a083112d8392c3,none,False,False,,,,,0,0,https://api.linked-systems.uk/api/schema-org/dataset/888200,
1226070,urn:gleaner.io:oih:bodc:data:257b7c8d7347b110ca62a7ecd0f4e303dab16091,none,False,False,,,,,0,0,https://api.linked-systems.uk/api/schema-org/dataset/1226070,
2148603,urn:gleaner.io:oih:bodc:data:6767cf042095b74d4b3e8beec41a89e2625c8277,tier1,True,False,DepBelowSurf,https://vocab.nerc.ac.uk/collection/P01/current/ADEPZZ01/,5.8,300.9,1,0,https://api.linked-systems.uk/api/schema-org/dataset/2148603,
2014980,urn:gleaner.io:oih:bodc:data:bc2da857d488cb8145f3053b61819e2d68d28277,none,False,False,,,,,0,0,https://api.linked-systems.uk/api/schema-org/dataset/2014980,
2051738,urn:gleaner.io:oih:bodc:data:55229aff8b6c6c8d60d9d1c45bd275fdb2a4f5e5,none,False,False,,,,,0,0,https://api.linked-systems.uk/api/schema-org/dataset/2051738,
2026643,urn:gleaner.io:oih:bodc:data:9afbb6a6106cda7cc3792554c200e3b5b2c6230c,none,False,False,,,,,0,0,https://api.linked-systems.uk/api/schema-org/dataset/2026643,
2148941,urn:gleaner.io:oih:bodc:data:a324ad3fdd08284e6b19ddd04a8889f2c2823553,none,False,False,,,,,0,0,https://api.linked-systems.uk/api/schema-org/dataset/2148941,
888120,urn:gleaner.io:oih:bodc:data:ce1fffe6343998c6a51cd9a362e66dae61b924f2,none,False,False,,,,,0,0,https://api.linked-systems.uk/api/schema-org/dataset/888120,
2148363,urn:gleaner.io:oih:bodc:data:2ba867c1c44de576b83cf1838362e4c907f07feb,none,False,False,,,,,0,0,https://api.linked-systems.uk/api/schema-org/dataset/2148363,
2014678,urn:gleaner.io:oih:bodc:data:1821b46d575b8927c4da0706bef44687c14bd72e,tier2,False,False,Start_depth,https://vocab.nerc.ac.uk/collection/P01/current/DEPHPRST/,12.89,104.08,0,1,https://api.linked-systems.uk/api/schema-org/dataset/2014678,
2046275,urn:gleaner.io:oih:bodc:data:3874287f71e42771cb454e9212ae6d3da010b43f,none,False,False,,,,,0,0,https://api.linked-systems.uk/api/schema-org/dataset/2046275,
2118957,urn:gleaner.io:oih:bodc:data:42e3a0c074aa884fe551647a1f8661dfe25684cf,none,False,False,,,,,0,0,https://api.linked-systems.uk/api/schema-org/dataset/2118957,
2138774,urn:gleaner.io:oih:bodc:data:89a07af2bafb20d9cf849c7c7ea5fee185a3fef2,tier1,True,False,DepBelowSurf,https://vocab.nerc.ac.uk/collection/P01/current/ADEPZZ01/,12.2,102.6,1,0,https://api.linked-systems.uk/api/schema-org/dataset/2138774,
1225982,urn:gleaner.io:oih:bodc:data:ab3b43ceb6015e3d9140eb4de2eb9b87ace35778,tier_instrument,False,True,,,,,0,0,https://api.linked-systems.uk/api/schema-org/dataset/1225982,
1177787,urn:gleaner.io:oih:bodc:data:b0da4e84d1b91df880fb1b6a1f5aefe673c8e436,none,False,False,,,,,0,0,https://api.linked-systems.uk/api/schema-org/dataset/1177787,
2148873,urn:gleaner.io:oih:bodc:data:374063b3b33b13368bb0a2b3756424a5e8c5b39b,tier1,True,False,DepBelowSurf,https://vocab.nerc.ac.uk/collection/P01/current/ADEPZZ01/,6.4,301.8,1,0,https://api.linked-systems.uk/api/schema-org/dataset/2148873,
888119,urn:gleaner.io:oih:bodc:data:beb5f66899f933c7ca1e0f720079987be64d42b6,none,False,False,,,,,0,0,https://api.linked-systems.uk/api/schema-org/dataset/888119,
2148443,urn:gleaner.io:oih:bodc:data:f6f5d1d12e1ac9495666b7f0af87380f38ebf4ed,tier1,True,False,DepBelowSurf,https://vocab.nerc.ac.uk/collection/P01/current/ADEPZZ01/,,,1,0,https://api.linked-systems.uk/api/schema-org/dataset/2148443,
1170844,urn:gleaner.io:oih:bodc:data:9d83d43b0e4d591701b64f20bc29a75dfe228d9a,none,False,False,,,,,0,0,https://api.linked-systems.uk/api/schema-org/dataset/1170844,
1880729,urn:gleaner.io:oih:bodc:data:6925f01be1aa189d8df1abf65bee68225078bcfd,tier1,True,False,DepBelowSurf,https://vocab.nerc.ac.uk/collection/P01/current/ADEPZZ01/,3,90,1,0,https://api.linked-systems.uk/api/schema-org/dataset/1880729,
1989619,urn:gleaner.io:oih:bodc:data:9a86a6f48896833b7a98c08f4c08d926ad1a1612,none,False,False,,,,,0,0,https://api.linked-systems.uk/api/schema-org/dataset/1989619,
1347247,urn:gleaner.io:oih:bodc:data:01ac23e5bdeadd686c46f86c7bdee55f29791ef0,tier1,True,False,DepBelowSurf,https://vocab.nerc.ac.uk/collection/P01/current/ADEPZZ01/,5.4,996.5,1,0,https://api.linked-systems.uk/api/schema-org/dataset/1347247,
1171097,urn:gleaner.io:oih:bodc:data:235389128f88acfd7fc37407fba93d8b4d403a3b,tier2,False,False,BinDep,https://vocab.nerc.ac.uk/collection/P01/current/DBINAA01/,11,407,0,1,https://api.linked-systems.uk/api/schema-org/dataset/1171097,
1177806,urn:gleaner.io:oih:bodc:data:e7d4f2c0e81ee8952a2f977995673eb74abc2f50,none,False,False,,,,,0,0,https://api.linked-systems.uk/api/schema-org/dataset/1177806,
1177308,urn:gleaner.io:oih:bodc:data:87c87ac1b2c583528e61bcc236390565e75a4792,none,False,False,,,,,0,0,https://api.linked-systems.uk/api/schema-org/dataset/1177308,
2048780,urn:gleaner.io:oih:bodc:data:abaac6b44eda556b6a80b15e8db1dbbc0c750a6e,none,False,False,,,,,0,0,https://api.linked-systems.uk/api/schema-org/dataset/2048780,
1916857,urn:gleaner.io:oih:bodc:data:f6df7a553605775f5083d916de053df1664ccf79,tier1,True,False,DepBelowSurf,https://vocab.nerc.ac.uk/collection/P01/current/ADEPZZ01/,5,4827.9,1,0,https://api.linked-systems.uk/api/schema-org/dataset/1916857,
1989620,urn:gleaner.io:oih:bodc:data:2420d3051308b19a9098b10807c09f6ac62f0dc0,tier1,True,False,DepBelowSurf,https://vocab.nerc.ac.uk/collection/P01/current/ADEPZZ01/,9.9,199.4,1,0,https://api.linked-systems.uk/api/schema-org/dataset/1989620,
1874343,urn:gleaner.io:oih:bodc:data:f8559c329382fde6e5e310481cb0da6a068ef7b3,tier1,True,False,DepBelowSurf,https://vocab.nerc.ac.uk/collection/P01/current/ADEPZZ01/,5,100,1,0,https://api.linked-systems.uk/api/schema-org/dataset/1874343,
1880834,urn:gleaner.io:oih:bodc:data:157effd0755765c46e9677bc6c202e89fb438cb0,tier1,True,False,DepBelowSurf,https://vocab.nerc.ac.uk/collection/P01/current/ADEPZZ01/,2,200,1,0,https://api.linked-systems.uk/api/schema-org/dataset/1880834,
2148418,urn:gleaner.io:oih:bodc:data:d14845dbd94cea9df33851e44e454df4030997e7,none,False,False,,,,,0,0,https://api.linked-systems.uk/api/schema-org/dataset/2148418,
1851006,urn:gleaner.io:oih:bodc:data:d4e8b983d91143a9ccad02b8e7055a2c7e380312,none,False,False,,,,,0,0,https://api.linked-systems.uk/api/schema-org/dataset/1851006,
1226113,urn:gleaner.io:oih:bodc:data:e48a25a0782b744e6d0ed42c9b4545b7e6d5ec92,none,False,False,,,,,0,0,https://api.linked-systems.uk/api/schema-org/dataset/1226113,
2046331,urn:gleaner.io:oih:bodc:data:4feb71859b417bffceb8bf1ec7ca11552b6c48ac,tier1,True,False,DepBelowSurf,https://vocab.nerc.ac.uk/collection/P01/current/ADEPZZ01/,13.6,4758,1,0,https://api.linked-systems.uk/api/schema-org/dataset/2046331,
2051879,urn:gleaner.io:oih:bodc:data:01883a70ec96769e60dde736bb9521516f5753bc,tier1,True,False,DepBelowSurf,https://vocab.nerc.ac.uk/collection/P01/current/ADEPZZ01/,8.4,4706.6,1,0,https://api.linked-systems.uk/api/schema-org/dataset/2051879,
2046392,urn:gleaner.io:oih:bodc:data:114f9e5a2e728c39d426616f9a0b578762006743,none,False,False,,,,,0,0,https://api.linked-systems.uk/api/schema-org/dataset/2046392,
2115806,urn:gleaner.io:oih:bodc:data:327c10514f3801c5b2a1f7db393347316ae867aa,none,False,False,,,,,0,0,https://api.linked-systems.uk/api/schema-org/dataset/2115806,
2001649,urn:gleaner.io:oih:bodc:data:022101d28a73a83b329a0b25fb497d4b7ab2dcdf,none,False,False,,,,,0,0,https://api.linked-systems.uk/api/schema-org/dataset/2001649,
1346951,urn:gleaner.io:oih:bodc:data:e5b14e10d1501ca7f6c8bff05b95592fe85f5c7b,tier1,True,False,DepBelowSurf,https://vocab.nerc.ac.uk/collection/P01/current/ADEPZZ01/,6.4,1000.7,1,0,https://api.linked-systems.uk/api/schema-org/dataset/1346951,
1839394,urn:gleaner.io:oih:bodc:data:5ec3695a037d7da8c22764a26800f772f6be3b88,none,False,False,,,,,0,0,https://api.linked-systems.uk/api/schema-org/dataset/1839394,
1927787,urn:gleaner.io:oih:bodc:data:b8782095c53048be7f4bb80d2c3385c50ca308a2,tier1,True,False,DepBelowSurf,https://vocab.nerc.ac.uk/collection/P01/current/ADEPZZ01/,3,90,1,0,https://api.linked-systems.uk/api/schema-org/dataset/1927787,
2051867,urn:gleaner.io:oih:bodc:data:e56775cf0866aacfa60f1f20f68ff5513f0d3de5,none,False,False,,,,,0,0,https://api.linked-systems.uk/api/schema-org/dataset/2051867,
2110691,urn:gleaner.io:oih:bodc:data:ab8f43874462d6ecda55c235d610c80d42e89fea,none,False,False,,,,,0,0,https://api.linked-systems.uk/api/schema-org/dataset/2110691,
1171104,urn:gleaner.io:oih:bodc:data:f1d0a778943fc6ecd16bd5790ac4e4ca2374b0c0,tier2,False,False,BinDep,https://vocab.nerc.ac.uk/collection/P01/current/DBINAA01/,11,407,0,1,https://api.linked-systems.uk/api/schema-org/dataset/1171104,
2048792,urn:gleaner.io:oih:bodc:data:a2d5a2dbfa58610cb3fe167dcb85303cf0b5ae01,tier1,True,False,DepBelowSurf,https://vocab.nerc.ac.uk/collection/P01/current/ADEPZZ01/,12,4755,1,0,https://api.linked-systems.uk/api/schema-org/dataset/2048792,
1171036,urn:gleaner.io:oih:bodc:data:2dd41fe5c3450c9a5090370e03b7a189d5c39ae5,none,False,False,,,,,0,0,https://api.linked-systems.uk/api/schema-org/dataset/1171036,
1170912,urn:gleaner.io:oih:bodc:data:52bccf4068cf219c07bf3f8705b7e8a2e10719e1,none,False,False,,,,,0,0,https://api.linked-systems.uk/api/schema-org/dataset/1170912,
1880729,urn:gleaner.io:oih:bodc:data:848772ae285a894cb82db87ddefeb38b700fa889,tier1,True,False,DepBelowSurf,https://vocab.nerc.ac.uk/collection/P01/current/ADEPZZ01/,3,90,1,0,https://api.linked-systems.uk/api/schema-org/dataset/1880729,
1880625,urn:gleaner.io:oih:bodc:data:81e6b78f987262bc888b16b003416263bc317fa3,tier1,True,False,DepBelowSurf,https://vocab.nerc.ac.uk/collection/P01/current/ADEPZZ01/,3,200,1,0,https://api.linked-systems.uk/api/schema-org/dataset/1880625,
2046202,urn:gleaner.io:oih:bodc:data:201df27a34c354f211f6c86fab36f76e53f6bed4,tier1,True,False,DepBelowSurf,https://vocab.nerc.ac.uk/collection/P01/current/ADEPZZ01/,12.6,1001.5,1,0,https://api.linked-systems.uk/api/schema-org/dataset/2046202,
2148283,urn:gleaner.io:oih:bodc:data:4402c7846900b9a65f1e453030766f7ea91b8195,tier1,True,False,DepBelowSurf,https://vocab.nerc.ac.uk/collection/P01/current/ADEPZZ01/,6.4,301.4,1,0,https://api.linked-systems.uk/api/schema-org/dataset/2148283,
1928059,urn:gleaner.io:oih:bodc:data:9e1937c784421598e6d0dd356366b052c321bcb4,none,False,False,,,,,0,0,https://api.linked-systems.uk/api/schema-org/dataset/1928059,
1177554,urn:gleaner.io:oih:bodc:data:e0cf3982ae13e9cfa325d1e2f00aee0d78396f72,none,False,False,,,,,0,0,https://api.linked-systems.uk/api/schema-org/dataset/1177554,
2001686,urn:gleaner.io:oih:bodc:data:e74b18f328a7c0b9d413e8a46fefb577cbfff574,tier1,True,False,DepBelowSurf,https://vocab.nerc.ac.uk/collection/P01/current/ADEPZZ01/,9.4,4733,1,0,https://api.linked-systems.uk/api/schema-org/dataset/2001686,
876493,urn:gleaner.io:oih:bodc:data:cf0691276600f822c46aa617eb05de5b7f02e24d,none,False,False,,,,,0,0,https://api.linked-systems.uk/api/schema-org/dataset/876493,
1350741,urn:gleaner.io:oih:bodc:data:050ec65a005c747de649704a4cdcd6d4d680495a,tier1,True,False,DepBelowSurf,https://vocab.nerc.ac.uk/collection/P01/current/ADEPZZ01/,6.7,29.5,1,0,https://api.linked-systems.uk/api/schema-org/dataset/1350741,
2148584,urn:gleaner.io:oih:bodc:data:29ac5b9d9b5c4086f108e80f4e618e3b84830018,none,False,False,,,,,0,0,https://api.linked-systems.uk/api/schema-org/dataset/2148584,
2046994,urn:gleaner.io:oih:bodc:data:39df8ef34adfce189ea21c31dedbb5807cb04245,none,False,False,,,,,0,0,https://api.linked-systems.uk/api/schema-org/dataset/2046994,
1171085,urn:gleaner.io:oih:bodc:data:bac4f50be9a8424a28a8004710fa11a0db4d0eeb,tier2,False,False,BinDep,https://vocab.nerc.ac.uk/collection/P01/current/DBINAA01/,11,407,0,1,https://api.linked-systems.uk/api/schema-org/dataset/1171085,
2138749,urn:gleaner.io:oih:bodc:data:5e39f823be5be886edb36170d04c91e984f0a418,tier1,True,False,DepBelowSurf,https://vocab.nerc.ac.uk/collection/P01/current/ADEPZZ01/,11.6,101.9,1,0,https://api.linked-systems.uk/api/schema-org/dataset/2138749,
2110710,urn:gleaner.io:oih:bodc:data:07042058e4f948b23758f279374a64d7e5ff0f14,tier1,True,False,DepBelowSurf,https://vocab.nerc.ac.uk/collection/P01/current/ADEPZZ01/,5.1,212.6,1,0,https://api.linked-systems.uk/api/schema-org/dataset/2110710,
1226291,urn:gleaner.io:oih:bodc:data:8db95f34a1adfcc58e7e79bcea602fcfb4fb9629,none,False,False,,,,,0,0,https://api.linked-systems.uk/api/schema-org/dataset/1226291,
2148768,urn:gleaner.io:oih:bodc:data:199af6895e963ad9cbf1f00d83e3c1511b2d46ac,none,False,False,,,,,0,0,https://api.linked-systems.uk/api/schema-org/dataset/2148768,
1225841,urn:gleaner.io:oih:bodc:data:1233b5d9650aee5ebda84db19304ecfbcefb0655,tier_instrument,False,True,,,,,0,0,https://api.linked-systems.uk/api/schema-org/dataset/1225841,
876512,urn:gleaner.io:oih:bodc:data:8a519a138717145061a273722970e09c588948b2,none,False,False,,,,,0,0,https://api.linked-systems.uk/api/schema-org/dataset/876512,
1880742,urn:gleaner.io:oih:bodc:data:31b8c61501352ca8d62923da2cffa42dd53986aa,none,False,False,,,,,0,0,https://api.linked-systems.uk/api/schema-org/dataset/1880742,
1225877,urn:gleaner.io:oih:bodc:data:b659470ebea929933860b96fc0f36948a098b382,none,False,False,,,,,0,0,https://api.linked-systems.uk/api/schema-org/dataset/1225877,
1171104,urn:gleaner.io:oih:bodc:data:38e850f93cfba4a648ce006c11620bebb773daaf,none,False,False,,,,,0,0,https://api.linked-systems.uk/api/schema-org/dataset/1171104,
1927738,urn:gleaner.io:oih:bodc:data:cc19e085bcf86cf557c89f4a6bbd960f01595db7,tier1,True,False,DepBelowSurf,https://vocab.nerc.ac.uk/collection/P01/current/ADEPZZ01/,5,150,1,0,https://api.linked-systems.uk/api/schema-org/dataset/1927738,
1928987,urn:gleaner.io:oih:bodc:data:e7445b3a1248fb80ab76c83112bc86a74a8e30c4,none,False,False,,,,,0,0,https://api.linked-systems.uk/api/schema-org/dataset/1928987,
1989700,urn:gleaner.io:oih:bodc:data:16866d75e5a7a72ce6273843eb287d1747d83a9d,tier1,True,False,DepBelowSurf,https://vocab.nerc.ac.uk/collection/P01/current/ADEPZZ01/,9.9,100.6,1,0,https://api.linked-systems.uk/api/schema-org/dataset/1989700,
1225804,urn:gleaner.io:oih:bodc:data:270f3f4afaff194595846e7257a683bb6692f6f8,tier_instrument,False,True,,,,,0,0,https://api.linked-systems.uk/api/schema-org/dataset/1225804,
1927751,urn:gleaner.io:oih:bodc:data:ff09669267b6073ccef02c39e2291a8b58d32853,none,False,False,,,,,0,0,https://api.linked-systems.uk/api/schema-org/dataset/1927751,
876493,urn:gleaner.io:oih:bodc:data:87e327de80cb346f86696f4b6ffcd8dbdd9f10b0,none,False,False,,,,,0,0,https://api.linked-systems.uk/api/schema-org/dataset/876493,
1171073,urn:gleaner.io:oih:bodc:data:13ed2bd1bac9fa1f2c2bd1c4420d5db179c1958f,none,False,False,,,,,0,0,https://api.linked-systems.uk/api/schema-org/dataset/1171073,
1927935,urn:gleaner.io:oih:bodc:data:5692f304a8ef3deb565908e44c587ae46f1ec883,none,False,False,,,,,0,0,https://api.linked-systems.uk/api/schema-org/dataset/1927935,
2048779,urn:gleaner.io:oih:bodc:data:4a78b21c4fe867dd1b5de4dda84423e4dda4b14f,none,False,False,,,,,0,0,https://api.linked-systems.uk/api/schema-org/dataset/2048779,
2115867,urn:gleaner.io:oih:bodc:data:c1c4c0b84fb9c28368a9a193779ce438bc2d9a2b,tier1,True,False,DepBelowSurf,https://vocab.nerc.ac.uk/collection/P01/current/ADEPZZ01/,5.2,101,1,0,https://api.linked-systems.uk/api/schema-org/dataset/2115867,
2153549,urn:gleaner.io:oih:bodc:data:6179bd86c3f10f015244a0cc77cf03cd6f75a438,tier1,True,False,DepBelowSurf,https://vocab.nerc.ac.uk/collection/P01/current/ADEPZZ01/,10,4827,1,0,https://api.linked-systems.uk/api/schema-org/dataset/2153549,
2014758,urn:gleaner.io:oih:bodc:data:41b79e089ddac222efd19455ef303d0a084dec9d,tier2,False,False,Start_depth,https://vocab.nerc.ac.uk/collection/P01/current/DEPHPRST/,22.8,4829.52,0,1,https://api.linked-systems.uk/api/schema-org/dataset/2014758,
1226266,urn:gleaner.io:oih:bodc:data:9a87cbd4a7e60581ac6613ecea963692a3499fcb,tier_instrument,False,True,,,,,0,0,https://api.linked-systems.uk/api/schema-org/dataset/1226266,
2148283,urn:gleaner.io:oih:bodc:data:6f6a0b5e196afe68b2f7ed519414895df21c5158,tier1,True,False,DepBelowSurf,https://vocab.nerc.ac.uk/collection/P01/current/ADEPZZ01/,6.4,301.4,1,0,https://api.linked-systems.uk/api/schema-org/dataset/2148283,
2105781,urn:gleaner.io:oih:bodc:data:5dcba83d563123480de0ce4d71374653e062bbc8,none,False,False,,,,,0,0,https://api.linked-systems.uk/api/schema-org/dataset/2105781,
2048811,urn:gleaner.io:oih:bodc:data:148c27acaa3144516ee46fa79955d1051006ce9c,none,False,False,,,,,0,0,https://api.linked-systems.uk/api/schema-org/dataset/2048811,
1839401,urn:gleaner.io:oih:bodc:data:35b14c37c80b49669b3730c0bfa7f7147d09afb5,none,False,False,,,,,0,0,https://api.linked-systems.uk/api/schema-org/dataset/1839401,
1927867,urn:gleaner.io:oih:bodc:data:8431d3b3ff5bf941851f886c99587b90218e56bf,none,False,False,,,,,0,0,https://api.linked-systems.uk/api/schema-org/dataset/1927867,
2148664,urn:gleaner.io:oih:bodc:data:738cba8739cd889f2d4f7489d2f3d51ec7d9deab,none,False,False,,,,,0,0,https://api.linked-systems.uk/api/schema-org/dataset/2148664,
2014783,urn:gleaner.io:oih:bodc:data:528f79dbf48f9d602585b6dec6ac91e61e88f61f,none,False,False,,,,,0,0,https://api.linked-systems.uk/api/schema-org/dataset/2014783,
2046202,urn:gleaner.io:oih:bodc:data:abbb37da28f7af634661fbd26b2051b5a8bb86df,tier1,True,False,DepBelowSurf,https://vocab.nerc.ac.uk/collection/P01/current/ADEPZZ01/,12.6,1001.5,1,0,https://api.linked-systems.uk/api/schema-org/dataset/2046202,
1816893,urn:gleaner.io:oih:bodc:data:4f7e738d977f97d9ab4d599199d658c9571ffa37,tier2,False,False,Start_depth,https://vocab.nerc.ac.uk/collection/P01/current/DEPHPRST/,4.96,4829.52,0,1,https://api.linked-systems.uk/api/schema-org/dataset/1816893,
2148443,urn:gleaner.io:oih:bodc:data:fc3eca5ccd55824eb03a015b45caaeadd20f1ee1,tier1,True,False,DepBelowSurf,https://vocab.nerc.ac.uk/collection/P01/current/ADEPZZ01/,,,1,0,https://api.linked-systems.uk/api/schema-org/dataset/2148443,
1350741,urn:gleaner.io:oih:bodc:data:c69d64ce09fd4b92a996bd65888a445f3694e9d1,none,False,False,,,,,0,0,https://api.linked-systems.uk/api/schema-org/dataset/1350741,
1880698,urn:gleaner.io:oih:bodc:data:fd61ecb2c9a3d5242eded50921a43fc90cef3716,tier1,True,False,DepBelowSurf,https://vocab.nerc.ac.uk/collection/P01/current/ADEPZZ01/,2,65,1,0,https://api.linked-systems.uk/api/schema-org/dataset/1880698,
1874275,urn:gleaner.io:oih:bodc:data:0fbff31d64b9780a64038610c77a8164209765d8,none,False,False,,,,,0,0,https://api.linked-systems.uk/api/schema-org/dataset/1874275,
2148885,urn:gleaner.io:oih:bodc:data:44bfd326374fa27932d1cff48dcc3e77be6f9768,none,False,False,,,,,0,0,https://api.linked-systems.uk/api/schema-org/dataset/2148885,
1928035,urn:gleaner.io:oih:bodc:data:0cf58e7565414e76f9633c882f1f2bc78b57260e,none,False,False,,,,,0,0,https://api.linked-systems.uk/api/schema-org/dataset/1928035,
1874355,urn:gleaner.io:oih:bodc:data:d5f0be994031604d476cd08c2a2377daf5e9703e,none,False,False,,,,,0,0,https://api.linked-systems.uk/api/schema-org/dataset/1874355,
1225816,urn:gleaner.io:oih:bodc:data:d4b91f38fc623d6cd416c3f03f35fbf6023cf2c9,tier_instrument,False,True,,,,,0,0,https://api.linked-systems.uk/api/schema-org/dataset/1225816,
1177714,urn:gleaner.io:oih:bodc:data:48524bd5c58cdf23649b2e189b739b49aac85f0a,none,False,False,,,,,0,0,https://api.linked-systems.uk/api/schema-org/dataset/1177714,
2148191,urn:gleaner.io:oih:bodc:data:e5beb4bf1ee2d57e07dfd248fd53909d37ad2df1,tier1,True,False,DepBelowSurf,https://vocab.nerc.ac.uk/collection/P01/current/ADEPZZ01/,5.6,301,1,0,https://api.linked-systems.uk/api/schema-org/dataset/2148191,
1177370,urn:gleaner.io:oih:bodc:data:8bb904e8c422330d698ed34be8984f90ecb5153b,none,False,False,,,,,0,0,https://api.linked-systems.uk/api/schema-org/dataset/1177370,
1346975,urn:gleaner.io:oih:bodc:data:846c4ee8f453761b84a75e84e0e335f79fdad7eb,none,False,False,,,,,0,0,https://api.linked-systems.uk/api/schema-org/dataset/1346975,
1922838,urn:gleaner.io:oih:bodc:data:e29e2fdffff6320aa786e63d44dd28de55cea3ac,none,False,False,,,,,0,0,https://api.linked-systems.uk/api/schema-org/dataset/1922838,
2046970,urn:gleaner.io:oih:bodc:data:66d7b6b8d74889ad57cff1074d1439f091fcb7d3,tier2,False,False,BathyDepES_ISL,https://vocab.nerc.ac.uk/collection/P01/current/MBANZZ01/,,,0,1,https://api.linked-systems.uk/api/schema-org/dataset/2046970,
2026667,urn:gleaner.io:oih:bodc:data:7ce6a9759091a08249676510e75cc0c94226541c,none,False,False,,,,,0,0,https://api.linked-systems.uk/api/schema-org/dataset/2026667,
1989619,urn:gleaner.io:oih:bodc:data:4f74ecbcef67f81ddf11a169dee2cf3640174d60,tier1,True,False,DepBelowSurf,https://vocab.nerc.ac.uk/collection/P01/current/ADEPZZ01/,9.1,4734.4,1,0,https://api.linked-systems.uk/api/schema-org/dataset/1989619,
1170776,urn:gleaner.io:oih:bodc:data:73280c53a6af42b339a39368320d1bff61fe2d76,none,False,False,,,,,0,0,https://api.linked-systems.uk/api/schema-org/dataset/1170776,
1226266,urn:gleaner.io:oih:bodc:data:da4c58db2cc16eed22daba8a235e874d4210d425,tier_instrument,False,True,,,,,0,0,https://api.linked-systems.uk/api/schema-org/dataset/1226266,
2148105,urn:gleaner.io:oih:bodc:data:9a943f7d9a2d214c908a8085c79f02677134eb24,none,False,False,,,,,0,0,https://api.linked-systems.uk/api/schema-org/dataset/2148105,
2051726,urn:gleaner.io:oih:bodc:data:ed8201c4d628ef0ae320bad8661f202a50ff25cc,tier1,True,False,DepBelowSurf,https://vocab.nerc.ac.uk/collection/P01/current/ADEPZZ01/,6,300.3,1,0,https://api.linked-systems.uk/api/schema-org/dataset/2051726,
1880649,urn:gleaner.io:oih:bodc:data:e4ee9f63c91cede453c7860b22075e7264e9fce6,none,False,False,,,,,0,0,https://api.linked-systems.uk/api/schema-org/dataset/1880649,
1177401,urn:gleaner.io:oih:bodc:data:6f7f5f62236cd75df22b27d59d763df9c1725275,none,False,False,,,,,0,0,https://api.linked-systems.uk/api/schema-org/dataset/1177401,
1171000,urn:gleaner.io:oih:bodc:data:b51e698deb53cd896e61669a4ad0383f7bcad5aa,none,False,False,,,,,0,0,https://api.linked-systems.uk/api/schema-org/dataset/1171000,
1177591,urn:gleaner.io:oih:bodc:data:ca48380e7796e481f46d53933c5fcb1a417924a3,none,False,False,,,,,0,0,https://api.linked-systems.uk/api/schema-org/dataset/1177591,
1347087,urn:gleaner.io:oih:bodc:data:b3b827a4c8c334036170e5d6ed50f1de58ae6f43,none,False,False,,,,,0,0,https://api.linked-systems.uk/api/schema-org/dataset/1347087,
2012069,urn:gleaner.io:oih:bodc:data:f8a940227097522e91df899efeab91eb554c4b53,none,False,False,,,,,0,0,https://api.linked-systems.uk/api/schema-org/dataset/2012069,
1839413,urn:gleaner.io:oih:bodc:data:f847e910cb358bc0c42e2a1bc73b0ff1c54afe4f,none,False,False,,,,,0,0,https://api.linked-systems.uk/api/schema-org/dataset/1839413,
1350753,urn:gleaner.io:oih:bodc:data:98359523968ef940c9d69ea4e5bf0f136c66b30d,tier1,True,False,DepBelowSurf,https://vocab.nerc.ac.uk/collection/P01/current/ADEPZZ01/,,,1,0,https://api.linked-systems.uk/api/schema-org/dataset/1350753,
2153562,urn:gleaner.io:oih:bodc:data:bc79155492e749ca54cc0947b3d0af5952b88e93,tier1,True,False,DepBelowSurf,https://vocab.nerc.ac.uk/collection/P01/current/ADEPZZ01/,5,100,1,0,https://api.linked-systems.uk/api/schema-org/dataset/2153562,
2138737,urn:gleaner.io:oih:bodc:data:8017ec92888b9762b724a0330006886689951785,tier1,True,False,DepBelowSurf,https://vocab.nerc.ac.uk/collection/P01/current/ADEPZZ01/,12.9,103,1,0,https://api.linked-systems.uk/api/schema-org/dataset/2138737,
2148719,urn:gleaner.io:oih:bodc:data:36037a4482fc5128f7f71e04d7088d88767cc435,tier1,True,False,DepBelowSurf,https://vocab.nerc.ac.uk/collection/P01/current/ADEPZZ01/,5.6,50.6,1,0,https://api.linked-systems.uk/api/schema-org/dataset/2148719,
1928084,urn:gleaner.io:oih:bodc:data:6ed57128f3906125e269f28415c4d237ef7fc158,tier1,True,False,DepBelowSurf,https://vocab.nerc.ac.uk/collection/P01/current/ADEPZZ01/,4.7,49.2,1,0,https://api.linked-systems.uk/api/schema-org/dataset/1928084,
2148861,urn:gleaner.io:oih:bodc:data:732e37129e2e76adf29075498b98bd604b1de950,tier1,True,False,DepBelowSurf,https://vocab.nerc.ac.uk/collection/P01/current/ADEPZZ01/,6.3,301.4,1,0,https://api.linked-systems.uk/api/schema-org/dataset/2148861,
1170985,urn:gleaner.io:oih:bodc:data:775d0f14e8b13ccfc0ec3ab16d5bd81e07386bab,tier2,False,False,BinDep,https://vocab.nerc.ac.uk/collection/P01/current/DBINAA01/,11,407,0,1,https://api.linked-systems.uk/api/schema-org/dataset/1170985,
2148210,urn:gleaner.io:oih:bodc:data:8f14056529ac26145c534e4b488846d0d6a0e0ae,none,False,False,,,,,0,0,https://api.linked-systems.uk/api/schema-org/dataset/2148210,
1347167,urn:gleaner.io:oih:bodc:data:a5ec63f19428c8dbde18fc24b2174093005c5d15,tier1,True,False,DepBelowSurf,https://vocab.nerc.ac.uk/collection/P01/current/ADEPZZ01/,6.6,1000.4,1,0,https://api.linked-systems.uk/api/schema-org/dataset/1347167,
2046275,urn:gleaner.io:oih:bodc:data:a61a7d89c3c75331bf1f63263277dee8f9238373,tier1,True,False,DepBelowSurf,https://vocab.nerc.ac.uk/collection/P01/current/ADEPZZ01/,12.4,4755.9,1,0,https://api.linked-systems.uk/api/schema-org/dataset/2046275,
2014758,urn:gleaner.io:oih:bodc:data:a8502a3270ea2c51b9f8e289d71a2f26df3c97bf,tier2,False,False,Start_depth,https://vocab.nerc.ac.uk/collection/P01/current/DEPHPRST/,22.8,4829.52,0,1,https://api.linked-systems.uk/api/schema-org/dataset/2014758,
1879581,urn:gleaner.io:oih:bodc:data:a7f69f7203822baf2f45dedfe6258acce64fc83c,tier1,True,False,DepBelowSurf,https://vocab.nerc.ac.uk/collection/P01/current/ADEPZZ01/,11.3,4814.9,1,0,https://api.linked-systems.uk/api/schema-org/dataset/1879581,
1874331,urn:gleaner.io:oih:bodc:data:9243779b684b7f7aad86b3b73fae7162b402cdff,tier1,True,False,DepBelowSurf,https://vocab.nerc.ac.uk/collection/P01/current/ADEPZZ01/,10.5,2495.3,1,0,https://api.linked-systems.uk/api/schema-org/dataset/1874331,
2153501,urn:gleaner.io:oih:bodc:data:994d33819593078b11aabb52be51ba62070d8e92,tier1,True,False,DepBelowSurf,https://vocab.nerc.ac.uk/collection/P01/current/ADEPZZ01/,5,4810,1,0,https://api.linked-systems.uk/api/schema-org/dataset/2153501,
1177892,urn:gleaner.io:oih:bodc:data:dc3bd82e6a12788be864dfa718ffd79369e44a75,none,False,False,,,,,0,0,https://api.linked-systems.uk/api/schema-org/dataset/1177892,
1177290,urn:gleaner.io:oih:bodc:data:eb25a8d59c079fe9352c6f1b770bf64198660358,none,False,False,,,,,0,0,https://api.linked-systems.uk/api/schema-org/dataset/1177290,
1928035,urn:gleaner.io:oih:bodc:data:86c03820bbb79b4b903be627500a80c0fe41bbc0,none,False,False,,,,,0,0,https://api.linked-systems.uk/api/schema-org/dataset/1928035,
1083405,urn:gleaner.io:oih:bodc:data:6d11a247a3d391e9702fb3483ee437eca52f7831,none,False,False,,,,,0,0,https://api.linked-systems.uk/api/schema-org/dataset/1083405,
2148812,urn:gleaner.io:oih:bodc:data:95d832f59b9e0f6b3490e967c4da026275e20277,tier1,True,False,DepBelowSurf,https://vocab.nerc.ac.uk/collection/P01/current/ADEPZZ01/,6.3,300.3,1,0,https://api.linked-systems.uk/api/schema-org/dataset/2148812,
2148086,urn:gleaner.io:oih:bodc:data:f24969e37aa6f22d8a3a4c4a708ef16e82b6a0c4,tier1,True,False,DepBelowSurf,https://vocab.nerc.ac.uk/collection/P01/current/ADEPZZ01/,5.8,300.9,1,0,https://api.linked-systems.uk/api/schema-org/dataset/2148086,
1927763,urn:gleaner.io:oih:bodc:data:bb29ff66072871a8ea9cdb25235d6c8d1c91ad98,none,False,False,,,,,0,0,https://api.linked-systems.uk/api/schema-org/dataset/1927763,
1177394,urn:gleaner.io:oih:bodc:data:048c4bd9f2d0092276b0cfac085520eaa2654f99,none,False,False,,,,,0,0,https://api.linked-systems.uk/api/schema-org/dataset/1177394,
2012069,urn:gleaner.io:oih:bodc:data:2d5fad09900cba112a5c17b6c39ae9112d19f7d4,none,False,False,,,,,0,0,https://api.linked-systems.uk/api/schema-org/dataset/2012069,
1347388,urn:gleaner.io:oih:bodc:data:9727920fbd4f34bde784b90ef4db1ef39d0d513e,none,False,False,,,,,0,0,https://api.linked-systems.uk/api/schema-org/dataset/1347388,
1929014,urn:gleaner.io:oih:bodc:data:dbb6074853b9c40dfa4886816767f7ab1a384765,none,False,False,,,,,0,0,https://api.linked-systems.uk/api/schema-org/dataset/1929014,
2148916,urn:gleaner.io:oih:bodc:data:9bb93486372d56281757d86809b0780e38bc1439,none,False,False,,,,,0,0,https://api.linked-systems.uk/api/schema-org/dataset/2148916,
2014758,urn:gleaner.io:oih:bodc:data:0adbcf07e1a45be7def9cc02a8807c11380cf85e,none,False,False,,,,,0,0,https://api.linked-systems.uk/api/schema-org/dataset/2014758,
1816856,urn:gleaner.io:oih:bodc:data:d5cd23bede129ce3893b613d04c077e6e611921a,none,False,False,,,,,0,0,https://api.linked-systems.uk/api/schema-org/dataset/1816856,
1177530,urn:gleaner.io:oih:bodc:data:719d7d3497f59b8654939a7be76b9a65e796bc18,none,False,False,,,,,0,0,https://api.linked-systems.uk/api/schema-org/dataset/1177530,
1922826,urn:gleaner.io:oih:bodc:data:1c736307529b14eb7a0c169bd00e2885f0dcd2c4,none,False,False,,,,,0,0,https://api.linked-systems.uk/api/schema-org/dataset/1922826,
1226094,urn:gleaner.io:oih:bodc:data:d9926964f5954e64251a6f12dd20754c987e08bd,tier_instrument,False,True,,,,,0,0,https://api.linked-systems.uk/api/schema-org/dataset/1226094,
1170924,urn:gleaner.io:oih:bodc:data:6b9d705b5d0e915362ef5ef1e788b10daa7dc8ce,none,False,False,,,,,0,0,https://api.linked-systems.uk/api/schema-org/dataset/1170924,
1874411,urn:gleaner.io:oih:bodc:data:938690bc26f29adea558ea48ab9dbb4c57b69c3d,tier1,True,False,DepBelowSurf,https://vocab.nerc.ac.uk/collection/P01/current/ADEPZZ01/,10,4829,1,0,https://api.linked-systems.uk/api/schema-org/dataset/1874411,
1922838,urn:gleaner.io:oih:bodc:data:59b23306b28d5828f96635b440f2f9caf5f46dbb,none,False,False,,,,,0,0,https://api.linked-systems.uk/api/schema-org/dataset/1922838,
2115867,urn:gleaner.io:oih:bodc:data:8d14f7d42a5f92687d392f71edcbe7a58dd2c9a1,tier1,True,False,DepBelowSurf,https://vocab.nerc.ac.uk/collection/P01/current/ADEPZZ01/,5.2,101,1,0,https://api.linked-systems.uk/api/schema-org/dataset/2115867,
1759960,urn:gleaner.io:oih:bodc:data:6d3f0e72750172b4e54f21bcd5ed8121bf2c8783,none,False,False,,,,,0,0,https://api.linked-systems.uk/api/schema-org/dataset/1759960,
1759959,urn:gleaner.io:oih:bodc:data:5979e943979853668139f710adc16508329ea654,none,False,False,,,,,0,0,https://api.linked-systems.uk/api/schema-org/dataset/1759959,
2051726,urn:gleaner.io:oih:bodc:data:30c2b799400986ca1d834ae4e39fa126bb4f3794,none,False,False,,,,,0,0,https://api.linked-systems.uk/api/schema-org/dataset/2051726,
1225982,urn:gleaner.io:oih:bodc:data:a0944b8913b9e5d59d6dd6da043de53f68cc5ea0,tier_instrument,False,True,,,,,0,0,https://api.linked-systems.uk/api/schema-org/dataset/1225982,
1927763,urn:gleaner.io:oih:bodc:data:2583ce9cf98e873159921282693cde1109a32fb6,none,False,False,,,,,0,0,https://api.linked-systems.uk/api/schema-org/dataset/1927763,
2148399,urn:gleaner.io:oih:bodc:data:a318856e92b518b571e32824692ae6be2407adac,tier1,True,False,DepBelowSurf,https://vocab.nerc.ac.uk/collection/P01/current/ADEPZZ01/,5.5,100.5,1,0,https://api.linked-systems.uk/api/schema-org/dataset/2148399,
2111891,urn:gleaner.io:oih:bodc:data:54b71bb4b379559f996f4a80dcad1d5dbbc98621,tier1,True,False,DepBelowSurf,https://vocab.nerc.ac.uk/collection/P01/current/ADEPZZ01/,40,4800,1,0,https://api.linked-systems.uk/api/schema-org/dataset/2111891,
2027855,urn:gleaner.io:oih:bodc:data:447e497fc6d43a6b53a7d9bebc3c9f6de31e962a,tier2,False,False,SFPG,https://vocab.nerc.ac.uk/collection/P01/current/DEPHFP01/,,,0,1,https://api.linked-systems.uk/api/schema-org/dataset/2027855,
2046299,urn:gleaner.io:oih:bodc:data:54799fe17ad56ff2c714db4133178600a231545e,none,False,False,,,,,0,0,https://api.linked-systems.uk/api/schema-org/dataset/2046299,
2048718,urn:gleaner.io:oih:bodc:data:b7f4157cde7fda4092b6250c13fb52d53aa142ee,tier1,True,False,DepBelowSurf,https://vocab.nerc.ac.uk/collection/P01/current/ADEPZZ01/,13.6,4758,1,0,https://api.linked-systems.uk/api/schema-org/dataset/2048718,
1171116,urn:gleaner.io:oih:bodc:data:ae327bb6cb00e05dd8659f5447009b1666f5f113,none,False,False,,,,,0,0,https://api.linked-systems.uk/api/schema-org/dataset/1171116,
1927996,urn:gleaner.io:oih:bodc:data:ff87a2d92eaf80c6033cce53bc54871002e7af5b,none,False,False,,,,,0,0,https://api.linked-systems.uk/api/schema-org/dataset/1927996,
2110678,urn:gleaner.io:oih:bodc:data:f096adb643bbbf9e3350fccef82b3ab4361bf4eb,tier1,True,False,DepBelowSurf,https://vocab.nerc.ac.uk/collection/P01/current/ADEPZZ01/,4.8,209.1,1,0,https://api.linked-systems.uk/api/schema-org/dataset/2110678,
2110654,urn:gleaner.io:oih:bodc:data:c4a9624e990641ffde3475b8bccb6cf0e8ea91ff,none,False,False,,,,,0,0,https://api.linked-systems.uk/api/schema-org/dataset/2110654,
2118982,urn:gleaner.io:oih:bodc:data:96bcdc90a3034181ff369c933c6f130295cb1004,tier1,True,False,DepBelowSurf,https://vocab.nerc.ac.uk/collection/P01/current/ADEPZZ01/,21.6,2997.6,1,0,https://api.linked-systems.uk/api/schema-org/dataset/2118982,
2148406,urn:gleaner.io:oih:bodc:data:596fd7da34049801639718d2bda482c6d2e54293,tier1,True,False,DepBelowSurf,https://vocab.nerc.ac.uk/collection/P01/current/ADEPZZ01/,4.9,99.4,1,0,https://api.linked-systems.uk/api/schema-org/dataset/2148406,
1177855,urn:gleaner.io:oih:bodc:data:bedae5e747910aece005c2675861e4d33b458c08,none,False,False,,,,,0,0,https://api.linked-systems.uk/api/schema-org/dataset/1177855,
1170868,urn:gleaner.io:oih:bodc:data:289f3171bac6816dfff430537f6ef3c08fd51802,none,False,False,,,,,0,0,https://api.linked-systems.uk/api/schema-org/dataset/1170868,
2051763,urn:gleaner.io:oih:bodc:data:2fae7a15c8f564295df3e742f4c6bdb39828a37e,tier1,True,False,DepBelowSurf,https://vocab.nerc.ac.uk/collection/P01/current/ADEPZZ01/,8.4,82.4,1,0,https://api.linked-systems.uk/api/schema-org/dataset/2051763,
,urn:gleaner.io:oih:bodc:data:2a8f3089afc0f70a685fb528a02769271ead47aa,none,False,False,,,,,0,0,https://gleaner.io/xid/genid/d5qsvdcih1qc738aosr0,
2073248,urn:gleaner.io:oih:bodc:data:2267a2a8f75047fe65f2bca0dfb5c992be64a6d8,none,False,False,,,,,0,0,https://api.linked-systems.uk/api/schema-org/dataset/2073248,
1880810,urn:gleaner.io:oih:bodc:data:5d4b2980e569d77bf009307be26ec9568b525413,none,False,False,,,,,0,0,https://api.linked-systems.uk/api/schema-org/dataset/1880810,
2004217,urn:gleaner.io:oih:bodc:data:79f7821514114bf19bb83b4613efc5df81bfce76,none,False,False,,,,,0,0,https://api.linked-systems.uk/api/schema-org/dataset/2004217,
2048823,urn:gleaner.io:oih:bodc:data:0c6b2566e0ed11470dfe3174da9c138b84710785,tier1,True,False,DepBelowSurf,https://vocab.nerc.ac.uk/collection/P01/current/ADEPZZ01/,8,204,1,0,https://api.linked-systems.uk/api/schema-org/dataset/2048823,
1226008,urn:gleaner.io:oih:bodc:data:0403059e3ece146aa861232e7ef4a41618fbb101,none,False,False,,,,,0,0,https://api.linked-systems.uk/api/schema-org/dataset/1226008,
2110710,urn:gleaner.io:oih:bodc:data:57f3a896fd3ff05bb6f0be772a29e240958441d1,tier1,True,False,DepBelowSurf,https://vocab.nerc.ac.uk/collection/P01/current/ADEPZZ01/,5.1,212.6,1,0,https://api.linked-systems.uk/api/schema-org/dataset/2110710,
1916925,urn:gleaner.io:oih:bodc:data:863dca44dca3e97d31534f52141e7ff0f32f85a4,tier1,True,False,DepBelowSurf,https://vocab.nerc.ac.uk/collection/P01/current/ADEPZZ01/,5.1,4827.5,1,0,https://api.linked-systems.uk/api/schema-org/dataset/1916925,
1177413,urn:gleaner.io:oih:bodc:data:9c9e89be8535447d296204d24ab4bda956298c72,none,False,False,,,,,0,0,https://api.linked-systems.uk/api/schema-org/dataset/1177413,
1759923,urn:gleaner.io:oih:bodc:data:1628c2b165fa1d6ec425555b1dafaa33ae8b041b,none,False,False,,,,,0,0,https://api.linked-systems.uk/api/schema-org/dataset/1759923,
2048847,urn:gleaner.io:oih:bodc:data:00129c9cdf6724b2fbbd3742ee205cd136dd4b2d,none,False,False,,,,,0,0,https://api.linked-systems.uk/api/schema-org/dataset/2048847,
1225945,urn:gleaner.io:oih:bodc:data:8c35499d18b6e4b226732541051bd09e99c04877,tier_instrument,False,True,,,,,0,0,https://api.linked-systems.uk/api/schema-org/dataset/1225945,
2138701,urn:gleaner.io:oih:bodc:data:d6d2a3f9d64e2292b24e0bd212c6e97a203bfb5f,tier1,True,False,DepBelowSurf,https://vocab.nerc.ac.uk/collection/P01/current/ADEPZZ01/,19.7,99.2,1,0,https://api.linked-systems.uk/api/schema-org/dataset/2138701,
2013000,urn:gleaner.io:oih:bodc:data:7c802f4c0214af74d2e3a7c27e5623ad75a16c28,tier_instrument,False,True,,,,,0,0,https://api.linked-systems.uk/api/schema-org/dataset/2013000,
1347315,urn:gleaner.io:oih:bodc:data:2f5caab55d75cda4b5ff384d0e06135ecaa32947,tier1,True,False,DepBelowSurf,https://vocab.nerc.ac.uk/collection/P01/current/ADEPZZ01/,15.7,212.2,1,0,https://api.linked-systems.uk/api/schema-org/dataset/1347315,
1226137,urn:gleaner.io:oih:bodc:data:6185bbcfeefde19d671aa4859bd8771ff4555cc2,none,False,False,,,,,0,0,https://api.linked-systems.uk/api/schema-org/dataset/1226137,
2153586,urn:gleaner.io:oih:bodc:data:266c0d3feb4ed20744c242d41febe04b1c764147,none,False,False,,,,,0,0,https://api.linked-systems.uk/api/schema-org/dataset/2153586,
1876675,urn:gleaner.io:oih:bodc:data:c5bcd8fab4c8ac8cf8e4a2f8e3cceaeaf66169b3,none,False,False,,,,,0,0,https://api.linked-systems.uk/api/schema-org/dataset/1876675,
1928035,urn:gleaner.io:oih:bodc:data:50b7be44f2128ac95bda896dd01270d168da31cb,tier1,True,False,DepBelowSurf,https://vocab.nerc.ac.uk/collection/P01/current/ADEPZZ01/,11.3,51.9,1,0,https://api.linked-systems.uk/api/schema-org/dataset/1928035,
1347352,urn:gleaner.io:oih:bodc:data:11e97fa77e37168bd1dcca0003d82eae9034c2d7,tier1,True,False,DepBelowSurf,https://vocab.nerc.ac.uk/collection/P01/current/ADEPZZ01/,6,151.5,1,0,https://api.linked-systems.uk/api/schema-org/dataset/1347352,
2148904,urn:gleaner.io:oih:bodc:data:70462a1692cd8a8597f1b00274616e3df1534c2e,none,False,False,,,,,0,0,https://api.linked-systems.uk/api/schema-org/dataset/2148904,
1816776,urn:gleaner.io:oih:bodc:data:a61dd16428056d1618def6d76772b988126cb40d,tier2,False,False,Start_depth,https://vocab.nerc.ac.uk/collection/P01/current/DEPHPRST/,10.91,4823.72,0,1,https://api.linked-systems.uk/api/schema-org/dataset/1816776,
1880705,urn:gleaner.io:oih:bodc:data:4f31c48122746467d2d560d9f87381f579639514,tier1,True,False,DepBelowSurf,https://vocab.nerc.ac.uk/collection/P01/current/ADEPZZ01/,28,4800,1,0,https://api.linked-systems.uk/api/schema-org/dataset/1880705,
1879624,urn:gleaner.io:oih:bodc:data:a8d954a64e0d3a2a0520a5ff002a075c0a9bdbed,none,False,False,,,,,0,0,https://api.linked-systems.uk/api/schema-org/dataset/1879624,
1347155,urn:gleaner.io:oih:bodc:data:7f49cb3a1cef793a8fd84016d0f0a093cd5947e0,none,False,False,,,,,0,0,https://api.linked-systems.uk/api/schema-org/dataset/1347155,
1927996,urn:gleaner.io:oih:bodc:data:399181f74557d7c1715ff639fb6227b6791fb2b8,tier1,True,False,DepBelowSurf,https://vocab.nerc.ac.uk/collection/P01/current/ADEPZZ01/,9.4,58.3,1,0,https://api.linked-systems.uk/api/schema-org/dataset/1927996,
1226198,urn:gleaner.io:oih:bodc:data:6da53a74ede0814c49955dfb82f6ce065fce0ff1,tier_instrument,False,True,,,,,0,0,https://api.linked-systems.uk/api/schema-org/dataset/1226198,
1177437,urn:gleaner.io:oih:bodc:data:28fcf44331b5d0e6156451ba34751bfbaf7e579a,none,False,False,,,,,0,0,https://api.linked-systems.uk/api/schema-org/dataset/1177437,
1929087,urn:gleaner.io:oih:bodc:data:30f5a6f4657ab19f02457e790c8c4386e8d76b62,tier1,True,False,DepBelowSurf,https://vocab.nerc.ac.uk/collection/P01/current/ADEPZZ01/,6,504,1,0,https://api.linked-systems.uk/api/schema-org/dataset/1929087,
1848176,urn:gleaner.io:oih:bodc:data:840ce21f735be98da81589b1fc2a94ff64d37f05,tier1,True,False,DepBelowSurf,https://vocab.nerc.ac.uk/collection/P01/current/ADEPZZ01/,9.3,3997.6,1,0,https://api.linked-systems.uk/api/schema-org/dataset/1848176,
1177591,urn:gleaner.io:oih:bodc:data:84d9bd1d81c4fcd089b1bcfe7adf4003247048c0,none,False,False,,,,,0,0,https://api.linked-systems.uk/api/schema-org/dataset/1177591,
876420,urn:gleaner.io:oih:bodc:data:2f406b5e018cf7f5959c686cf8ecdb7136018d1d,none,False,False,,,,,0,0,https://api.linked-systems.uk/api/schema-org/dataset/876420,
1177984,urn:gleaner.io:oih:bodc:data:7aaa4021603ab3bf885172ea30c6997dc6f6ff32,none,False,False,,,,,0,0,https://api.linked-systems.uk/api/schema-org/dataset/1177984,
2051751,urn:gleaner.io:oih:bodc:data:19c9217eb7acf378f9b0a79a0407b8a50a5342af,tier1,True,False,DepBelowSurf,https://vocab.nerc.ac.uk/collection/P01/current/ADEPZZ01/,8.2,122.1,1,0,https://api.linked-systems.uk/api/schema-org/dataset/2051751,
1927702,urn:gleaner.io:oih:bodc:data:304cc50825fccc8fbea747008398b78993c51de6,none,False,False,,,,,0,0,https://api.linked-systems.uk/api/schema-org/dataset/1927702,
1177726,urn:gleaner.io:oih:bodc:data:4987d1bd511ae597e8c0d432544f9d487cbe36e2,none,False,False,,,,,0,0,https://api.linked-systems.uk/api/schema-org/dataset/1177726,
2148025,urn:gleaner.io:oih:bodc:data:54d65046466ac9aad1fc04ccd69ca8131f09f323,none,False,False,,,,,0,0,https://api.linked-systems.uk/api/schema-org/dataset/2148025,
2107609,urn:gleaner.io:oih:bodc:data:cded2d77a2a5f21cc6d9767a76108b67494950eb,none,False,False,,,,,0,0,https://api.linked-systems.uk/api/schema-org/dataset/2107609,
2048835,urn:gleaner.io:oih:bodc:data:a42920185a0a630abeaef72d425b77626a469e94,tier_instrument,False,True,,,,,0,0,https://api.linked-systems.uk/api/schema-org/dataset/2048835,
2027831,urn:gleaner.io:oih:bodc:data:25cb1a392ddacb63b5bfafe932a63e4d49d51e46,none,False,False,,,,,0,0,https://api.linked-systems.uk/api/schema-org/dataset/2027831,
888120,urn:gleaner.io:oih:bodc:data:409c01eccea994f247bfc0afb9ae8dc86f8e859f,none,False,False,,,,,0,0,https://api.linked-systems.uk/api/schema-org/dataset/888120,
1346883,urn:gleaner.io:oih:bodc:data:44846ce2a26dad64ab5a7a79756e8b292a170bb1,none,False,False,,,,,0,0,https://api.linked-systems.uk/api/schema-org/dataset/1346883,
2148166,urn:gleaner.io:oih:bodc:data:fcf549747931a3de0c2db7723d9e571c4408c8e5,tier1,True,False,DepBelowSurf,https://vocab.nerc.ac.uk/collection/P01/current/ADEPZZ01/,4.9,300,1,0,https://api.linked-systems.uk/api/schema-org/dataset/2148166,
1880822,urn:gleaner.io:oih:bodc:data:fb1382f6e9fa313b8c742ac374dbb38867c866c2,tier1,True,False,DepBelowSurf,https://vocab.nerc.ac.uk/collection/P01/current/ADEPZZ01/,2,200,1,0,https://api.linked-systems.uk/api/schema-org/dataset/1880822,
1759959,urn:gleaner.io:oih:bodc:data:cca2135ee48b88c389b33eb5af73f5ee52b0a27d,none,False,False,,,,,0,0,https://api.linked-systems.uk/api/schema-org/dataset/1759959,
1177671,urn:gleaner.io:oih:bodc:data:a5db642c81ee484ffc54ad188c42d93c81ab57b7,none,False,False,,,,,0,0,https://api.linked-systems.uk/api/schema-org/dataset/1177671,
1177683,urn:gleaner.io:oih:bodc:data:a08a485ac6c9480b66e3338ec7eac229887fcaf1,none,False,False,,,,,0,0,https://api.linked-systems.uk/api/schema-org/dataset/1177683,
2148800,urn:gleaner.io:oih:bodc:data:54351cee6d019d16b76629752f92e198c5c92d6f,tier1,True,False,DepBelowSurf,https://vocab.nerc.ac.uk/collection/P01/current/ADEPZZ01/,6.4,301.4,1,0,https://api.linked-systems.uk/api/schema-org/dataset/2148800,
1880778,urn:gleaner.io:oih:bodc:data:17c834fee4159db2044dd9ce0467fa5acd531dfe,tier1,True,False,DepBelowSurf,https://vocab.nerc.ac.uk/collection/P01/current/ADEPZZ01/,3,200,1,0,https://api.linked-systems.uk/api/schema-org/dataset/1880778,
2153494,urn:gleaner.io:oih:bodc:data:3a5ce23ffffad6f04700d6304a2e8dab9572583b,tier1,True,False,DepBelowSurf,https://vocab.nerc.ac.uk/collection/P01/current/ADEPZZ01/,5,200,1,0,https://api.linked-systems.uk/api/schema-org/dataset/2153494,
1226205,urn:gleaner.io:oih:bodc:data:cb67f5fd87ff25cf27537b7e93971c13f31fa7f6,none,False,False,,,,,0,0,https://api.linked-systems.uk/api/schema-org/dataset/1226205,
1880791,urn:gleaner.io:oih:bodc:data:e59fe0178162ade48d90c9be8b57e9679cf7079f,none,False,False,,,,,0,0,https://api.linked-systems.uk/api/schema-org/dataset/1880791,
2148768,urn:gleaner.io:oih:bodc:data:80c4c8bf1e24fb84c190f63f9151cd79303d4b06,none,False,False,,,,,0,0,https://api.linked-systems.uk/api/schema-org/dataset/2148768,
1922851,urn:gleaner.io:oih:bodc:data:a67161ae69d29e99c6fbc7c55d0b36a0ec05d056,none,False,False,,,,,0,0,https://api.linked-systems.uk/api/schema-org/dataset/1922851,
1177879,urn:gleaner.io:oih:bodc:data:cf1e165cf0d332812b013f7510ced4eb9a9c902e,none,False,False,,,,,0,0,https://api.linked-systems.uk/api/schema-org/dataset/1177879,
2148222,urn:gleaner.io:oih:bodc:data:edad99a1af7845c94583a170c156764108573ced,none,False,False,,,,,0,0,https://api.linked-systems.uk/api/schema-org/dataset/2148222,
1177486,urn:gleaner.io:oih:bodc:data:e0d591436ee8391fd0bbf4b2b24f3d7abaef4567,none,False,False,,,,,0,0,https://api.linked-systems.uk/api/schema-org/dataset/1177486,
2004113,urn:gleaner.io:oih:bodc:data:e48fc03e12c3d68ea02307801029c40b7230eaf1,none,False,False,,,,,0,0,https://api.linked-systems.uk/api/schema-org/dataset/2004113,
2115855,urn:gleaner.io:oih:bodc:data:f744ab4e82df80cdc46296dc7296f126b22d65b4,tier1,True,False,DepBelowSurf,https://vocab.nerc.ac.uk/collection/P01/current/ADEPZZ01/,34.7,4829.4,1,0,https://api.linked-systems.uk/api/schema-org/dataset/2115855,
2004149,urn:gleaner.io:oih:bodc:data:58e3374d2fe2985f1cf921088de43614a86d8443,tier1,True,False,DepBelowSurf,https://vocab.nerc.ac.uk/collection/P01/current/ADEPZZ01/,11.7,4727,1,0,https://api.linked-systems.uk/api/schema-org/dataset/2004149,
2148511,urn:gleaner.io:oih:bodc:data:18b3ffcc1fecac792182f6e4fc3d7f5981ea25ef,none,False,False,,,,,0,0,https://api.linked-systems.uk/api/schema-org/dataset/2148511,
2014802,urn:gleaner.io:oih:bodc:data:87fe3d9b825802e306a543774b9125610c938080,none,False,False,,,,,0,0,https://api.linked-systems.uk/api/schema-org/dataset/2014802,
1226230,urn:gleaner.io:oih:bodc:data:a9b799ead7c475be526697a94127e20d91ccde0d,tier_instrument,False,True,,,,,0,0,https://api.linked-systems.uk/api/schema-org/dataset/1226230,
2148086,urn:gleaner.io:oih:bodc:data:3726478fa7d87cebd0419eb6b57102d1d9431681,none,False,False,,,,,0,0,https://api.linked-systems.uk/api/schema-org/dataset/2148086,
1929014,urn:gleaner.io:oih:bodc:data:0c96167060f770a0e207b7dcad8b19cd6352f474,none,False,False,,,,,0,0,https://api.linked-systems.uk/api/schema-org/dataset/1929014,
1874367,urn:gleaner.io:oih:bodc:data:1af28fd5070fcf3c7d757891da986acb161ea53a,none,False,False,,,,,0,0,https://api.linked-systems.uk/api/schema-org/dataset/1874367,
2107622,urn:gleaner.io:oih:bodc:data:3110e11b97cb5efc06989b1fa2319f4f0489c829,tier1,True,False,DepBelowSurf,https://vocab.nerc.ac.uk/collection/P01/current/ADEPZZ01/,50,4500,1,0,https://api.linked-systems.uk/api/schema-org/dataset/2107622,
2012997,urn:gleaner.io:oih:bodc:data:6e2e808e9b6cac13d6395920ea3f967780df74aa,tier2,False,False,SFPG,https://vocab.nerc.ac.uk/collection/P01/current/DEPHFP01/,,,0,1,https://api.linked-systems.uk/api/schema-org/dataset/2012997,
1177751,urn:gleaner.io:oih:bodc:data:a61921f4b45718a8688658c56fa28e3a7c03d724,none,False,False,,,,,0,0,https://api.linked-systems.uk/api/schema-org/dataset/1177751,
1927831,urn:gleaner.io:oih:bodc:data:3bd3760666072f398505b45e89ded931a58627eb,tier1,True,False,DepBelowSurf,https://vocab.nerc.ac.uk/collection/P01/current/ADEPZZ01/,6,150,1,0,https://api.linked-systems.uk/api/schema-org/dataset/1927831,
2148652,urn:gleaner.io:oih:bodc:data:03ff026ee85257fc7c915ae73055577fa00fcbf4,tier1,True,False,DepBelowSurf,https://vocab.nerc.ac.uk/collection/P01/current/ADEPZZ01/,5.9,301,1,0,https://api.linked-systems.uk/api/schema-org/dataset/2148652,
1922863,urn:gleaner.io:oih:bodc:data:9fb1902089e71682b4c134c4204e85ad01ba3ca2,none,False,False,,,,,0,0,https://api.linked-systems.uk/api/schema-org/dataset/1922863,
1226242,urn:gleaner.io:oih:bodc:data:88b94e8b8ca8dacc8e19d8dded374496af871197,tier_instrument,False,True,,,,,0,0,https://api.linked-systems.uk/api/schema-org/dataset/1226242,
1170973,urn:gleaner.io:oih:bodc:data:b9a0b41e0328f624565da1c5e69ba545e6590531,none,False,False,,,,,0,0,https://api.linked-systems.uk/api/schema-org/dataset/1170973,
2013000,urn:gleaner.io:oih:bodc:data:4ec0ff325d49241603fe749680f4165867d2ca91,tier2,False,False,SFPG,https://vocab.nerc.ac.uk/collection/P01/current/DEPHFP01/,,,0,1,https://api.linked-systems.uk/api/schema-org/dataset/2013000,
1177879,urn:gleaner.io:oih:bodc:data:647e1bc55ae00539aacb367e9bdbd70ab4b10848,none,False,False,,,,,0,0,https://api.linked-systems.uk/api/schema-org/dataset/1177879,
1880613,urn:gleaner.io:oih:bodc:data:cdf301ae3663ec78698b7fae78b24e2f3e1528f8,tier1,True,False,DepBelowSurf,https://vocab.nerc.ac.uk/collection/P01/current/ADEPZZ01/,2,70,1,0,https://api.linked-systems.uk/api/schema-org/dataset/1880613,
1225828,urn:gleaner.io:oih:bodc:data:0d376e2e022c846a95fd2fb7296f17a417ec6443,none,False,False,,,,,0,0,https://api.linked-systems.uk/api/schema-org/dataset/1225828,
1170819,urn:gleaner.io:oih:bodc:data:230b5956ed781ee2ee779b3863175c56f218f8f9,tier2,False,False,BinDep,https://vocab.nerc.ac.uk/collection/P01/current/DBINAA01/,11,407,0,1,https://api.linked-systems.uk/api/schema-org/dataset/1170819,
2148246,urn:gleaner.io:oih:bodc:data:848f549d6ebf54d5746b4e180af4dbb959197041,tier1,True,False,DepBelowSurf,https://vocab.nerc.ac.uk/collection/P01/current/ADEPZZ01/,25.3,300.3,1,0,https://api.linked-systems.uk/api/schema-org/dataset/2148246,
1928072,urn:gleaner.io:oih:bodc:data:48793603984d0830221152c5db326f0880741aef,none,False,False,,,,,0,0,https://api.linked-systems.uk/api/schema-org/dataset/1928072,
1920820,urn:gleaner.io:oih:bodc:data:0f3ab595851eddfa1edd556c4f9b718759def00c,none,False,False,,,,,0,0,https://api.linked-systems.uk/api/schema-org/dataset/1920820,
1177486,urn:gleaner.io:oih:bodc:data:6265893a7781a25505cf4f87dad5441ce2bc6796,none,False,False,,,,,0,0,https://api.linked-systems.uk/api/schema-org/dataset/1177486,
2148049,urn:gleaner.io:oih:bodc:data:09566d0e18112994a9783d67c87903486c2bec8b,none,False,False,,,,,0,0,https://api.linked-systems.uk/api/schema-org/dataset/2148049,
2004125,urn:gleaner.io:oih:bodc:data:01bf9e7489bf245ca9754c328afdc40b8376e46a,none,False,False,,,,,0,0,https://api.linked-systems.uk/api/schema-org/dataset/2004125,
1225865,urn:gleaner.io:oih:bodc:data:4a98a6970da8851cc078c28c61cbcdc15c205b00,tier_instrument,False,True,,,,,0,0,https://api.linked-systems.uk/api/schema-org/dataset/1225865,
1170893,urn:gleaner.io:oih:bodc:data:806d77159bde5b56666ca20c594b437b18a8a9ae,none,False,False,,,,,0,0,https://api.linked-systems.uk/api/schema-org/dataset/1170893,
1347419,urn:gleaner.io:oih:bodc:data:822c548dbf36da111fd7509cc0000e28d5c3029b,tier1,True,False,DepBelowSurf,https://vocab.nerc.ac.uk/collection/P01/current/ADEPZZ01/,6.3,101.2,1,0,https://api.linked-systems.uk/api/schema-org/dataset/1347419,
1346834,urn:gleaner.io:oih:bodc:data:8a543215090205f78b2689f4140ab1d53b41d3b3,tier1,True,False,DepBelowSurf,https://vocab.nerc.ac.uk/collection/P01/current/ADEPZZ01/,15.7,4799.7,1,0,https://api.linked-systems.uk/api/schema-org/dataset/1346834,
1347180,urn:gleaner.io:oih:bodc:data:d6e8655c099602d802788a642ab9dedd5fd70bc3,tier1,True,False,DepBelowSurf,https://vocab.nerc.ac.uk/collection/P01/current/ADEPZZ01/,6.5,997.2,1,0,https://api.linked-systems.uk/api/schema-org/dataset/1347180,
1816948,urn:gleaner.io:oih:bodc:data:fcebd5e8d7033b06f4df1324a75168fcb41edffc,none,False,False,,,,,0,0,https://api.linked-systems.uk/api/schema-org/dataset/1816948,
1989712,urn:gleaner.io:oih:bodc:data:32dc21a50086216efbe4cc6c7c8a4ceab236a06f,tier1,True,False,DepBelowSurf,https://vocab.nerc.ac.uk/collection/P01/current/ADEPZZ01/,8.2,4734.6,1,0,https://api.linked-systems.uk/api/schema-org/dataset/1989712,
1975716,urn:gleaner.io:oih:bodc:data:4f60dec3d4386bdbf4eeb3ea5c6ebe363729aeb3,none,False,False,,,,,0,0,https://api.linked-systems.uk/api/schema-org/dataset/1975716,
1170973,urn:gleaner.io:oih:bodc:data:427561cba60abad6856c56239ae0fd73b2ad17dd,none,False,False,,,,,0,0,https://api.linked-systems.uk/api/schema-org/dataset/1170973,
1928140,urn:gleaner.io:oih:bodc:data:c88aed63ac2ec580eb3bd8cf3d9c558f886f8d1c,none,False,False,,,,,0,0,https://api.linked-systems.uk/api/schema-org/dataset/1928140,
2051892,urn:gleaner.io:oih:bodc:data:b34042c571b5d721cc4aaef7aac058506f6312f9,none,False,False,,,,,0,0,https://api.linked-systems.uk/api/schema-org/dataset/2051892,
1876651,urn:gleaner.io:oih:bodc:data:b549d2f269c238a0d501e2972adcba69b7499a6f,tier1,True,False,DepBelowSurf,https://vocab.nerc.ac.uk/collection/P01/current/ADEPZZ01/,499.7,4820.1,1,0,https://api.linked-systems.uk/api/schema-org/dataset/1876651,
2054005,urn:gleaner.io:oih:bodc:data:512a110214b5db389a698814853821fa75b13361,none,False,False,,,,,0,0,https://api.linked-systems.uk/api/schema-org/dataset/2054005,
1929038,urn:gleaner.io:oih:bodc:data:4f0ffbe1b14bbf9c7113957fdf1f174a2939e5f3,tier1,True,False,DepBelowSurf,https://vocab.nerc.ac.uk/collection/P01/current/ADEPZZ01/,35,2007.1,1,0,https://api.linked-systems.uk/api/schema-org/dataset/1929038,
2148639,urn:gleaner.io:oih:bodc:data:f61548f47b6e4f90fae6315ee59693a9811c75ab,none,False,False,,,,,0,0,https://api.linked-systems.uk/api/schema-org/dataset/2148639,
1927972,urn:gleaner.io:oih:bodc:data:d27e24ff3ab01b8c9a543b9e3004de0af433dcb2,none,False,False,,,,,0,0,https://api.linked-systems.uk/api/schema-org/dataset/1927972,
2023006,urn:gleaner.io:oih:bodc:data:123bd8e0d443c6fc4b8e22f5190f5a4cea3552c0,tier_instrument,False,True,,,,,0,0,https://api.linked-systems.uk/api/schema-org/dataset/2023006,
2001625,urn:gleaner.io:oih:bodc:data:b660cc36807533909883aeefc0de73653921476c,none,False,False,,,,,0,0,https://api.linked-systems.uk/api/schema-org/dataset/2001625,
1177911,urn:gleaner.io:oih:bodc:data:39603afdb3a04055a4b2395a40237fcdc1ba2eee,none,False,False,,,,,0,0,https://api.linked-systems.uk/api/schema-org/dataset/1177911,
1177394,urn:gleaner.io:oih:bodc:data:39da1fbd8aa51b1ce2ba60c83dfbccc1b6424dc3,none,False,False,,,,,0,0,https://api.linked-systems.uk/api/schema-org/dataset/1177394,
1347259,urn:gleaner.io:oih:bodc:data:7348b9089fb6b4d4644598c7040b217e9e72abbd,none,False,False,,,,,0,0,https://api.linked-systems.uk/api/schema-org/dataset/1347259,
1177610,urn:gleaner.io:oih:bodc:data:4d99061aa050236c0418fc6800b1b0d727a82a09,none,False,False,,,,,0,0,https://api.linked-systems.uk/api/schema-org/dataset/1177610,
2153482,urn:gleaner.io:oih:bodc:data:5ff131a4cb8b5dba7e902e8335c8dd293c824b61,tier1,True,False,DepBelowSurf,https://vocab.nerc.ac.uk/collection/P01/current/ADEPZZ01/,20,4816,1,0,https://api.linked-systems.uk/api/schema-org/dataset/2153482,
1920832,urn:gleaner.io:oih:bodc:data:46599e69de9433d783f9d15f9e9c3a11ed2b0986,none,False,False,,,,,0,0,https://api.linked-systems.uk/api/schema-org/dataset/1920832,
1177498,urn:gleaner.io:oih:bodc:data:90656f3d016e9dd2f695fe98c14df54f0ee3e155,none,False,False,,,,,0,0,https://api.linked-systems.uk/api/schema-org/dataset/1177498,
1347223,urn:gleaner.io:oih:bodc:data:dd9a8734813ad019deedba5aac7deb323c675036,none,False,False,,,,,0,0,https://api.linked-systems.uk/api/schema-org/dataset/1347223,
1347272,urn:gleaner.io:oih:bodc:data:f864c4b5fee58381e802d5b1ee7d0963c0d2c71b,none,False,False,,,,,0,0,https://api.linked-systems.uk/api/schema-org/dataset/1347272,
1225957,urn:gleaner.io:oih:bodc:data:af0909c189a10468731f7065d96619b0ff9ea2ef,tier_instrument,False,True,,,,,0,0,https://api.linked-systems.uk/api/schema-org/dataset/1225957,
1177984,urn:gleaner.io:oih:bodc:data:d194af4df0b289de139d2552d94cd75f5514c5c1,none,False,False,,,,,0,0,https://api.linked-systems.uk/api/schema-org/dataset/1177984,
2051831,urn:gleaner.io:oih:bodc:data:05cef0477477cd2fc48f12b4599da3fca994819e,tier1,True,False,DepBelowSurf,https://vocab.nerc.ac.uk/collection/P01/current/ADEPZZ01/,8.2,504,1,0,https://api.linked-systems.uk/api/schema-org/dataset/2051831,
2153562,urn:gleaner.io:oih:bodc:data:2414720f54dd10bef61decd135f20e261fa90168,none,False,False,,,,,0,0,https://api.linked-systems.uk/api/schema-org/dataset/2153562,
1916870,urn:gleaner.io:oih:bodc:data:f1f0709a4818b0d33a26a946671987c1999585a9,none,False,False,,,,,0,0,https://api.linked-systems.uk/api/schema-org/dataset/1916870,
1928023,urn:gleaner.io:oih:bodc:data:fa25c9ab9ff150aa6d78f84a621c95fa1ab611d2,none,False,False,,,,,0,0,https://api.linked-systems.uk/api/schema-org/dataset/1928023,
1350741,urn:gleaner.io:oih:bodc:data:99ad9475bbc060d15f7f863119e1a58ff01734a4,none,False,False,,,,,0,0,https://api.linked-systems.uk/api/schema-org/dataset/1350741,
2046306,urn:gleaner.io:oih:bodc:data:a66e45678e4d15631bca85f28749bd5f5cb13f09,tier1,True,False,DepBelowSurf,https://vocab.nerc.ac.uk/collection/P01/current/ADEPZZ01/,14,1804.6,1,0,https://api.linked-systems.uk/api/schema-org/dataset/2046306,
1226322,urn:gleaner.io:oih:bodc:data:7d1845d48e1d9bf8411d46fd7fa4679b27357ee1,tier_instrument,False,True,,,,,0,0,https://api.linked-systems.uk/api/schema-org/dataset/1226322,
2148210,urn:gleaner.io:oih:bodc:data:33ddcb1f28a12f65042b6c7104e84d3b61d56687,tier1,True,False,DepBelowSurf,https://vocab.nerc.ac.uk/collection/P01/current/ADEPZZ01/,52.1,302.1,1,0,https://api.linked-systems.uk/api/schema-org/dataset/2148210,
1170820,urn:gleaner.io:oih:bodc:data:8249e4049aeab67becfa2af0a75c599e2ec7739d,none,False,False,,,,,0,0,https://api.linked-systems.uk/api/schema-org/dataset/1170820,
1876687,urn:gleaner.io:oih:bodc:data:1d94d7f2e6938714da201f7d5f4db5d146e8671d,tier1,True,False,DepBelowSurf,https://vocab.nerc.ac.uk/collection/P01/current/ADEPZZ01/,148.9,4723.4,1,0,https://api.linked-systems.uk/api/schema-org/dataset/1876687,
1879612,urn:gleaner.io:oih:bodc:data:f95aebccc8cd50d4a28eba3fff057dcb32c41965,none,False,False,,,,,0,0,https://api.linked-systems.uk/api/schema-org/dataset/1879612,
1816819,urn:gleaner.io:oih:bodc:data:293286ea634afbbd781a7b4b41776a8f619d8333,tier2,False,False,Start_depth,https://vocab.nerc.ac.uk/collection/P01/current/DEPHPRST/,4.96,351.68,0,1,https://api.linked-systems.uk/api/schema-org/dataset/1816819,
1347211,urn:gleaner.io:oih:bodc:data:609228e6419cc4b3ec41c8b9dd02dcec6d1f53f8,none,False,False,,,,,0,0,https://api.linked-systems.uk/api/schema-org/dataset/1347211,
1226186,urn:gleaner.io:oih:bodc:data:6693fbcefa03ad208b8957750cfed63946012d80,tier_instrument,False,True,,,,,0,0,https://api.linked-systems.uk/api/schema-org/dataset/1226186,
1347167,urn:gleaner.io:oih:bodc:data:b39a24a37aab0f3bb8c3a3ee86070c1eabf9a2bd,none,False,False,,,,,0,0,https://api.linked-systems.uk/api/schema-org/dataset/1347167,
2115879,urn:gleaner.io:oih:bodc:data:3d91594a4762fd6d67b00c7f0f1f98c6353e5b02,tier1,True,False,DepBelowSurf,https://vocab.nerc.ac.uk/collection/P01/current/ADEPZZ01/,20.6,4826.7,1,0,https://api.linked-systems.uk/api/schema-org/dataset/2115879,
2107634,urn:gleaner.io:oih:bodc:data:e4f6b36a32e02aab306b706b15f406164bed0ceb,tier1,True,False,DepBelowSurf,https://vocab.nerc.ac.uk/collection/P01/current/ADEPZZ01/,11,70,1,0,https://api.linked-systems.uk/api/schema-org/dataset/2107634,
2153513,urn:gleaner.io:oih:bodc:data:356d5b9ce04d827a16e34a1d0324fa0fa5de5935,none,False,False,,,,,0,0,https://api.linked-systems.uk/api/schema-org/dataset/2153513,
1177806,urn:gleaner.io:oih:bodc:data:5a952527c74347c08202a2b84cab0cd47a7888e7,none,False,False,,,,,0,0,https://api.linked-systems.uk/api/schema-org/dataset/1177806,
1177622,urn:gleaner.io:oih:bodc:data:a6599eba4839bb679217b989208ef09d4a844eb2,none,False,False,,,,,0,0,https://api.linked-systems.uk/api/schema-org/dataset/1177622,
2143383,urn:gleaner.io:oih:bodc:data:8f0924b07338e6e9767f398a4450916d443099dd,none,False,False,,,,,0,0,https://api.linked-systems.uk/api/schema-org/dataset/2143383,
1876675,urn:gleaner.io:oih:bodc:data:6a125c685bdd069b81bb850d205121893ef03e77,none,False,False,,,,,0,0,https://api.linked-systems.uk/api/schema-org/dataset/1876675,
2052115,urn:gleaner.io:oih:bodc:data:91a6e0103d1213868183706127b915a6104ad5c3,tier_instrument,False,True,,,,,0,0,https://api.linked-systems.uk/api/schema-org/dataset/2052115,
2110678,urn:gleaner.io:oih:bodc:data:78bc11ffbdde6c8ff8a35ba20f766a56dc34f179,none,False,False,,,,,0,0,https://api.linked-systems.uk/api/schema-org/dataset/2110678,
1880730,urn:gleaner.io:oih:bodc:data:ac020cd0719d4d3773909ad8cdef4968bb0f940f,tier1,True,False,DepBelowSurf,https://vocab.nerc.ac.uk/collection/P01/current/ADEPZZ01/,3,200,1,0,https://api.linked-systems.uk/api/schema-org/dataset/1880730,
1839413,urn:gleaner.io:oih:bodc:data:bf496b83c6b1860649e08232533198389c67dec7,none,False,False,,,,,0,0,https://api.linked-systems.uk/api/schema-org/dataset/1839413,
1083405,urn:gleaner.io:oih:bodc:data:2af48fdbf08e79e0c015560667a039bfccecb2b5,none,False,False,,,,,0,0,https://api.linked-systems.uk/api/schema-org/dataset/1083405,
1816936,urn:gleaner.io:oih:bodc:data:51ce9753e9aaed29e68b797831dcca2fab750968,none,False,False,,,,,0,0,https://api.linked-systems.uk/api/schema-org/dataset/1816936,
2001686,urn:gleaner.io:oih:bodc:data:af5bfe3901b7a8322fcb1c1d7f1bd5de42110a45,tier1,True,False,DepBelowSurf,https://vocab.nerc.ac.uk/collection/P01/current/ADEPZZ01/,9.4,4733,1,0,https://api.linked-systems.uk/api/schema-org/dataset/2001686,
1874331,urn:gleaner.io:oih:bodc:data:c7dcec4444b70e074eb28c25c9719ca554160a0d,tier1,True,False,DepBelowSurf,https://vocab.nerc.ac.uk/collection/P01/current/ADEPZZ01/,10.5,2495.3,1,0,https://api.linked-systems.uk/api/schema-org/dataset/1874331,
1170764,urn:gleaner.io:oih:bodc:data:84110aa3b55c724c9d0a04121ee2fa9bd7274fa6,tier2,False,False,BinDep,https://vocab.nerc.ac.uk/collection/P01/current/DBINAA01/,11,407,0,1,https://api.linked-systems.uk/api/schema-org/dataset/1170764,
2118982,urn:gleaner.io:oih:bodc:data:01f000852a888acb96abcca989c3689c4b87c93e,none,False,False,,,,,0,0,https://api.linked-systems.uk/api/schema-org/dataset/2118982,
2107714,urn:gleaner.io:oih:bodc:data:59c1678bda0f8cc09cf0e8f6193caa0af0833b9a,tier1,True,False,DepBelowSurf,https://vocab.nerc.ac.uk/collection/P01/current/ADEPZZ01/,15,200,1,0,https://api.linked-systems.uk/api/schema-org/dataset/2107714,
1816912,urn:gleaner.io:oih:bodc:data:bac0d2b2c6398392cc637ab1f26d0bbc98f1588f,tier2,False,False,Start_depth,https://vocab.nerc.ac.uk/collection/P01/current/DEPHPRST/,2.97,351.69,0,1,https://api.linked-systems.uk/api/schema-org/dataset/1816912,
2138713,urn:gleaner.io:oih:bodc:data:35e5e5c713d46cca356abbef76ee59926566c385,tier1,True,False,DepBelowSurf,https://vocab.nerc.ac.uk/collection/P01/current/ADEPZZ01/,9.2,199.8,1,0,https://api.linked-systems.uk/api/schema-org/dataset/2138713,
1928115,urn:gleaner.io:oih:bodc:data:c63210b0baaa5a31105d4536ca45017e6ea43174,tier1,True,False,DepBelowSurf,https://vocab.nerc.ac.uk/collection/P01/current/ADEPZZ01/,27.7,491.1,1,0,https://api.linked-systems.uk/api/schema-org/dataset/1928115,
2073617,urn:gleaner.io:oih:bodc:data:aff6de4dfbd9e7196e476e6c7b6a8a3df48ebdaf,none,False,False,,,,,0,0,https://api.linked-systems.uk/api/schema-org/dataset/2073617,
1347063,urn:gleaner.io:oih:bodc:data:4456a7d3c8a9583b415fdd974b7c59d9a4d15fc4,tier1,True,False,DepBelowSurf,https://vocab.nerc.ac.uk/collection/P01/current/ADEPZZ01/,5.8,300.9,1,0,https://api.linked-systems.uk/api/schema-org/dataset/1347063,
888200,urn:gleaner.io:oih:bodc:data:eee2f86a24ae3feb5bc3770ac284ee1cb9cd4cbf,none,False,False,,,,,0,0,https://api.linked-systems.uk/api/schema-org/dataset/888200,
1225877,urn:gleaner.io:oih:bodc:data:ca13ffb3932b79ad34d71f9fe33ee0a9dface052,tier_instrument,False,True,,,,,0,0,https://api.linked-systems.uk/api/schema-org/dataset/1225877,
1347259,urn:gleaner.io:oih:bodc:data:b6c2ed3f22f6340747bed1cdc1d0235063a3016f,none,False,False,,,,,0,0,https://api.linked-systems.uk/api/schema-org/dataset/1347259,
1346834,urn:gleaner.io:oih:bodc:data:446bbc7a4c24958b0b3a7cfa495ca4922da9ba2f,tier1,True,False,DepBelowSurf,https://vocab.nerc.ac.uk/collection/P01/current/ADEPZZ01/,15.7,4799.7,1,0,https://api.linked-systems.uk/api/schema-org/dataset/1346834,
1880791,urn:gleaner.io:oih:bodc:data:6ee5f5e4df2d69377b21444ec64d4344b51d4deb,none,False,False,,,,,0,0,https://api.linked-systems.uk/api/schema-org/dataset/1880791,
1177806,urn:gleaner.io:oih:bodc:data:93627fe813edd829a92cbc07f3ab09639dac735d,none,False,False,,,,,0,0,https://api.linked-systems.uk/api/schema-org/dataset/1177806,
888144,urn:gleaner.io:oih:bodc:data:cf0722dee69533b81ee6d158b02a2d5564f1c4d0,none,False,False,,,,,0,0,https://api.linked-systems.uk/api/schema-org/dataset/888144,
2115806,urn:gleaner.io:oih:bodc:data:48c6c8eb2d6379a4176f5ef5aa9fb693dc8f701d,tier1,True,False,DepBelowSurf,https://vocab.nerc.ac.uk/collection/P01/current/ADEPZZ01/,8.5,104.1,1,0,https://api.linked-systems.uk/api/schema-org/dataset/2115806,
2073261,urn:gleaner.io:oih:bodc:data:7a4ae321bdc66aabbe045b64c09e09878bc07a96,none,False,False,,,,,0,0,https://api.linked-systems.uk/api/schema-org/dataset/2073261,
2148720,urn:gleaner.io:oih:bodc:data:ef36c48a631973542d3def960339f549bbe9ce54,tier1,True,False,DepBelowSurf,https://vocab.nerc.ac.uk/collection/P01/current/ADEPZZ01/,5,300,1,0,https://api.linked-systems.uk/api/schema-org/dataset/2148720,
2107751,urn:gleaner.io:oih:bodc:data:418bc29029e2fa5c8a1e0a8ad974d9862f4ac72d,tier1,True,False,DepBelowSurf,https://vocab.nerc.ac.uk/collection/P01/current/ADEPZZ01/,25,200,1,0,https://api.linked-systems.uk/api/schema-org/dataset/2107751,
1874306,urn:gleaner.io:oih:bodc:data:613d989f0bc22e0268f25ee487fc8a4cf46cbfa1,tier1,True,False,DepBelowSurf,https://vocab.nerc.ac.uk/collection/P01/current/ADEPZZ01/,12.2,103.6,1,0,https://api.linked-systems.uk/api/schema-org/dataset/1874306,
1170832,urn:gleaner.io:oih:bodc:data:ea0b547d0e49198762d717b97c2400ac0c340a56,none,False,False,,,,,0,0,https://api.linked-systems.uk/api/schema-org/dataset/1170832,
1928047,urn:gleaner.io:oih:bodc:data:037f59b101b4d83db8670e0aac9c370d548b3db6,tier1,True,False,DepBelowSurf,https://vocab.nerc.ac.uk/collection/P01/current/ADEPZZ01/,70.2,497.7,1,0,https://api.linked-systems.uk/api/schema-org/dataset/1928047,
1880625,urn:gleaner.io:oih:bodc:data:c244ff862a2f34f47ada1b64f44cf9285b13c4cf,none,False,False,,,,,0,0,https://api.linked-systems.uk/api/schema-org/dataset/1880625,
1347339,urn:gleaner.io:oih:bodc:data:1d633c2ef9d09aba88b55d0333c7236945ba07c8,none,False,False,,,,,0,0,https://api.linked-systems.uk/api/schema-org/dataset/1347339,
1876626,urn:gleaner.io:oih:bodc:data:2dc1101a3a74924130ad4d7e1bddb26b4d992c1e,tier1,True,False,DepBelowSurf,https://vocab.nerc.ac.uk/collection/P01/current/ADEPZZ01/,9.3,3997.6,1,0,https://api.linked-systems.uk/api/schema-org/dataset/1876626,
1347339,urn:gleaner.io:oih:bodc:data:88678576769dd9b77dcc070a8d8cb537cd97df91,tier1,True,False,DepBelowSurf,https://vocab.nerc.ac.uk/collection/P01/current/ADEPZZ01/,7.3,202.3,1,0,https://api.linked-systems.uk/api/schema-org/dataset/1347339,
1347352,urn:gleaner.io:oih:bodc:data:ad1238f01a155e5af1fdf86b7770a9a3c130006d,none,False,False,,,,,0,0,https://api.linked-systems.uk/api/schema-org/dataset/1347352,
1347364,urn:gleaner.io:oih:bodc:data:b5b1afbe700d5988f0e68eeda10906f56f84988a,none,False,False,,,,,0,0,https://api.linked-systems.uk/api/schema-org/dataset/1347364,
2053966,urn:gleaner.io:oih:bodc:data:6428a547bd3f5bf0fcee257f6750fde8eca9b529,none,False,False,,,,,0,0,https://api.linked-systems.uk/api/schema-org/dataset/2053966,
2026643,urn:gleaner.io:oih:bodc:data:a10cd7b59adc1f1d8bbdd1cacc65c3eb33578e76,none,False,False,,,,,0,0,https://api.linked-systems.uk/api/schema-org/dataset/2026643,
1347315,urn:gleaner.io:oih:bodc:data:c5eb372e7a5570b369f1c1a4e2a55d8054f189ea,tier1,True,False,DepBelowSurf,https://vocab.nerc.ac.uk/collection/P01/current/ADEPZZ01/,15.7,212.2,1,0,https://api.linked-systems.uk/api/schema-org/dataset/1347315,
1836556,urn:gleaner.io:oih:bodc:data:fe9c0ec53278857280614b9b3788250a7706e6f8,none,False,False,,,,,0,0,https://api.linked-systems.uk/api/schema-org/dataset/1836556,
1177321,urn:gleaner.io:oih:bodc:data:c8736c0cc368e01fa5dc89d24fc245c5fc735e94,none,False,False,,,,,0,0,https://api.linked-systems.uk/api/schema-org/dataset/1177321,
2148314,urn:gleaner.io:oih:bodc:data:d416f7b831a79d8de0a5abf3f89d6ad7764aa437,none,False,False,,,,,0,0,https://api.linked-systems.uk/api/schema-org/dataset/2148314,
2051726,urn:gleaner.io:oih:bodc:data:14320ee1cf12ca87c9b0204a9565b0c0f50291f9,none,False,False,,,,,0,0,https://api.linked-systems.uk/api/schema-org/dataset/2051726,
2148904,urn:gleaner.io:oih:bodc:data:885f64305f3eb5c8acbde56163c3f05af0463c55,tier1,True,False,DepBelowSurf,https://vocab.nerc.ac.uk/collection/P01/current/ADEPZZ01/,7.2,102.1,1,0,https://api.linked-systems.uk/api/schema-org/dataset/2148904,
2107738,urn:gleaner.io:oih:bodc:data:067694fbacc5273cdc5047455b9ba1134718705e,none,False,False,,,,,0,0,https://api.linked-systems.uk/api/schema-org/dataset/2107738,
1226125,urn:gleaner.io:oih:bodc:data:3e2e3a31756243fd7848097545193a9690e1d13b,tier_instrument,False,True,,,,,0,0,https://api.linked-systems.uk/api/schema-org/dataset/1226125,
1916901,urn:gleaner.io:oih:bodc:data:0cea52d89afc4d5992943b1c653f52a4a674754a,none,False,False,,,,,0,0,https://api.linked-systems.uk/api/schema-org/dataset/1916901,
1170985,urn:gleaner.io:oih:bodc:data:e6a561f0da90aa265863de3a97fb16af539713ad,none,False,False,,,,,0,0,https://api.linked-systems.uk/api/schema-org/dataset/1170985,
1226082,urn:gleaner.io:oih:bodc:data:39dd4c2e351325c77d3b69ac65e05cda67516a0d,none,False,False,,,,,0,0,https://api.linked-systems.uk/api/schema-org/dataset/1226082,
1350765,urn:gleaner.io:oih:bodc:data:5038111cc7d20d8eedc25780276d9906016f8507,none,False,False,,,,,0,0,https://api.linked-systems.uk/api/schema-org/dataset/1350765,
2001650,urn:gleaner.io:oih:bodc:data:784214c73125599898d850fae081d0e687dd074b,none,False,False,,,,,0,0,https://api.linked-systems.uk/api/schema-org/dataset/2001650,
1880625,urn:gleaner.io:oih:bodc:data:a4da853aa69dbdaeb1b801f34c1498053c18aaf0,tier1,True,False,DepBelowSurf,https://vocab.nerc.ac.uk/collection/P01/current/ADEPZZ01/,3,200,1,0,https://api.linked-systems.uk/api/schema-org/dataset/1880625,
1171036,urn:gleaner.io:oih:bodc:data:00d435e452c05551bac1498557b6783f631eef5c,none,False,False,,,,,0,0,https://api.linked-systems.uk/api/schema-org/dataset/1171036,
1989619,urn:gleaner.io:oih:bodc:data:0b50e2950bfcf51fc6353b04e365df44ad0b6dcb,tier1,True,False,DepBelowSurf,https://vocab.nerc.ac.uk/collection/P01/current/ADEPZZ01/,9.1,4734.4,1,0,https://api.linked-systems.uk/api/schema-org/dataset/1989619,
2046158,urn:gleaner.io:oih:bodc:data:1366b86a263aa83da1ce5bb9d2ea401aac48b79d,tier1,True,False,DepBelowSurf,https://vocab.nerc.ac.uk/collection/P01/current/ADEPZZ01/,14.8,1805.1,1,0,https://api.linked-systems.uk/api/schema-org/dataset/2046158,
1347180,urn:gleaner.io:oih:bodc:data:9abba3942011e2e8a6a538c4af9dac339eaebde7,none,False,False,,,,,0,0,https://api.linked-systems.uk/api/schema-org/dataset/1347180,
2014980,urn:gleaner.io:oih:bodc:data:5977ea1fbc6bc46bb106691661db73fab1aa16c1,none,False,False,,,,,0,0,https://api.linked-systems.uk/api/schema-org/dataset/2014980,
2148732,urn:gleaner.io:oih:bodc:data:b501250ba8388d001a386e3a3f9c09b59d355c71,tier1,True,False,DepBelowSurf,https://vocab.nerc.ac.uk/collection/P01/current/ADEPZZ01/,7.2,302.1,1,0,https://api.linked-systems.uk/api/schema-org/dataset/2148732,
2148013,urn:gleaner.io:oih:bodc:data:1d0d06f87706c99a1bed85e2f7a7fb0488f96cb3,none,False,False,,,,,0,0,https://api.linked-systems.uk/api/schema-org/dataset/2148013,
2048872,urn:gleaner.io:oih:bodc:data:e982a169890ca472bf620040f706247cc178f230,none,False,False,,,,,0,0,https://api.linked-systems.uk/api/schema-org/dataset/2048872,
2119033,urn:gleaner.io:oih:bodc:data:2ff36bb437046a1de84d8b346446fb00b16bb57f,tier1,True,False,DepBelowSurf,https://vocab.nerc.ac.uk/collection/P01/current/ADEPZZ01/,33.3,4799.1,1,0,https://api.linked-systems.uk/api/schema-org/dataset/2119033,
1177449,urn:gleaner.io:oih:bodc:data:6d0e54bb70af454e226340f7e27a77f1ec5742a0,none,False,False,,,,,0,0,https://api.linked-systems.uk/api/schema-org/dataset/1177449,
1225908,urn:gleaner.io:oih:bodc:data:443625e71d35020b3ad7ae4d02d9b7e7a60d74c1,none,False,False,,,,,0,0,https://api.linked-systems.uk/api/schema-org/dataset/1225908,
1916925,urn:gleaner.io:oih:bodc:data:46eccc8fe94fed5aa5efc7db32c18e24c2fb0287,none,False,False,,,,,0,0,https://api.linked-systems.uk/api/schema-org/dataset/1916925,
1170807,urn:gleaner.io:oih:bodc:data:6562bce1b3aff35daf82ba0b92c8f87eceb765d2,none,False,False,,,,,0,0,https://api.linked-systems.uk/api/schema-org/dataset/1170807,
1177401,urn:gleaner.io:oih:bodc:data:d31dd06b4d5ce307938d136fb947f3914e330b1a,none,False,False,,,,,0,0,https://api.linked-systems.uk/api/schema-org/dataset/1177401,
1171061,urn:gleaner.io:oih:bodc:data:c9ce70fd0fe195d200581c48549e84a02c95d9f4,none,False,False,,,,,0,0,https://api.linked-systems.uk/api/schema-org/dataset/1171061,
1927787,urn:gleaner.io:oih:bodc:data:d6431af939c75386cbe5c73ac74f4a13b07d6ce3,none,False,False,,,,,0,0,https://api.linked-systems.uk/api/schema-org/dataset/1927787,
2148166,urn:gleaner.io:oih:bodc:data:faa8bb6fc346c7f2d26c280d9e45cd04a6cf8735,none,False,False,,,,,0,0,https://api.linked-systems.uk/api/schema-org/dataset/2148166,
2051879,urn:gleaner.io:oih:bodc:data:b051b497e0209ec3a0257193b4d5c54aea0bbc1f,none,False,False,,,,,0,0,https://api.linked-systems.uk/api/schema-org/dataset/2051879,
1879661,urn:gleaner.io:oih:bodc:data:3a84f8b7ea5361dfc7a258ea921e0d36a37f2444,none,False,False,,,,,0,0,https://api.linked-systems.uk/api/schema-org/dataset/1879661,
2148836,urn:gleaner.io:oih:bodc:data:9e386b61a2e78670587137df8bc04ce2c29d05c7,tier1,True,False,DepBelowSurf,https://vocab.nerc.ac.uk/collection/P01/current/ADEPZZ01/,5.9,301.3,1,0,https://api.linked-systems.uk/api/schema-org/dataset/2148836,
1880650,urn:gleaner.io:oih:bodc:data:a23d267657750c65be43307d4b29af23c98a9a4d,tier1,True,False,DepBelowSurf,https://vocab.nerc.ac.uk/collection/P01/current/ADEPZZ01/,2,150,1,0,https://api.linked-systems.uk/api/schema-org/dataset/1880650,
1816807,urn:gleaner.io:oih:bodc:data:16beda9b6b91313fa2db7fb82dd60db6a47a99cd,none,False,False,,,,,0,0,https://api.linked-systems.uk/api/schema-org/dataset/1816807,
1836790,urn:gleaner.io:oih:bodc:data:3d9ed8356f1d0d682057abc2c995081e00ffc737,none,False,False,,,,,0,0,https://api.linked-systems.uk/api/schema-org/dataset/1836790,
1177321,urn:gleaner.io:oih:bodc:data:21fd7190df8bc00384de3d9d0a65e1adaeaebcad,none,False,False,,,,,0,0,https://api.linked-systems.uk/api/schema-org/dataset/1177321,
1879661,urn:gleaner.io:oih:bodc:data:9fac1e83d44b47fb6891dc42854ce1774e340609,none,False,False,,,,,0,0,https://api.linked-systems.uk/api/schema-org/dataset/1879661,
1928188,urn:gleaner.io:oih:bodc:data:5f7bc4413973e6bbc07e1ee79487361af21860d3,none,False,False,,,,,0,0,https://api.linked-systems.uk/api/schema-org/dataset/1928188,
1874275,urn:gleaner.io:oih:bodc:data:0e5690a9c65459a75f41fdf6f1d043e6655d4744,tier1,True,False,DepBelowSurf,https://vocab.nerc.ac.uk/collection/P01/current/ADEPZZ01/,11.6,2997.6,1,0,https://api.linked-systems.uk/api/schema-org/dataset/1874275,
2111878,urn:gleaner.io:oih:bodc:data:7e34aa03882fabbcf8cc5ed3e521a4935ebc36f5,none,False,False,,,,,0,0,https://api.linked-systems.uk/api/schema-org/dataset/2111878,
1226057,urn:gleaner.io:oih:bodc:data:814c2e2c65f5e9aa0c31f73f8635fe1cb1521943,none,False,False,,,,,0,0,https://api.linked-systems.uk/api/schema-org/dataset/1226057,
895638,urn:gleaner.io:oih:bodc:data:51a29ea1ef36026983e1dc9917b49a540b0cabe1,none,False,False,,,,,0,0,https://api.linked-systems.uk/api/schema-org/dataset/895638,
1880742,urn:gleaner.io:oih:bodc:data:1a2198157d9fe5822916dfb3692407b41b048ff6,tier1,True,False,DepBelowSurf,https://vocab.nerc.ac.uk/collection/P01/current/ADEPZZ01/,0,4800,1,0,https://api.linked-systems.uk/api/schema-org/dataset/1880742,
2013000,urn:gleaner.io:oih:bodc:data:4e61462aa23611748e1897a54436a65cd2b0e3f1,tier2,False,False,SFPG,https://vocab.nerc.ac.uk/collection/P01/current/DEPHFP01/,,,0,1,https://api.linked-systems.uk/api/schema-org/dataset/2013000,
2148098,urn:gleaner.io:oih:bodc:data:c6af6f9445bcdfedf2a12cc424c5b1113509b1fe,tier1,True,False,DepBelowSurf,https://vocab.nerc.ac.uk/collection/P01/current/ADEPZZ01/,5.6,300.7,1,0,https://api.linked-systems.uk/api/schema-org/dataset/2148098,
2148627,urn:gleaner.io:oih:bodc:data:24422c397dc255c31b7b4119d0df3769ec14281b,tier1,True,False,DepBelowSurf,https://vocab.nerc.ac.uk/collection/P01/current/ADEPZZ01/,6.3,301,1,0,https://api.linked-systems.uk/api/schema-org/dataset/2148627,
2026618,urn:gleaner.io:oih:bodc:data:d59ed9a1583e8267d133d052dd81505b786f86fe,tier_instrument,False,True,,,,,0,0,https://api.linked-systems.uk/api/schema-org/dataset/2026618,
2026606,urn:gleaner.io:oih:bodc:data:ff57ca234c24530b6ad6667f6d7006eeb16ee042,tier_instrument,False,True,,,,,0,0,https://api.linked-systems.uk/api/schema-org/dataset/2026606,
1170997,urn:gleaner.io:oih:bodc:data:0838b798509a01f0d0e7d6960482094521021a75,tier2,False,False,BinDep,https://vocab.nerc.ac.uk/collection/P01/current/DBINAA01/,11,407,0,1,https://api.linked-systems.uk/api/schema-org/dataset/1170997,
1170868,urn:gleaner.io:oih:bodc:data:2cb67d607df0ada4e359c2233aff759ef27c09a0,tier2,False,False,BinDep,https://vocab.nerc.ac.uk/collection/P01/current/DBINAA01/,11,407,0,1,https://api.linked-systems.uk/api/schema-org/dataset/1170868,
1916845,urn:gleaner.io:oih:bodc:data:571dde875829c4627365cd36a0cce920a339ed93,none,False,False,,,,,0,0,https://api.linked-systems.uk/api/schema-org/dataset/1916845,
1989681,urn:gleaner.io:oih:bodc:data:d87b414f4aefabdeba1d136468830a6aca093fbf,none,False,False,,,,,0,0,https://api.linked-systems.uk/api/schema-org/dataset/1989681,
1346871,urn:gleaner.io:oih:bodc:data:a6eee1234e8624fe73282637cbb27972da65fbef,tier1,True,False,DepBelowSurf,https://vocab.nerc.ac.uk/collection/P01/current/ADEPZZ01/,7.3,1001.4,1,0,https://api.linked-systems.uk/api/schema-org/dataset/1346871,
1876663,urn:gleaner.io:oih:bodc:data:2c819af9354bf48627761589c65c0606dbf95fb8,tier1,True,False,DepBelowSurf,https://vocab.nerc.ac.uk/collection/P01/current/ADEPZZ01/,4.8,209.1,1,0,https://api.linked-systems.uk/api/schema-org/dataset/1876663,
1759935,urn:gleaner.io:oih:bodc:data:b2944d50ccc2fd753aad53a55039fa29e432659c,none,False,False,,,,,0,0,https://api.linked-systems.uk/api/schema-org/dataset/1759935,
1177855,urn:gleaner.io:oih:bodc:data:6cd0d03268fc0580a2ebabe113d6f5779c304c26,none,False,False,,,,,0,0,https://api.linked-systems.uk/api/schema-org/dataset/1177855,
2118970,urn:gleaner.io:oih:bodc:data:168e6d399a9fd3ab36459a54b5e0d8db7adbd13f,none,False,False,,,,,0,0,https://api.linked-systems.uk/api/schema-org/dataset/2118970,
2001705,urn:gleaner.io:oih:bodc:data:690bdced25dfbbbb549a72e5b3beffd058103bb1,tier1,True,False,DepBelowSurf,https://vocab.nerc.ac.uk/collection/P01/current/ADEPZZ01/,9.9,100.5,1,0,https://api.linked-systems.uk/api/schema-org/dataset/2001705,
1975716,urn:gleaner.io:oih:bodc:data:75ba178fd0260a9f5f0e4955562dc68fe440b802,none,False,False,,,,,0,0,https://api.linked-systems.uk/api/schema-org/dataset/1975716,
1879636,urn:gleaner.io:oih:bodc:data:429eed2126371caa20a264801e2549346d83c58e,none,False,False,,,,,0,0,https://api.linked-systems.uk/api/schema-org/dataset/1879636,
1350765,urn:gleaner.io:oih:bodc:data:85c4c574a39a035667f327c36d2ba1ce8958c8bb,none,False,False,,,,,0,0,https://api.linked-systems.uk/api/schema-org/dataset/1350765,
1929051,urn:gleaner.io:oih:bodc:data:7f5b01f5f4a77bff8ed4d04f26f66599f4ed262a,tier1,True,False,DepBelowSurf,https://vocab.nerc.ac.uk/collection/P01/current/ADEPZZ01/,34.7,4829.4,1,0,https://api.linked-systems.uk/api/schema-org/dataset/1929051,
2046994,urn:gleaner.io:oih:bodc:data:275bc96404086bd713717c5a6da4206218332f93,none,False,False,,,,,0,0,https://api.linked-systems.uk/api/schema-org/dataset/2046994,
1226230,urn:gleaner.io:oih:bodc:data:fd13fe9976ff8ead25397c097fb662100211c295,none,False,False,,,,,0,0,https://api.linked-systems.uk/api/schema-org/dataset/1226230,
1177505,urn:gleaner.io:oih:bodc:data:6d8acaa8b8a0bf083039c2f6513de59987250e01,none,False,False,,,,,0,0,https://api.linked-systems.uk/api/schema-org/dataset/1177505,
2138713,urn:gleaner.io:oih:bodc:data:6f77c05ff9665b2fb5f576f2ad41b034dc90d00d,none,False,False,,,,,0,0,https://api.linked-systems.uk/api/schema-org/dataset/2138713,
2107879,urn:gleaner.io:oih:bodc:data:68ce99ae4f3eddc189187a6b1e6ae87e065f9eed,tier1,True,False,DepBelowSurf,https://vocab.nerc.ac.uk/collection/P01/current/ADEPZZ01/,25,200,1,0,https://api.linked-systems.uk/api/schema-org/dataset/2107879,
2107634,urn:gleaner.io:oih:bodc:data:7128e9b552e871c032b05baafe1fce921742c8d8,none,False,False,,,,,0,0,https://api.linked-systems.uk/api/schema-org/dataset/2107634,
895626,urn:gleaner.io:oih:bodc:data:b197f33ccae580cd6ff85e2670b4d691e82382bb,none,False,False,,,,,0,0,https://api.linked-systems.uk/api/schema-org/dataset/895626,
2148363,urn:gleaner.io:oih:bodc:data:95903f4c7bd4a6ae7e502542344a8a23c857620f,none,False,False,,,,,0,0,https://api.linked-systems.uk/api/schema-org/dataset/2148363,
2148338,urn:gleaner.io:oih:bodc:data:2d4accf88392ea9e0be22da95bc4ba1eb001c14f,none,False,False,,,,,0,0,https://api.linked-systems.uk/api/schema-org/dataset/2148338,
1177369,urn:gleaner.io:oih:bodc:data:c567080a197e3c97704ede5951672402321d8359,none,False,False,,,,,0,0,https://api.linked-systems.uk/api/schema-org/dataset/1177369,
2046331,urn:gleaner.io:oih:bodc:data:05a72738661457651301e5476ce7ff7a5026371a,none,False,False,,,,,0,0,https://api.linked-systems.uk/api/schema-org/dataset/2046331,
2107646,urn:gleaner.io:oih:bodc:data:0936334cce965c3f5e0cf28d867ede8016939564,none,False,False,,,,,0,0,https://api.linked-systems.uk/api/schema-org/dataset/2107646,
945170,urn:gleaner.io:oih:bodc:data:3f406e084ea613b84bd93d64a99d9669730acab4,none,False,False,,,,,0,0,https://api.linked-systems.uk/api/schema-org/dataset/945170,
1929099,urn:gleaner.io:oih:bodc:data:7dfc60b6c50fc99cbb405cc61b11de9514301cce,none,False,False,,,,,0,0,https://api.linked-systems.uk/api/schema-org/dataset/1929099,
1816868,urn:gleaner.io:oih:bodc:data:f1b8629436309a5c7c90d63abd4a8966e9a6abee,none,False,False,,,,,0,0,https://api.linked-systems.uk/api/schema-org/dataset/1816868,
1171097,urn:gleaner.io:oih:bodc:data:7604f1a1918269ddd8029da93b78b08bb8e820b3,tier2,False,False,BinDep,https://vocab.nerc.ac.uk/collection/P01/current/DBINAA01/,11,407,0,1,https://api.linked-systems.uk/api/schema-org/dataset/1171097,
1874392,urn:gleaner.io:oih:bodc:data:808a52be6941f58215d2245c1bd3fe9af3404283,tier1,True,False,DepBelowSurf,https://vocab.nerc.ac.uk/collection/P01/current/ADEPZZ01/,5,100,1,0,https://api.linked-systems.uk/api/schema-org/dataset/1874392,
1879600,urn:gleaner.io:oih:bodc:data:98d8dd9d39426384cce6a585a49a0b2efe69b4ee,none,False,False,,,,,0,0,https://api.linked-systems.uk/api/schema-org/dataset/1879600,
1177622,urn:gleaner.io:oih:bodc:data:ffa63b71e205225b54b0b33215782d4604528d8e,none,False,False,,,,,0,0,https://api.linked-systems.uk/api/schema-org/dataset/1177622,
2138725,urn:gleaner.io:oih:bodc:data:a6615b7335e17bd30c5b11d4520175a3712dfb52,tier1,True,False,DepBelowSurf,https://vocab.nerc.ac.uk/collection/P01/current/ADEPZZ01/,12.3,501,1,0,https://api.linked-systems.uk/api/schema-org/dataset/2138725,
1170856,urn:gleaner.io:oih:bodc:data:5389b530310aa096ed6a351c912724e5e409b000,none,False,False,,,,,0,0,https://api.linked-systems.uk/api/schema-org/dataset/1170856,
2001649,urn:gleaner.io:oih:bodc:data:20dca755f65389db3a677c492360beb218997e22,tier1,True,False,DepBelowSurf,https://vocab.nerc.ac.uk/collection/P01/current/ADEPZZ01/,9.9,199.4,1,0,https://api.linked-systems.uk/api/schema-org/dataset/2001649,
1816788,urn:gleaner.io:oih:bodc:data:2ed7078913990ec9fd019f7e8dc8e03e162bdde8,none,False,False,,,,,0,0,https://api.linked-systems.uk/api/schema-org/dataset/1816788,
1225828,urn:gleaner.io:oih:bodc:data:cce5025ff4647543d201cacb53243a9f2e2b0dab,tier_instrument,False,True,,,,,0,0,https://api.linked-systems.uk/api/schema-org/dataset/1225828,
1346963,urn:gleaner.io:oih:bodc:data:244a5a92f093f92b00e3f55f83f2dfed55a6e202,none,False,False,,,,,0,0,https://api.linked-systems.uk/api/schema-org/dataset/1346963,
1880809,urn:gleaner.io:oih:bodc:data:1efd03e47a99c852eabfa26308c987a517a5921a,tier1,True,False,DepBelowSurf,https://vocab.nerc.ac.uk/collection/P01/current/ADEPZZ01/,2,80,1,0,https://api.linked-systems.uk/api/schema-org/dataset/1880809,
2014746,urn:gleaner.io:oih:bodc:data:264eab0d2bde37b4e143fca0db6471c8caa26464,none,False,False,,,,,0,0,https://api.linked-systems.uk/api/schema-org/dataset/2014746,
2107763,urn:gleaner.io:oih:bodc:data:8734da3fff5c9911095f48eddd2a072306f720f4,tier1,True,False,DepBelowSurf,https://vocab.nerc.ac.uk/collection/P01/current/ADEPZZ01/,25,90,1,0,https://api.linked-systems.uk/api/schema-org/dataset/2107763,
1928176,urn:gleaner.io:oih:bodc:data:aa7fc8cb1f1e2f2c54da281b5025daa5a7bcfd3a,none,False,False,,,,,0,0,https://api.linked-systems.uk/api/schema-org/dataset/1928176,
1177591,urn:gleaner.io:oih:bodc:data:ad5a160741e94cbd8e848ba530f8484f966b7bac,none,False,False,,,,,0,0,https://api.linked-systems.uk/api/schema-org/dataset/1177591,
1177658,urn:gleaner.io:oih:bodc:data:99492eb075cc87661ee641adea5bff58b5d20252,none,False,False,,,,,0,0,https://api.linked-systems.uk/api/schema-org/dataset/1177658,
1836808,urn:gleaner.io:oih:bodc:data:836049dca39393644844ff93d12b5975ec9d52be,none,False,False,,,,,0,0,https://api.linked-systems.uk/api/schema-org/dataset/1836808,
1347388,urn:gleaner.io:oih:bodc:data:c5e9dac7fdecccc1f9de1f54e6cb58ebb39c205c,tier1,True,False,DepBelowSurf,https://vocab.nerc.ac.uk/collection/P01/current/ADEPZZ01/,4.4,100,1,0,https://api.linked-systems.uk/api/schema-org/dataset/1347388,
2138749,urn:gleaner.io:oih:bodc:data:afa0d9c1e248f48bd669f59f1a25bbd2a3af9083,none,False,False,,,,,0,0,https://api.linked-systems.uk/api/schema-org/dataset/2138749,
774762,urn:gleaner.io:oih:bodc:data:69b9577091c3b261bdf260a79e8ade11543b4b9f,none,False,False,,,,,0,0,https://api.linked-systems.uk/api/schema-org/dataset/774762,
1880730,urn:gleaner.io:oih:bodc:data:80b142d26de8971391417a8528b6bc13d5b615c2,none,False,False,,,,,0,0,https://api.linked-systems.uk/api/schema-org/dataset/1880730,
1226125,urn:gleaner.io:oih:bodc:data:71843a6025a412e993ca9990d15f639b543ae150,none,False,False,,,,,0,0,https://api.linked-systems.uk/api/schema-org/dataset/1226125,
2148800,urn:gleaner.io:oih:bodc:data:81b6840d6c21070bff0f4a75c7b705d9d8e9da24,none,False,False,,,,,0,0,https://api.linked-systems.uk/api/schema-org/dataset/2148800,
1916882,urn:gleaner.io:oih:bodc:data:ab3da601194455fd68097ff85420846e884323ad,tier1,True,False,DepBelowSurf,https://vocab.nerc.ac.uk/collection/P01/current/ADEPZZ01/,34.7,4829.4,1,0,https://api.linked-systems.uk/api/schema-org/dataset/1916882,
1226310,urn:gleaner.io:oih:bodc:data:d07e716f35212479d24028ae8998ac2aa6bd282a,none,False,False,,,,,0,0,https://api.linked-systems.uk/api/schema-org/dataset/1226310,
1177738,urn:gleaner.io:oih:bodc:data:cdc16c04304180fe87eabd2d8e3ab6cae8723c1a,none,False,False,,,,,0,0,https://api.linked-systems.uk/api/schema-org/dataset/1177738,
2051775,urn:gleaner.io:oih:bodc:data:586bad65b1ef80dbd8d4cdfdd71d7fd2cb22999b,tier1,True,False,DepBelowSurf,https://vocab.nerc.ac.uk/collection/P01/current/ADEPZZ01/,8.2,102.7,1,0,https://api.linked-systems.uk/api/schema-org/dataset/2051775,
1927879,urn:gleaner.io:oih:bodc:data:910734fcc973e9b188e8868011d41656ecbe975e,tier1,True,False,DepBelowSurf,https://vocab.nerc.ac.uk/collection/P01/current/ADEPZZ01/,3,150,1,0,https://api.linked-systems.uk/api/schema-org/dataset/1927879,
2138725,urn:gleaner.io:oih:bodc:data:37dff5c4b42af82a5d88b3c75b61d983b0057b69,tier1,True,False,DepBelowSurf,https://vocab.nerc.ac.uk/collection/P01/current/ADEPZZ01/,12.3,501,1,0,https://api.linked-systems.uk/api/schema-org/dataset/2138725,
1226217,urn:gleaner.io:oih:bodc:data:50a766ab3ff92f82d99986c04d3523e9bf696ee5,tier_instrument,False,True,,,,,0,0,https://api.linked-systems.uk/api/schema-org/dataset/1226217,
1177634,urn:gleaner.io:oih:bodc:data:8e447fa1618272cb9b19135771a32a4827be9377,none,False,False,,,,,0,0,https://api.linked-systems.uk/api/schema-org/dataset/1177634,
2046970,urn:gleaner.io:oih:bodc:data:96680be30e2a5795faf19729717f7a175ba3c11f,none,False,False,,,,,0,0,https://api.linked-systems.uk/api/schema-org/dataset/2046970,
1929002,urn:gleaner.io:oih:bodc:data:3587975d696d1f2977fbcbbb1d2ecd32e4e69f3e,none,False,False,,,,,0,0,https://api.linked-systems.uk/api/schema-org/dataset/1929002,
2013012,urn:gleaner.io:oih:bodc:data:10923400eb2b974c09684eee11f4ffc9cae86046,none,False,False,,,,,0,0,https://api.linked-systems.uk/api/schema-org/dataset/2013012,
2026631,urn:gleaner.io:oih:bodc:data:22dba547ed994aa611075eaef8fc70d45b7490f0,none,False,False,,,,,0,0,https://api.linked-systems.uk/api/schema-org/dataset/2026631,
1170832,urn:gleaner.io:oih:bodc:data:c5ec72d2c65dbd9275560cbae307c7b93a48ad6f,none,False,False,,,,,0,0,https://api.linked-systems.uk/api/schema-org/dataset/1170832,
2111854,urn:gleaner.io:oih:bodc:data:21915d95efc2bcb0f551e7f44d4da9f74c442815,none,False,False,,,,,0,0,https://api.linked-systems.uk/api/schema-org/dataset/2111854,
1226266,urn:gleaner.io:oih:bodc:data:5f6b2ae3b664a91c4f88dbde979e707af9f77cbc,tier_instrument,False,True,,,,,0,0,https://api.linked-systems.uk/api/schema-org/dataset/1226266,
2148928,urn:gleaner.io:oih:bodc:data:3d2f0229893918520b4efaac2d7ee7459b552be3,tier1,True,False,DepBelowSurf,https://vocab.nerc.ac.uk/collection/P01/current/ADEPZZ01/,4.9,99.4,1,0,https://api.linked-systems.uk/api/schema-org/dataset/2148928,
2048835,urn:gleaner.io:oih:bodc:data:14eaf54c0e55975b312dc9ebb8c591172a67e512,tier_instrument,False,True,,,,,0,0,https://api.linked-systems.uk/api/schema-org/dataset/2048835,
2148130,urn:gleaner.io:oih:bodc:data:c8fbc0f083f8d37d24c951cbab57aac410924155,tier1,True,False,DepBelowSurf,https://vocab.nerc.ac.uk/collection/P01/current/ADEPZZ01/,5.9,301,1,0,https://api.linked-systems.uk/api/schema-org/dataset/2148130,
2107775,urn:gleaner.io:oih:bodc:data:a0f91e66f9ec980ffd94d52bf7338c9efefcd095,none,False,False,,,,,0,0,https://api.linked-systems.uk/api/schema-org/dataset/2107775,
1347002,urn:gleaner.io:oih:bodc:data:2575ff8afc4ad525360c895b3a63dc1e846c0d37,tier1,True,False,DepBelowSurf,https://vocab.nerc.ac.uk/collection/P01/current/ADEPZZ01/,6.2,999.6,1,0,https://api.linked-systems.uk/api/schema-org/dataset/1347002,
1816900,urn:gleaner.io:oih:bodc:data:cd34e373807af003eed52d3be4ec17952b13fe30,tier2,False,False,Start_depth,https://vocab.nerc.ac.uk/collection/P01/current/DEPHPRST/,0.99,349.71,0,1,https://api.linked-systems.uk/api/schema-org/dataset/1816900,
1874238,urn:gleaner.io:oih:bodc:data:ffa2578f3d02587a90ff5f9dee2c518e08063c18,none,False,False,,,,,0,0,https://api.linked-systems.uk/api/schema-org/dataset/1874238,
2048780,urn:gleaner.io:oih:bodc:data:cd33cb85dba929b39aecb0e76e2345bbb87d8e02,none,False,False,,,,,0,0,https://api.linked-systems.uk/api/schema-org/dataset/2048780,
1880778,urn:gleaner.io:oih:bodc:data:347c7712a94d99dcb0fd25ddbb3827d25dd389c3,none,False,False,,,,,0,0,https://api.linked-systems.uk/api/schema-org/dataset/1880778,
2148314,urn:gleaner.io:oih:bodc:data:5151086e03f9bf9211b003bc0f9ac0ffcd1b4d5d,tier1,True,False,DepBelowSurf,https://vocab.nerc.ac.uk/collection/P01/current/ADEPZZ01/,5.9,301.3,1,0,https://api.linked-systems.uk/api/schema-org/dataset/2148314,
2051880,urn:gleaner.io:oih:bodc:data:73dd5683cec98b228487d6ed29705a69ee129797,none,False,False,,,,,0,0,https://api.linked-systems.uk/api/schema-org/dataset/2051880,
2138762,urn:gleaner.io:oih:bodc:data:62d8c338101a3ec30f4eeb9c20e2361f0f4353b5,none,False,False,,,,,0,0,https://api.linked-systems.uk/api/schema-org/dataset/2138762,
2022992,urn:gleaner.io:oih:bodc:data:85d8f1ca08d33c271d93acfbac86d7f097db077f,none,False,False,,,,,0,0,https://api.linked-systems.uk/api/schema-org/dataset/2022992,
1170893,urn:gleaner.io:oih:bodc:data:f6340fd4c0d5cca295e7857a5d3140e41952a913,tier2,False,False,BinDep,https://vocab.nerc.ac.uk/collection/P01/current/DBINAA01/,11,407,0,1,https://api.linked-systems.uk/api/schema-org/dataset/1170893,
1975716,urn:gleaner.io:oih:bodc:data:6716331d870e8039fc66ee45b02e5272d8f767e6,none,False,False,,,,,0,0,https://api.linked-systems.uk/api/schema-org/dataset/1975716,
1920820,urn:gleaner.io:oih:bodc:data:4933b56378b04b81be95169e20d11b1683bd199e,none,False,False,,,,,0,0,https://api.linked-systems.uk/api/schema-org/dataset/1920820,
1927775,urn:gleaner.io:oih:bodc:data:6af67190cabb6e520382872571507fc572b4f68c,none,False,False,,,,,0,0,https://api.linked-systems.uk/api/schema-org/dataset/1927775,
2107879,urn:gleaner.io:oih:bodc:data:7d4e1dc0702ed20d63b9216f67506240960bb260,tier1,True,False,DepBelowSurf,https://vocab.nerc.ac.uk/collection/P01/current/ADEPZZ01/,25,200,1,0,https://api.linked-systems.uk/api/schema-org/dataset/2107879,
1836556,urn:gleaner.io:oih:bodc:data:cc7b943aa49426c245152da1f03b8474b9fb7c60,none,False,False,,,,,0,0,https://api.linked-systems.uk/api/schema-org/dataset/1836556,
1177622,urn:gleaner.io:oih:bodc:data:a4376e13dab9a716b851ae1c02cfa7fe50f53cae,none,False,False,,,,,0,0,https://api.linked-systems.uk/api/schema-org/dataset/1177622,
2026618,urn:gleaner.io:oih:bodc:data:dabcfd42b8e41762dd8c1a3c5de85092ac86b1d3,tier_instrument,False,True,,,,,0,0,https://api.linked-systems.uk/api/schema-org/dataset/2026618,
888120,urn:gleaner.io:oih:bodc:data:cc07537fb9eb9c8dcdf234a6b7a61dc9274e6752,none,False,False,,,,,0,0,https://api.linked-systems.uk/api/schema-org/dataset/888120,
2004186,urn:gleaner.io:oih:bodc:data:45a06dfe66eb515418937dc75f0e1df72b4a70ee,none,False,False,,,,,0,0,https://api.linked-systems.uk/api/schema-org/dataset/2004186,
1171036,urn:gleaner.io:oih:bodc:data:5a5035fa13a645e6460bfc20b13630778514caab,tier2,False,False,BinDep,https://vocab.nerc.ac.uk/collection/P01/current/DBINAA01/,11,407,0,1,https://api.linked-systems.uk/api/schema-org/dataset/1171036,
2048835,urn:gleaner.io:oih:bodc:data:613275016cec4db00a9ad84616f4f8da9ef517e0,tier_instrument,False,True,,,,,0,0,https://api.linked-systems.uk/api/schema-org/dataset/2048835,
1989668,urn:gleaner.io:oih:bodc:data:8cc0ac1ab6829f016b00e49d8ecb60b886a987ac,tier1,True,False,DepBelowSurf,https://vocab.nerc.ac.uk/collection/P01/current/ADEPZZ01/,9.4,4733,1,0,https://api.linked-systems.uk/api/schema-org/dataset/1989668,
1177474,urn:gleaner.io:oih:bodc:data:f6e8c5a1683667af9f7c925a5e46be6404d926cb,none,False,False,,,,,0,0,https://api.linked-systems.uk/api/schema-org/dataset/1177474,
1816900,urn:gleaner.io:oih:bodc:data:408bc3c0db3ae2332c304e77e452020046f92ec7,none,False,False,,,,,0,0,https://api.linked-systems.uk/api/schema-org/dataset/1816900,
1177369,urn:gleaner.io:oih:bodc:data:cce56c9e8fedf512fb84acceaf3536415b831f91,none,False,False,,,,,0,0,https://api.linked-systems.uk/api/schema-org/dataset/1177369,
1177799,urn:gleaner.io:oih:bodc:data:c61cc2ae59827b365ced1ab4bfb93f90fe0091a8,none,False,False,,,,,0,0,https://api.linked-systems.uk/api/schema-org/dataset/1177799,
2046202,urn:gleaner.io:oih:bodc:data:f626e469e3c9523a71dd036cf3f4d13556329046,tier1,True,False,DepBelowSurf,https://vocab.nerc.ac.uk/collection/P01/current/ADEPZZ01/,12.6,1001.5,1,0,https://api.linked-systems.uk/api/schema-org/dataset/2046202,
2148492,urn:gleaner.io:oih:bodc:data:225fad2410165feda461436bfd2c46172f3af072,tier1,True,False,DepBelowSurf,https://vocab.nerc.ac.uk/collection/P01/current/ADEPZZ01/,5.4,301.8,1,0,https://api.linked-systems.uk/api/schema-org/dataset/2148492,
2138762,urn:gleaner.io:oih:bodc:data:4f49bee3cbd981e8a1349f2d6805b931c7c3e2bc,none,False,False,,,,,0,0,https://api.linked-systems.uk/api/schema-org/dataset/2138762,
1874263,urn:gleaner.io:oih:bodc:data:4a6c23b3424c656d9a2b5208365589df83a3b977,tier1,True,False,DepBelowSurf,https://vocab.nerc.ac.uk/collection/P01/current/ADEPZZ01/,12.9,1499.6,1,0,https://api.linked-systems.uk/api/schema-org/dataset/1874263,
1816856,urn:gleaner.io:oih:bodc:data:1864368522918d46c122d61b17a72f6b4f2ff98b,tier2,False,False,Start_depth,https://vocab.nerc.ac.uk/collection/P01/current/DEPHPRST/,2.97,415.03,0,1,https://api.linked-systems.uk/api/schema-org/dataset/1816856,
1880674,urn:gleaner.io:oih:bodc:data:02c12689618f65a8c610daed7a5e373b92fd5c29,tier1,True,False,DepBelowSurf,https://vocab.nerc.ac.uk/collection/P01/current/ADEPZZ01/,3,90,1,0,https://api.linked-systems.uk/api/schema-org/dataset/1880674,
2048699,urn:gleaner.io:oih:bodc:data:611a5b1a7a8074fd9758f3986fcb6eb9cea40e3e,none,False,False,,,,,0,0,https://api.linked-systems.uk/api/schema-org/dataset/2048699,
1058137,urn:gleaner.io:oih:bodc:data:83d2642e3af0943c255199cfd624e7c3d07e060d,tier1,True,False,DepBelowSurf,https://vocab.nerc.ac.uk/collection/P01/current/ADEPZZ01/,,,1,0,https://api.linked-systems.uk/api/schema-org/dataset/1058137,
2026907,urn:gleaner.io:oih:bodc:data:e362d949be95fed86bf4c6f0b2ac577caf75abc2,tier2,False,False,SFPG,https://vocab.nerc.ac.uk/collection/P01/current/DEPHFP01/,,,0,1,https://api.linked-systems.uk/api/schema-org/dataset/2026907,
1916882,urn:gleaner.io:oih:bodc:data:2520b84afabfaf3676edc40c70c11e73c0b3bcd3,none,False,False,,,,,0,0,https://api.linked-systems.uk/api/schema-org/dataset/1916882,
1177530,urn:gleaner.io:oih:bodc:data:0c7d8eedf2e631f2b658247c931ff004c438b37d,none,False,False,,,,,0,0,https://api.linked-systems.uk/api/schema-org/dataset/1177530,
2119045,urn:gleaner.io:oih:bodc:data:3e5c277866a27c1f6fc40b952e42a1af52c3112f,tier1,True,False,DepBelowSurf,https://vocab.nerc.ac.uk/collection/P01/current/ADEPZZ01/,10.5,2495.3,1,0,https://api.linked-systems.uk/api/schema-org/dataset/2119045,
2148596,urn:gleaner.io:oih:bodc:data:6fb5a8f761fdcceed06c0b0eab5c4a9a752fcd6f,none,False,False,,,,,0,0,https://api.linked-systems.uk/api/schema-org/dataset/2148596,
1177610,urn:gleaner.io:oih:bodc:data:8176bdd08cf2e7439135bf8441ee7463b28b3076,none,False,False,,,,,0,0,https://api.linked-systems.uk/api/schema-org/dataset/1177610,
888144,urn:gleaner.io:oih:bodc:data:90f3f2be77e3e2bbe199505122934c8eb2ccf822,none,False,False,,,,,0,0,https://api.linked-systems.uk/api/schema-org/dataset/888144,
2001625,urn:gleaner.io:oih:bodc:data:9ae8fb23b1f751737177f1e287c9ff52b1731fe0,tier1,True,False,DepBelowSurf,https://vocab.nerc.ac.uk/collection/P01/current/ADEPZZ01/,10.4,991.1,1,0,https://api.linked-systems.uk/api/schema-org/dataset/2001625,
1916869,urn:gleaner.io:oih:bodc:data:32ca84e20aa380d0649d7d5aedafbaefe88d6a77,tier1,True,False,DepBelowSurf,https://vocab.nerc.ac.uk/collection/P01/current/ADEPZZ01/,5.3,100.2,1,0,https://api.linked-systems.uk/api/schema-org/dataset/1916869,
2107738,urn:gleaner.io:oih:bodc:data:848bc882f4f3bac0bd37dcea1797484ec7ffd4ba,none,False,False,,,,,0,0,https://api.linked-systems.uk/api/schema-org/dataset/2107738,
2148418,urn:gleaner.io:oih:bodc:data:ba56b8a8f64af2adff21d3e844346aa0748f444b,tier1,True,False,DepBelowSurf,https://vocab.nerc.ac.uk/collection/P01/current/ADEPZZ01/,,,1,0,https://api.linked-systems.uk/api/schema-org/dataset/2148418,
1347118,urn:gleaner.io:oih:bodc:data:9fd7d708115231aa8b82bf37384474b109a46a30,none,False,False,,,,,0,0,https://api.linked-systems.uk/api/schema-org/dataset/1347118,
888168,urn:gleaner.io:oih:bodc:data:c06b739ad41fdeda0cce5a3b3a1089eac2109f61,none,False,False,,,,,0,0,https://api.linked-systems.uk/api/schema-org/dataset/888168,
1879661,urn:gleaner.io:oih:bodc:data:cfc1e4e288c2158c70bfea07f96673711007b0bf,tier1,True,False,DepBelowSurf,https://vocab.nerc.ac.uk/collection/P01/current/ADEPZZ01/,25.6,4009.5,1,0,https://api.linked-systems.uk/api/schema-org/dataset/1879661,
1347014,urn:gleaner.io:oih:bodc:data:115a48e4837745db6c325f5e6c2699b8b44c9cc3,none,False,False,,,,,0,0,https://api.linked-systems.uk/api/schema-org/dataset/1347014,
2046367,urn:gleaner.io:oih:bodc:data:bd012e1d172333fcfd7e546f88be635ca20b714e,none,False,False,,,,,0,0,https://api.linked-systems.uk/api/schema-org/dataset/2046367,
1177529,urn:gleaner.io:oih:bodc:data:2a3bb0fc9f8cde5995ecc6e0505545897c8a4e21,none,False,False,,,,,0,0,https://api.linked-systems.uk/api/schema-org/dataset/1177529,
2115799,urn:gleaner.io:oih:bodc:data:622ef89b13716b3b8c12ba76229559d4b080cff1,none,False,False,,,,,0,0,https://api.linked-systems.uk/api/schema-org/dataset/2115799,
2153549,urn:gleaner.io:oih:bodc:data:0ad4f356943b59ee9ef9c3cb952ec5a3bb4438d2,tier1,True,False,DepBelowSurf,https://vocab.nerc.ac.uk/collection/P01/current/ADEPZZ01/,10,4827,1,0,https://api.linked-systems.uk/api/schema-org/dataset/2153549,
1177671,urn:gleaner.io:oih:bodc:data:38386fe4211885c09c2ca8fd18f475d360977f09,none,False,False,,,,,0,0,https://api.linked-systems.uk/api/schema-org/dataset/1177671,
1879593,urn:gleaner.io:oih:bodc:data:a937baf714092b3c1710f828333549928ce5acb1,tier1,True,False,DepBelowSurf,https://vocab.nerc.ac.uk/collection/P01/current/ADEPZZ01/,70.1,497.7,1,0,https://api.linked-systems.uk/api/schema-org/dataset/1879593,
1816807,urn:gleaner.io:oih:bodc:data:c80f986bf4332f1f289ef7c1a768038d18d47127,none,False,False,,,,,0,0,https://api.linked-systems.uk/api/schema-org/dataset/1816807,
2115879,urn:gleaner.io:oih:bodc:data:d9c5e5babd0a06e25929a4dd359571dad813e3cf,none,False,False,,,,,0,0,https://api.linked-systems.uk/api/schema-org/dataset/2115879,
1836808,urn:gleaner.io:oih:bodc:data:29e56e3c2f19726ba99b6a57e84aea1fd0ed9edd,none,False,False,,,,,0,0,https://api.linked-systems.uk/api/schema-org/dataset/1836808,
1916925,urn:gleaner.io:oih:bodc:data:26135d256d0ddc366f399690ae8c84c58798d0e2,none,False,False,,,,,0,0,https://api.linked-systems.uk/api/schema-org/dataset/1916925,
1989712,urn:gleaner.io:oih:bodc:data:3642a0c2ae477a86039d3f9fe4b9ea130e6a5207,tier1,True,False,DepBelowSurf,https://vocab.nerc.ac.uk/collection/P01/current/ADEPZZ01/,8.2,4734.6,1,0,https://api.linked-systems.uk/api/schema-org/dataset/1989712,
1928127,urn:gleaner.io:oih:bodc:data:ad5a138cc99034e9e9f38f5bcfef396008efa384,tier1,True,False,DepBelowSurf,https://vocab.nerc.ac.uk/collection/P01/current/ADEPZZ01/,25.6,599.4,1,0,https://api.linked-systems.uk/api/schema-org/dataset/1928127,
1880650,urn:gleaner.io:oih:bodc:data:404d738efbbf981b54e1024a6a1cce1e056b234d,none,False,False,,,,,0,0,https://api.linked-systems.uk/api/schema-org/dataset/1880650,
2148640,urn:gleaner.io:oih:bodc:data:96d1be61ca73580f02bea41a282d638d71a048ba,tier1,True,False,DepBelowSurf,https://vocab.nerc.ac.uk/collection/P01/current/ADEPZZ01/,6,301.2,1,0,https://api.linked-systems.uk/api/schema-org/dataset/2148640,
888193,urn:gleaner.io:oih:bodc:data:0d4668a97deb6258f7974219cf4b2bdc1526763a,none,False,False,,,,,0,0,https://api.linked-systems.uk/api/schema-org/dataset/888193,
1816844,urn:gleaner.io:oih:bodc:data:69e5c945573fd58570a3bc3d76a14d67d5ddeb1f,tier2,False,False,Start_depth,https://vocab.nerc.ac.uk/collection/P01/current/DEPHPRST/,2.97,393.26,0,1,https://api.linked-systems.uk/api/schema-org/dataset/1816844,
2107763,urn:gleaner.io:oih:bodc:data:56279ce9afb8e66a1f274d7f4412d09bfcebedba,none,False,False,,,,,0,0,https://api.linked-systems.uk/api/schema-org/dataset/2107763,
2014709,urn:gleaner.io:oih:bodc:data:362426da850b4f505261707d8fc023288af5ec91,none,False,False,,,,,0,0,https://api.linked-systems.uk/api/schema-org/dataset/2014709,
2111854,urn:gleaner.io:oih:bodc:data:6a7346cafab9c052aa2d7a6ed3633d1e8321f738,none,False,False,,,,,0,0,https://api.linked-systems.uk/api/schema-org/dataset/2111854,
888107,urn:gleaner.io:oih:bodc:data:a6f626ac649fbdc30c6de1f2b5ebb8eedf3bd71b,none,False,False,,,,,0,0,https://api.linked-systems.uk/api/schema-org/dataset/888107,
2148732,urn:gleaner.io:oih:bodc:data:e0810a32b4de5b2a8f23efce951eaf4140be658e,tier1,True,False,DepBelowSurf,https://vocab.nerc.ac.uk/collection/P01/current/ADEPZZ01/,7.2,302.1,1,0,https://api.linked-systems.uk/api/schema-org/dataset/2148732,
2107879,urn:gleaner.io:oih:bodc:data:e01a615b35a547a892cf4966122d543a1a210b15,none,False,False,,,,,0,0,https://api.linked-systems.uk/api/schema-org/dataset/2107879,
1177714,urn:gleaner.io:oih:bodc:data:2f763500675e5c7e6d0bc5544740aadb65d08180,none,False,False,,,,,0,0,https://api.linked-systems.uk/api/schema-org/dataset/1177714,
2153494,urn:gleaner.io:oih:bodc:data:13cee7ff8d261a3927e56e9b3467d2726e0c8aba,none,False,False,,,,,0,0,https://api.linked-systems.uk/api/schema-org/dataset/2153494,
2026631,urn:gleaner.io:oih:bodc:data:056e3b9943a76b7737876593ccd5ba4803330a9b,tier_instrument,False,True,,,,,0,0,https://api.linked-systems.uk/api/schema-org/dataset/2026631,
1347284,urn:gleaner.io:oih:bodc:data:67c6648888ad654b4363f7de29435653f845d318,tier1,True,False,DepBelowSurf,https://vocab.nerc.ac.uk/collection/P01/current/ADEPZZ01/,7.7,1001.4,1,0,https://api.linked-systems.uk/api/schema-org/dataset/1347284,
2153469,urn:gleaner.io:oih:bodc:data:ed4e5deb833fc4cd4fb2c4437c9ba54baa975d06,none,False,False,,,,,0,0,https://api.linked-systems.uk/api/schema-org/dataset/2153469,
2004229,urn:gleaner.io:oih:bodc:data:0aa3741a5db8987493cda425c1100ceeb163315a,none,False,False,,,,,0,0,https://api.linked-systems.uk/api/schema-org/dataset/2004229,
2107695,urn:gleaner.io:oih:bodc:data:a33db6e434d7e98b6fff4e6a495e5181b4c613e1,none,False,False,,,,,0,0,https://api.linked-systems.uk/api/schema-org/dataset/2107695,
2048811,urn:gleaner.io:oih:bodc:data:318a0a1d601c20ec4b75bb20699a43032c64e2f5,none,False,False,,,,,0,0,https://api.linked-systems.uk/api/schema-org/dataset/2048811,
2148719,urn:gleaner.io:oih:bodc:data:5d91a768e2b5f78fbe7a8661e30df8b27b847474,none,False,False,,,,,0,0,https://api.linked-systems.uk/api/schema-org/dataset/2148719,
1816727,urn:gleaner.io:oih:bodc:data:32fae4d8353b04475dd776f84b82b8193bbab9c2,tier2,False,False,Start_depth,https://vocab.nerc.ac.uk/collection/P01/current/DEPHPRST/,0.99,52.54,0,1,https://api.linked-systems.uk/api/schema-org/dataset/1816727,
1816868,urn:gleaner.io:oih:bodc:data:c110bdc23e3ca957803b345bca6b8636f1202e79,tier2,False,False,Start_depth,https://vocab.nerc.ac.uk/collection/P01/current/DEPHPRST/,4.96,349.71,0,1,https://api.linked-systems.uk/api/schema-org/dataset/1816868,
2014709,urn:gleaner.io:oih:bodc:data:756b6d6d644b722e3f9490d64ea48619ed2947ca,tier2,False,False,Start_depth,https://vocab.nerc.ac.uk/collection/P01/current/DEPHPRST/,0.99,4819.83,0,1,https://api.linked-systems.uk/api/schema-org/dataset/2014709,
1816844,urn:gleaner.io:oih:bodc:data:01af6f77527d109ebc4e5f2d42ef4fb6023bb814,none,False,False,,,,,0,0,https://api.linked-systems.uk/api/schema-org/dataset/1816844,
2153562,urn:gleaner.io:oih:bodc:data:b4dbea9cd05e86f38ea84befda4328f443b55ac1,none,False,False,,,,,0,0,https://api.linked-systems.uk/api/schema-org/dataset/2153562,
1347180,urn:gleaner.io:oih:bodc:data:be0db8cc0afbc73b95c438b33cf946f4f98b2c5a,tier1,True,False,DepBelowSurf,https://vocab.nerc.ac.uk/collection/P01/current/ADEPZZ01/,6.5,997.2,1,0,https://api.linked-systems.uk/api/schema-org/dataset/1347180,
1927787,urn:gleaner.io:oih:bodc:data:cc85d89f694f329fd43e257543ebde62d822c249,none,False,False,,,,,0,0,https://api.linked-systems.uk/api/schema-org/dataset/1927787,
1927738,urn:gleaner.io:oih:bodc:data:74b3317601452df3013aecd28896d11f3d523492,none,False,False,,,,,0,0,https://api.linked-systems.uk/api/schema-org/dataset/1927738,
1816819,urn:gleaner.io:oih:bodc:data:a5d9a53c7cc526aff1a333fa910bfbfdd8a11dbf,tier2,False,False,Start_depth,https://vocab.nerc.ac.uk/collection/P01/current/DEPHPRST/,4.96,351.68,0,1,https://api.linked-systems.uk/api/schema-org/dataset/1816819,
2048767,urn:gleaner.io:oih:bodc:data:cefa5862e63abacc09dba1d628154f4e8c4cc246,tier1,True,False,DepBelowSurf,https://vocab.nerc.ac.uk/collection/P01/current/ADEPZZ01/,13.1,801.4,1,0,https://api.linked-systems.uk/api/schema-org/dataset/2048767,
1922826,urn:gleaner.io:oih:bodc:data:d4d70cd53b632514676592deaf3a749558f1901e,none,False,False,,,,,0,0,https://api.linked-systems.uk/api/schema-org/dataset/1922826,
2004137,urn:gleaner.io:oih:bodc:data:f35207e20962681312945308c4d2df12af4fe7c4,tier1,True,False,DepBelowSurf,https://vocab.nerc.ac.uk/collection/P01/current/ADEPZZ01/,11.6,103,1,0,https://api.linked-systems.uk/api/schema-org/dataset/2004137,
1927738,urn:gleaner.io:oih:bodc:data:3a19419a0fc323c9f4c8010c41c5c83154b81cab,tier1,True,False,DepBelowSurf,https://vocab.nerc.ac.uk/collection/P01/current/ADEPZZ01/,5,150,1,0,https://api.linked-systems.uk/api/schema-org/dataset/1927738,
2048859,urn:gleaner.io:oih:bodc:data:1a4c719e19c6ff653078aa8d626740f640bdd845,tier2,False,False,SFPG,https://vocab.nerc.ac.uk/collection/P01/current/DEPHFP01/,,,0,1,https://api.linked-systems.uk/api/schema-org/dataset/2048859,
1874251,urn:gleaner.io:oih:bodc:data:af80beaf90229fd9481a55a3a2df69fd4e10690d,none,False,False,,,,,0,0,https://api.linked-systems.uk/api/schema-org/dataset/1874251,
2110666,urn:gleaner.io:oih:bodc:data:c74db92a63696841df9bfab96a580092f3e803c7,tier1,True,False,DepBelowSurf,https://vocab.nerc.ac.uk/collection/P01/current/ADEPZZ01/,499.7,4820.1,1,0,https://api.linked-systems.uk/api/schema-org/dataset/2110666,
1347063,urn:gleaner.io:oih:bodc:data:024cc5efca09b67900c235d110c14c3d64e44b7a,tier1,True,False,DepBelowSurf,https://vocab.nerc.ac.uk/collection/P01/current/ADEPZZ01/,5.8,300.9,1,0,https://api.linked-systems.uk/api/schema-org/dataset/1347063,
2014802,urn:gleaner.io:oih:bodc:data:ea001f75ec253fbd540f4ac0c13491c8dcab542d,none,False,False,,,,,0,0,https://api.linked-systems.uk/api/schema-org/dataset/2014802,
1177289,urn:gleaner.io:oih:bodc:data:c2d39a596b6c79afd4b6ba2dbc3e8fc5e4db7597,none,False,False,,,,,0,0,https://api.linked-systems.uk/api/schema-org/dataset/1177289,
2148209,urn:gleaner.io:oih:bodc:data:e0052d74df83c1036a027f58918c548c95681021,tier1,True,False,DepBelowSurf,https://vocab.nerc.ac.uk/collection/P01/current/ADEPZZ01/,5,300,1,0,https://api.linked-systems.uk/api/schema-org/dataset/2148209,
2148744,urn:gleaner.io:oih:bodc:data:21f506b84a96ce0044ef57d198a4d372d863f5a4,tier1,True,False,DepBelowSurf,https://vocab.nerc.ac.uk/collection/P01/current/ADEPZZ01/,4.9,300,1,0,https://api.linked-systems.uk/api/schema-org/dataset/2148744,
876512,urn:gleaner.io:oih:bodc:data:5b0ffd6de20a4c8220b122b33f316016189c3768,none,False,False,,,,,0,0,https://api.linked-systems.uk/api/schema-org/dataset/876512,
1177658,urn:gleaner.io:oih:bodc:data:f44e4fa8c1227a257d3d47b4776d99c585fc0a09,none,False,False,,,,,0,0,https://api.linked-systems.uk/api/schema-org/dataset/1177658,
1347284,urn:gleaner.io:oih:bodc:data:c5d1f4ea04c41570043897824f39bfeaca7f113f,tier1,True,False,DepBelowSurf,https://vocab.nerc.ac.uk/collection/P01/current/ADEPZZ01/,7.7,1001.4,1,0,https://api.linked-systems.uk/api/schema-org/dataset/1347284,
2148479,urn:gleaner.io:oih:bodc:data:2e966d28205105203e0bf5504be817eb53d70719,tier1,True,False,DepBelowSurf,https://vocab.nerc.ac.uk/collection/P01/current/ADEPZZ01/,5.5,301.2,1,0,https://api.linked-systems.uk/api/schema-org/dataset/2148479,
1225804,urn:gleaner.io:oih:bodc:data:cdcb7a7bcfda8f8ad63c0e2cfdb21c177fe30b29,none,False,False,,,,,0,0,https://api.linked-systems.uk/api/schema-org/dataset/1225804,
2048743,urn:gleaner.io:oih:bodc:data:d85d9ed818ebeb9b35d8cf1091e06f5a430339f6,none,False,False,,,,,0,0,https://api.linked-systems.uk/api/schema-org/dataset/2048743,
2148166,urn:gleaner.io:oih:bodc:data:5ff804e5eb7a1667d5c92f68fa0c9e5f99fe5c04,none,False,False,,,,,0,0,https://api.linked-systems.uk/api/schema-org/dataset/2148166,
2014746,urn:gleaner.io:oih:bodc:data:76bbde0e11cecdc57a08079baec66fefec7a0880,tier2,False,False,Start_depth,https://vocab.nerc.ac.uk/collection/P01/current/DEPHPRST/,6.94,2007.97,0,1,https://api.linked-systems.uk/api/schema-org/dataset/2014746,
1226094,urn:gleaner.io:oih:bodc:data:0ebe7ad48254ca7e027faf80a33585e38b87cce6,none,False,False,,,,,0,0,https://api.linked-systems.uk/api/schema-org/dataset/1226094,
2014710,urn:gleaner.io:oih:bodc:data:3418d44bfa319c84f788bb38f6b3aca11cc895d6,tier2,False,False,Start_depth,https://vocab.nerc.ac.uk/collection/P01/current/DEPHPRST/,8.92,104.08,0,1,https://api.linked-systems.uk/api/schema-org/dataset/2014710,
1346926,urn:gleaner.io:oih:bodc:data:d4628bbc8ce4e9e41a28d631321b4bac65626c22,tier1,True,False,DepBelowSurf,https://vocab.nerc.ac.uk/collection/P01/current/ADEPZZ01/,5.2,1000.3,1,0,https://api.linked-systems.uk/api/schema-org/dataset/1346926,
1874263,urn:gleaner.io:oih:bodc:data:2c8dad981dea9c497a88a9b6dfcb8411698ca87d,none,False,False,,,,,0,0,https://api.linked-systems.uk/api/schema-org/dataset/1874263,
1177345,urn:gleaner.io:oih:bodc:data:aaf62a2570eb0cbf000c1c2a6e633f5fc196507a,none,False,False,,,,,0,0,https://api.linked-systems.uk/api/schema-org/dataset/1177345,
1225816,urn:gleaner.io:oih:bodc:data:d697b4cc611d622848d6bf20c2b81af9cf6982f8,tier_instrument,False,True,,,,,0,0,https://api.linked-systems.uk/api/schema-org/dataset/1225816,
1347155,urn:gleaner.io:oih:bodc:data:16536341528a4be3a71985057afdcb221d031c2b,tier1,True,False,DepBelowSurf,https://vocab.nerc.ac.uk/collection/P01/current/ADEPZZ01/,4.7,987.1,1,0,https://api.linked-systems.uk/api/schema-org/dataset/1347155,
1177486,urn:gleaner.io:oih:bodc:data:16f92df9c4d1fd44b7bae03ed5fa2a888741ff70,none,False,False,,,,,0,0,https://api.linked-systems.uk/api/schema-org/dataset/1177486,
2153549,urn:gleaner.io:oih:bodc:data:5c1d721394dc4ea7ad390049c212830c06b5b064,none,False,False,,,,,0,0,https://api.linked-systems.uk/api/schema-org/dataset/2153549,
1816807,urn:gleaner.io:oih:bodc:data:637e66eeef24a32f16df4fd093f36d023f1efcee,tier2,False,False,Start_depth,https://vocab.nerc.ac.uk/collection/P01/current/DEPHPRST/,4.96,351.68,0,1,https://api.linked-systems.uk/api/schema-org/dataset/1816807,
1347315,urn:gleaner.io:oih:bodc:data:780a83383fdbd339bf669467c17c71cd0e4332c1,none,False,False,,,,,0,0,https://api.linked-systems.uk/api/schema-org/dataset/1347315,
2118982,urn:gleaner.io:oih:bodc:data:02ff39908350d8846cc7ccb7ce016d7d52284d56,none,False,False,,,,,0,0,https://api.linked-systems.uk/api/schema-org/dataset/2118982,
1170752,urn:gleaner.io:oih:bodc:data:3b2b639aa2e1d97cabad13292bd900109456c0ec,tier2,False,False,BinDep,https://vocab.nerc.ac.uk/collection/P01/current/DBINAA01/,11,407,0,1,https://api.linked-systems.uk/api/schema-org/dataset/1170752,
1816807,urn:gleaner.io:oih:bodc:data:67ffa4b77fff0e5ae6f5934f014a15db78515215,none,False,False,,,,,0,0,https://api.linked-systems.uk/api/schema-org/dataset/1816807,
2051787,urn:gleaner.io:oih:bodc:data:7ce0275ed687f5b8557f2c11092342f8806a9208,tier1,True,False,DepBelowSurf,https://vocab.nerc.ac.uk/collection/P01/current/ADEPZZ01/,6,4705.7,1,0,https://api.linked-systems.uk/api/schema-org/dataset/2051787,
1916833,urn:gleaner.io:oih:bodc:data:818ac975ad89a6aadf328cef5afd4037b8cfc01a,tier1,True,False,DepBelowSurf,https://vocab.nerc.ac.uk/collection/P01/current/ADEPZZ01/,8.8,4819.4,1,0,https://api.linked-systems.uk/api/schema-org/dataset/1916833,
2118945,urn:gleaner.io:oih:bodc:data:8d05cfbf9a941f879f335bb1eaf21a74e3ad5399,tier1,True,False,DepBelowSurf,https://vocab.nerc.ac.uk/collection/P01/current/ADEPZZ01/,20,99.5,1,0,https://api.linked-systems.uk/api/schema-org/dataset/2118945,
1226217,urn:gleaner.io:oih:bodc:data:de898523f537892ce475a980d067f0005ca088ef,tier_instrument,False,True,,,,,0,0,https://api.linked-systems.uk/api/schema-org/dataset/1226217,
1874367,urn:gleaner.io:oih:bodc:data:b464a60eda1f8edb7d0557cd601a87a927e73200,tier1,True,False,DepBelowSurf,https://vocab.nerc.ac.uk/collection/P01/current/ADEPZZ01/,10,350,1,0,https://api.linked-systems.uk/api/schema-org/dataset/1874367,
1225828,urn:gleaner.io:oih:bodc:data:ec892b5adc6d4fcc653bc8ec8b8cad8cc851e55c,tier_instrument,False,True,,,,,0,0,https://api.linked-systems.uk/api/schema-org/dataset/1225828,
1879624,urn:gleaner.io:oih:bodc:data:fb5a4e52fed2757cd3fbe8eeef02ef32795175fb,tier1,True,False,DepBelowSurf,https://vocab.nerc.ac.uk/collection/P01/current/ADEPZZ01/,,,1,0,https://api.linked-systems.uk/api/schema-org/dataset/1879624,
1350765,urn:gleaner.io:oih:bodc:data:39d6b9b99268e462c74a66890dcbb44c824334b1,none,False,False,,,,,0,0,https://api.linked-systems.uk/api/schema-org/dataset/1350765,
2111842,urn:gleaner.io:oih:bodc:data:78f5b567864556259c0d1e29de029cabe2696916,none,False,False,,,,,0,0,https://api.linked-systems.uk/api/schema-org/dataset/2111842,
2046275,urn:gleaner.io:oih:bodc:data:b49a937b74b7bab422b2efe1a159945ea11ea4f8,none,False,False,,,,,0,0,https://api.linked-systems.uk/api/schema-org/dataset/2046275,
1177401,urn:gleaner.io:oih:bodc:data:5fac2c9de0181cb763969bd917769f30cb07098c,none,False,False,,,,,0,0,https://api.linked-systems.uk/api/schema-org/dataset/1177401,
2046970,urn:gleaner.io:oih:bodc:data:3b4ef5cad743bcca7547407c3bc0b9a79d07bcb9,none,False,False,,,,,0,0,https://api.linked-systems.uk/api/schema-org/dataset/2046970,
2022433,urn:gleaner.io:oih:bodc:data:53afa30681891e151858951f7f404a850c63f5c5,none,False,False,,,,,0,0,https://api.linked-systems.uk/api/schema-org/dataset/2022433,
2026618,urn:gleaner.io:oih:bodc:data:7e3017449b86483ad7e77868db14de0ecd220abe,none,False,False,,,,,0,0,https://api.linked-systems.uk/api/schema-org/dataset/2026618,
2027818,urn:gleaner.io:oih:bodc:data:bff1cbf5e29e431cbd6a395b4fa6806246eac407,none,False,False,,,,,0,0,https://api.linked-systems.uk/api/schema-org/dataset/2027818,
2113443,urn:gleaner.io:oih:bodc:data:d10beeb92b0f330497921b9a0558763685aac7fa,none,False,False,,,,,0,0,https://api.linked-systems.uk/api/schema-org/dataset/2113443,
888168,urn:gleaner.io:oih:bodc:data:e72cfaf325b9c42650003011789e080891c6889b,none,False,False,,,,,0,0,https://api.linked-systems.uk/api/schema-org/dataset/888168,
2148707,urn:gleaner.io:oih:bodc:data:1de470822ac67e33f33bf4a79290bd2139b9daba,none,False,False,,,,,0,0,https://api.linked-systems.uk/api/schema-org/dataset/2148707,
2148848,urn:gleaner.io:oih:bodc:data:b5c85b29f3b69e64b4b123b589aac43144cd2396,none,False,False,,,,,0,0,https://api.linked-systems.uk/api/schema-org/dataset/2148848,
1171104,urn:gleaner.io:oih:bodc:data:f4597f5efe85ea459e6932cdd27d9b9cfbf87c63,tier2,False,False,BinDep,https://vocab.nerc.ac.uk/collection/P01/current/DBINAA01/,11,407,0,1,https://api.linked-systems.uk/api/schema-org/dataset/1171104,
2107578,urn:gleaner.io:oih:bodc:data:6c3beb83f2637084dea2b07f62492f26c4759374,tier1,True,False,DepBelowSurf,https://vocab.nerc.ac.uk/collection/P01/current/ADEPZZ01/,30.5,278.3,1,0,https://api.linked-systems.uk/api/schema-org/dataset/2107578,
1922863,urn:gleaner.io:oih:bodc:data:ca463206d8b23990909ec6f95ddf9fff1e7f3460,none,False,False,,,,,0,0,https://api.linked-systems.uk/api/schema-org/dataset/1922863,
1874306,urn:gleaner.io:oih:bodc:data:c2f15f21442a9ec668ddf7caecb0ef9c9bc3e6a1,none,False,False,,,,,0,0,https://api.linked-systems.uk/api/schema-org/dataset/1874306,
2105768,urn:gleaner.io:oih:bodc:data:64cc41165835e78f2a9d30ad714a9d0cf43c4bc8,none,False,False,,,,,0,0,https://api.linked-systems.uk/api/schema-org/dataset/2105768,
1226149,urn:gleaner.io:oih:bodc:data:67a16aba00ce158d58e4d4119739a6440759ce8d,none,False,False,,,,,0,0,https://api.linked-systems.uk/api/schema-org/dataset/1226149,
1347099,urn:gleaner.io:oih:bodc:data:84d5e651e33e78899199166dba5230733524cfad,none,False,False,,,,,0,0,https://api.linked-systems.uk/api/schema-org/dataset/1347099,
2148535,urn:gleaner.io:oih:bodc:data:c956371ecdfceb50e543a8bf552a18ef1e0ca505,tier1,True,False,DepBelowSurf,https://vocab.nerc.ac.uk/collection/P01/current/ADEPZZ01/,26.5,301.6,1,0,https://api.linked-systems.uk/api/schema-org/dataset/2148535,
1989620,urn:gleaner.io:oih:bodc:data:eaa0127741bff54628b4f6d48e20e890c950ed9e,none,False,False,,,,,0,0,https://api.linked-systems.uk/api/schema-org/dataset/1989620,
2107726,urn:gleaner.io:oih:bodc:data:004b538cb93e11b1a315db7ef959eb1d37d956c2,tier1,True,False,DepBelowSurf,https://vocab.nerc.ac.uk/collection/P01/current/ADEPZZ01/,15,65,1,0,https://api.linked-systems.uk/api/schema-org/dataset/2107726,
1226125,urn:gleaner.io:oih:bodc:data:271a43e7f7bfb01b01ba4075dfec9d3152f4d730,tier_instrument,False,True,,,,,0,0,https://api.linked-systems.uk/api/schema-org/dataset/1226125,
1347211,urn:gleaner.io:oih:bodc:data:74ffe2efd7468f3cf2063a844b41045e4762df5e,none,False,False,,,,,0,0,https://api.linked-systems.uk/api/schema-org/dataset/1347211,
1927775,urn:gleaner.io:oih:bodc:data:e9b6d5912b7e755fd226abfd90d56b3ed2b624e4,none,False,False,,,,,0,0,https://api.linked-systems.uk/api/schema-org/dataset/1927775,
2001674,urn:gleaner.io:oih:bodc:data:3b603916783813aa3e168263c4430e6cb806bc34,none,False,False,,,,,0,0,https://api.linked-systems.uk/api/schema-org/dataset/2001674,
2119045,urn:gleaner.io:oih:bodc:data:584ddd291c31dce692eaae84fac14105410dbebd,tier1,True,False,DepBelowSurf,https://vocab.nerc.ac.uk/collection/P01/current/ADEPZZ01/,10.5,2495.3,1,0,https://api.linked-systems.uk/api/schema-org/dataset/2119045,
2073617,urn:gleaner.io:oih:bodc:data:0d8b7ac71085aae3c07fca31141cd13d156c98b8,none,False,False,,,,,0,0,https://api.linked-systems.uk/api/schema-org/dataset/2073617,
1346902,urn:gleaner.io:oih:bodc:data:3a48c35c4c401ae8f56e445e0bac03d3c12b8180,none,False,False,,,,,0,0,https://api.linked-systems.uk/api/schema-org/dataset/1346902,
2143383,urn:gleaner.io:oih:bodc:data:98524c1083b720fea0cdfa48c132340b68251524,none,False,False,,,,,0,0,https://api.linked-systems.uk/api/schema-org/dataset/2143383,
2046318,urn:gleaner.io:oih:bodc:data:23c35d2f3d44d32f57acadfa79dde71f15bb9883,none,False,False,,,,,0,0,https://api.linked-systems.uk/api/schema-org/dataset/2046318,
2113443,urn:gleaner.io:oih:bodc:data:c64c0fb7c3751b378adda68d71299b19c58f2157,none,False,False,,,,,0,0,https://api.linked-systems.uk/api/schema-org/dataset/2113443,
1347038,urn:gleaner.io:oih:bodc:data:227d3f3bda440b799310ed6a64c17071eec2dbdc,tier1,True,False,DepBelowSurf,https://vocab.nerc.ac.uk/collection/P01/current/ADEPZZ01/,5.9,251.1,1,0,https://api.linked-systems.uk/api/schema-org/dataset/1347038,
2115867,urn:gleaner.io:oih:bodc:data:303fea73fd5506418420038995928de7b9b25791,none,False,False,,,,,0,0,https://api.linked-systems.uk/api/schema-org/dataset/2115867,
2111891,urn:gleaner.io:oih:bodc:data:dfab64d8dbc3541138495b8d63f383790db386f5,none,False,False,,,,,0,0,https://api.linked-systems.uk/api/schema-org/dataset/2111891,
1226137,urn:gleaner.io:oih:bodc:data:ce07ab6e25096c36cc7c6f9519ecf9fdabd0fef1,tier_instrument,False,True,,,,,0,0,https://api.linked-systems.uk/api/schema-org/dataset/1226137,
1346926,urn:gleaner.io:oih:bodc:data:4c9d850a00366f37afcf5ebafab002d67c833dcf,none,False,False,,,,,0,0,https://api.linked-systems.uk/api/schema-org/dataset/1346926,
1874275,urn:gleaner.io:oih:bodc:data:0500b33ce30c78d23f224ed64fed9c7ea22b2432,none,False,False,,,,,0,0,https://api.linked-systems.uk/api/schema-org/dataset/1874275,
2051843,urn:gleaner.io:oih:bodc:data:3be1a38fe24d651a2e282ece1c904dd2cb036f80,tier1,True,False,DepBelowSurf,https://vocab.nerc.ac.uk/collection/P01/current/ADEPZZ01/,6,4706.3,1,0,https://api.linked-systems.uk/api/schema-org/dataset/2051843,
895638,urn:gleaner.io:oih:bodc:data:c6823c1bff4795f6612f6872104611d56b980cf0,none,False,False,,,,,0,0,https://api.linked-systems.uk/api/schema-org/dataset/895638,
2026655,urn:gleaner.io:oih:bodc:data:e1a210a2d1221d1f68ad40832839e09485ac9041,tier_instrument,False,True,,,,,0,0,https://api.linked-systems.uk/api/schema-org/dataset/2026655,
2051831,urn:gleaner.io:oih:bodc:data:e53aab9937afa35b7856ff75eb60b802b1463587,tier1,True,False,DepBelowSurf,https://vocab.nerc.ac.uk/collection/P01/current/ADEPZZ01/,8.2,504,1,0,https://api.linked-systems.uk/api/schema-org/dataset/2051831,
2014746,urn:gleaner.io:oih:bodc:data:7eeb0a218d89af6839220b3b4152ad50ee85ff47,tier2,False,False,Start_depth,https://vocab.nerc.ac.uk/collection/P01/current/DEPHPRST/,6.94,2007.97,0,1,https://api.linked-systems.uk/api/schema-org/dataset/2014746,
2107671,urn:gleaner.io:oih:bodc:data:88baba72801db1e296058f13c29ac5bbf9cec45f,none,False,False,,,,,0,0,https://api.linked-systems.uk/api/schema-org/dataset/2107671,
1927831,urn:gleaner.io:oih:bodc:data:077588f29875735478faf7b95d60cf716dfaf9a3,tier1,True,False,DepBelowSurf,https://vocab.nerc.ac.uk/collection/P01/current/ADEPZZ01/,6,150,1,0,https://api.linked-systems.uk/api/schema-org/dataset/1927831,
1225853,urn:gleaner.io:oih:bodc:data:16e6b69786d0f97502d72b7c869ddb0ae8733603,tier_instrument,False,True,,,,,0,0,https://api.linked-systems.uk/api/schema-org/dataset/1225853,
1170961,urn:gleaner.io:oih:bodc:data:c37f54b9214dd740ebfba01c7f2c671e6168db60,tier2,False,False,BinDep,https://vocab.nerc.ac.uk/collection/P01/current/DBINAA01/,11,407,0,1,https://api.linked-systems.uk/api/schema-org/dataset/1170961,
2046238,urn:gleaner.io:oih:bodc:data:8650c159b12bbfdb2dfc1edbde94501c6fe4c55e,tier1,True,False,DepBelowSurf,https://vocab.nerc.ac.uk/collection/P01/current/ADEPZZ01/,13.1,825.8,1,0,https://api.linked-systems.uk/api/schema-org/dataset/2046238,
1868602,urn:gleaner.io:oih:bodc:data:141a99640d06558892a33fe3ee1dd400214f1bb5,none,False,False,,,,,0,0,https://api.linked-systems.uk/api/schema-org/dataset/1868602,
2046183,urn:gleaner.io:oih:bodc:data:bfe1e0644b1820fff0bae76e2e6a01410ed0ae6f,none,False,False,,,,,0,0,https://api.linked-systems.uk/api/schema-org/dataset/2046183,
1347131,urn:gleaner.io:oih:bodc:data:d99ae95e97b85c225708f9dd69d3d6631955ca28,tier1,True,False,DepBelowSurf,https://vocab.nerc.ac.uk/collection/P01/current/ADEPZZ01/,4.4,997.2,1,0,https://api.linked-systems.uk/api/schema-org/dataset/1347131,
1759947,urn:gleaner.io:oih:bodc:data:a1d35d641adc7974c248738a5d12deb899ebc81b,none,False,False,,,,,0,0,https://api.linked-systems.uk/api/schema-org/dataset/1759947,
1226310,urn:gleaner.io:oih:bodc:data:6e06c556e67bf7f13165f90cc7b3422fad85add2,tier_instrument,False,True,,,,,0,0,https://api.linked-systems.uk/api/schema-org/dataset/1226310,
2148154,urn:gleaner.io:oih:bodc:data:d38e393e4abdc8389afca248bb3949b0b63427d6,tier1,True,False,DepBelowSurf,https://vocab.nerc.ac.uk/collection/P01/current/ADEPZZ01/,5.3,298.5,1,0,https://api.linked-systems.uk/api/schema-org/dataset/2148154,
1177726,urn:gleaner.io:oih:bodc:data:b833f6064f553a928d650a7218936a238236ff62,none,False,False,,,,,0,0,https://api.linked-systems.uk/api/schema-org/dataset/1177726,
2001705,urn:gleaner.io:oih:bodc:data:801fd23caa7cc0301e0c061c9712ee6c48485b89,tier1,True,False,DepBelowSurf,https://vocab.nerc.ac.uk/collection/P01/current/ADEPZZ01/,9.9,100.5,1,0,https://api.linked-systems.uk/api/schema-org/dataset/2001705,
1226045,urn:gleaner.io:oih:bodc:data:ca82d0c3e42b135fa8ddc2ab42c25a85a273ed8f,tier_instrument,False,True,,,,,0,0,https://api.linked-systems.uk/api/schema-org/dataset/1226045,
1879593,urn:gleaner.io:oih:bodc:data:bd8fd95abc4b1c732526373cf413aa7e97f45e84,none,False,False,,,,,0,0,https://api.linked-systems.uk/api/schema-org/dataset/1879593,
1177474,urn:gleaner.io:oih:bodc:data:fa24f6cc843a413c0b0341f69d0878af75618352,none,False,False,,,,,0,0,https://api.linked-systems.uk/api/schema-org/dataset/1177474,
1226310,urn:gleaner.io:oih:bodc:data:93c5d8dfc631257d4452e53091da6af26347a4d0,tier_instrument,False,True,,,,,0,0,https://api.linked-systems.uk/api/schema-org/dataset/1226310,
1177972,urn:gleaner.io:oih:bodc:data:ca0daf6dac62754efe43ca0bc219683359aafac2,none,False,False,,,,,0,0,https://api.linked-systems.uk/api/schema-org/dataset/1177972,
2001717,urn:gleaner.io:oih:bodc:data:dc5531552203516eed651303aa3794c65603e4c5,none,False,False,,,,,0,0,https://api.linked-systems.uk/api/schema-org/dataset/2001717,
2046423,urn:gleaner.io:oih:bodc:data:2bd2c577fd4d86659b81de7f98918839b38e045b,tier1,True,False,DepBelowSurf,https://vocab.nerc.ac.uk/collection/P01/current/ADEPZZ01/,12.4,4755.9,1,0,https://api.linked-systems.uk/api/schema-org/dataset/2046423,
1839401,urn:gleaner.io:oih:bodc:data:0c26b3ae7c1c971d2cd04bda5dcdb96e2d437294,none,False,False,,,,,0,0,https://api.linked-systems.uk/api/schema-org/dataset/1839401,
1916894,urn:gleaner.io:oih:bodc:data:d7ff9e1b40cf670c0be8db3e1067bb0626904fe2,none,False,False,,,,,0,0,https://api.linked-systems.uk/api/schema-org/dataset/1916894,
1879648,urn:gleaner.io:oih:bodc:data:b67c8853c644680f6f45f37dddac333208034206,tier1,True,False,DepBelowSurf,https://vocab.nerc.ac.uk/collection/P01/current/ADEPZZ01/,,,1,0,https://api.linked-systems.uk/api/schema-org/dataset/1879648,
2054017,urn:gleaner.io:oih:bodc:data:460cf3cb1a7546ec2cdcc9cb4668f44052154e03,tier2,False,False,SFPG,https://vocab.nerc.ac.uk/collection/P01/current/DEPHFP01/,,,0,1,https://api.linked-systems.uk/api/schema-org/dataset/2054017,
2148129,urn:gleaner.io:oih:bodc:data:5868acdf741546619307455a52c475c95005791c,tier1,True,False,DepBelowSurf,https://vocab.nerc.ac.uk/collection/P01/current/ADEPZZ01/,6,301.2,1,0,https://api.linked-systems.uk/api/schema-org/dataset/2148129,
1225804,urn:gleaner.io:oih:bodc:data:f02b53ef91daa0df2ca5c2091dd5ac25a6de7383,none,False,False,,,,,0,0,https://api.linked-systems.uk/api/schema-org/dataset/1225804,
2113443,urn:gleaner.io:oih:bodc:data:0480c170e946745a9e2cd748cb6f40c2a87510c2,none,False,False,,,,,0,0,https://api.linked-systems.uk/api/schema-org/dataset/2113443,
2148098,urn:gleaner.io:oih:bodc:data:10e84bd30b6af7474c71cfe196f51c9385bdf8db,none,False,False,,,,,0,0,https://api.linked-systems.uk/api/schema-org/dataset/2148098,
1177960,urn:gleaner.io:oih:bodc:data:e5d7cd77273ddc3b41c012b6ef4790017943e13e,none,False,False,,,,,0,0,https://api.linked-systems.uk/api/schema-org/dataset/1177960,
1876651,urn:gleaner.io:oih:bodc:data:6284f72c43a5d9f3eb6eb4dbb85de93bf8dcec78,tier1,True,False,DepBelowSurf,https://vocab.nerc.ac.uk/collection/P01/current/ADEPZZ01/,499.7,4820.1,1,0,https://api.linked-systems.uk/api/schema-org/dataset/1876651,
2115806,urn:gleaner.io:oih:bodc:data:ef15ab01cf194f58d5d59055bba16c5b67900982,tier1,True,False,DepBelowSurf,https://vocab.nerc.ac.uk/collection/P01/current/ADEPZZ01/,8.5,104.1,1,0,https://api.linked-systems.uk/api/schema-org/dataset/2115806,
2107738,urn:gleaner.io:oih:bodc:data:0d9d0f77661a4ad39b77c7598616cdbea2812ba0,tier1,True,False,DepBelowSurf,https://vocab.nerc.ac.uk/collection/P01/current/ADEPZZ01/,40,4800,1,0,https://api.linked-systems.uk/api/schema-org/dataset/2107738,
1868602,urn:gleaner.io:oih:bodc:data:49d8efe561e0b6a8188ca5e46bb3423ceb743db2,none,False,False,,,,,0,0,https://api.linked-systems.uk/api/schema-org/dataset/1868602,
2148559,urn:gleaner.io:oih:bodc:data:00b30cad380aecc9cd0daa330b0033a2418d9dd1,tier1,True,False,DepBelowSurf,https://vocab.nerc.ac.uk/collection/P01/current/ADEPZZ01/,9.8,304.4,1,0,https://api.linked-systems.uk/api/schema-org/dataset/2148559,
1903804,urn:gleaner.io:oih:bodc:data:82a84e88825cfa7b5d4a55cc1a3c5747f9c198a4,none,False,False,,,,,0,0,https://api.linked-systems.uk/api/schema-org/dataset/1903804,
1989693,urn:gleaner.io:oih:bodc:data:26dc4a715f1c47ccd8ffcbccccadcc514e54c0c7,none,False,False,,,,,0,0,https://api.linked-systems.uk/api/schema-org/dataset/1989693,
1876638,urn:gleaner.io:oih:bodc:data:6dfb044b7b8e086350d8a78c3e0e07071818b7f2,tier1,True,False,DepBelowSurf,https://vocab.nerc.ac.uk/collection/P01/current/ADEPZZ01/,3.4,209.9,1,0,https://api.linked-systems.uk/api/schema-org/dataset/1876638,
1928188,urn:gleaner.io:oih:bodc:data:842071d1cf1fce2ef49d8f75dc7e062d618c2320,none,False,False,,,,,0,0,https://api.linked-systems.uk/api/schema-org/dataset/1928188,
2111830,urn:gleaner.io:oih:bodc:data:41c666cccd75e7a6b7bb62d1e09491d56d0bfc66,tier1,True,False,DepBelowSurf,https://vocab.nerc.ac.uk/collection/P01/current/ADEPZZ01/,5.6,4796.6,1,0,https://api.linked-systems.uk/api/schema-org/dataset/2111830,
1347155,urn:gleaner.io:oih:bodc:data:8035c604c401128303334fb6f2c64f09b139f1d5,tier1,True,False,DepBelowSurf,https://vocab.nerc.ac.uk/collection/P01/current/ADEPZZ01/,4.7,987.1,1,0,https://api.linked-systems.uk/api/schema-org/dataset/1347155,
1177892,urn:gleaner.io:oih:bodc:data:860acf8c3c7e53a9e3552e188923b38bac5d0323,none,False,False,,,,,0,0,https://api.linked-systems.uk/api/schema-org/dataset/1177892,
888119,urn:gleaner.io:oih:bodc:data:e7803aca88074262ae63373bcc93b5e8a6a70d78,none,False,False,,,,,0,0,https://api.linked-systems.uk/api/schema-org/dataset/888119,
1928060,urn:gleaner.io:oih:bodc:data:6f8df5555db3a245860165b66f6f22b032ed1cc1,tier1,True,False,DepBelowSurf,https://vocab.nerc.ac.uk/collection/P01/current/ADEPZZ01/,10.6,69.4,1,0,https://api.linked-systems.uk/api/schema-org/dataset/1928060,
1816740,urn:gleaner.io:oih:bodc:data:7138342ddc5c384e905274b52a390b2f974ea09d,none,False,False,,,,,0,0,https://api.linked-systems.uk/api/schema-org/dataset/1816740,
2148062,urn:gleaner.io:oih:bodc:data:3e5bc87b6ea6b5f015fa3c3ccd6da7bb27abb600,tier1,True,False,DepBelowSurf,https://vocab.nerc.ac.uk/collection/P01/current/ADEPZZ01/,6,301,1,0,https://api.linked-systems.uk/api/schema-org/dataset/2148062,
2107578,urn:gleaner.io:oih:bodc:data:86cd8916bca9548b2fe8762400880533960e0741,none,False,False,,,,,0,0,https://api.linked-systems.uk/api/schema-org/dataset/2107578,
1170936,urn:gleaner.io:oih:bodc:data:8686a03c963b64d16d333aec50d75c5945f2f68e,none,False,False,,,,,0,0,https://api.linked-systems.uk/api/schema-org/dataset/1170936,
2148652,urn:gleaner.io:oih:bodc:data:d2bda163789d89297f6cde05b5cb22f7787e7979,none,False,False,,,,,0,0,https://api.linked-systems.uk/api/schema-org/dataset/2148652,
1874226,urn:gleaner.io:oih:bodc:data:a6308bb2b3a1feb723dbc36d20b82835bf7063e3,tier1,True,False,DepBelowSurf,https://vocab.nerc.ac.uk/collection/P01/current/ADEPZZ01/,19.7,99.5,1,0,https://api.linked-systems.uk/api/schema-org/dataset/1874226,
2118994,urn:gleaner.io:oih:bodc:data:ddd52f7eb49770d1e67fcbbdc8d9874d22aeb933,none,False,False,,,,,0,0,https://api.linked-systems.uk/api/schema-org/dataset/2118994,
2027843,urn:gleaner.io:oih:bodc:data:bfe404265c4ccb2a6c6b9566880d9750941940cb,tier2,False,False,SFPG,https://vocab.nerc.ac.uk/collection/P01/current/DEPHFP01/,,,0,1,https://api.linked-systems.uk/api/schema-org/dataset/2027843,
1347376,urn:gleaner.io:oih:bodc:data:dbd4dab102f8275b46264bdf5c97145bbd4c0768,tier1,True,False,DepBelowSurf,https://vocab.nerc.ac.uk/collection/P01/current/ADEPZZ01/,5.8,151.2,1,0,https://api.linked-systems.uk/api/schema-org/dataset/1347376,
2115831,urn:gleaner.io:oih:bodc:data:cc224d8de49eb206ca6be1a250ecc2c9cfa05ac4,none,False,False,,,,,0,0,https://api.linked-systems.uk/api/schema-org/dataset/2115831,
2105781,urn:gleaner.io:oih:bodc:data:53d74807168f142817b38aa44840f9bfd8f867b8,tier1,True,False,DepBelowSurf,https://vocab.nerc.ac.uk/collection/P01/current/ADEPZZ01/,2.8,279.5,1,0,https://api.linked-systems.uk/api/schema-org/dataset/2105781,
1177369,urn:gleaner.io:oih:bodc:data:6933a276d8308462199df3371047b332f306f84f,none,False,False,,,,,0,0,https://api.linked-systems.uk/api/schema-org/dataset/1177369,
1929051,urn:gleaner.io:oih:bodc:data:62acc39ad149aa2afe9e7cd2ce2d0a75647abdbf,tier1,True,False,DepBelowSurf,https://vocab.nerc.ac.uk/collection/P01/current/ADEPZZ01/,34.7,4829.4,1,0,https://api.linked-systems.uk/api/schema-org/dataset/1929051,
2052096,urn:gleaner.io:oih:bodc:data:53fefd215a5570150381fcf3b698ad43f2491caa,tier_instrument,False,True,,,,,0,0,https://api.linked-systems.uk/api/schema-org/dataset/2052096,
1177542,urn:gleaner.io:oih:bodc:data:dfd26943ed0d9419c9afcdf7831dad8802fcc19d,none,False,False,,,,,0,0,https://api.linked-systems.uk/api/schema-org/dataset/1177542,
1346938,urn:gleaner.io:oih:bodc:data:64d1c9dbceac70e7a8a38bb85be17200fcba40d6,none,False,False,,,,,0,0,https://api.linked-systems.uk/api/schema-org/dataset/1346938,
1170788,urn:gleaner.io:oih:bodc:data:3ad7e9b9114fc46b7133d009daf10835adbf0491,none,False,False,,,,,0,0,https://api.linked-systems.uk/api/schema-org/dataset/1170788,
2148234,urn:gleaner.io:oih:bodc:data:28f734e1bee96f3d8caf645d918da2e473a383e6,tier1,True,False,DepBelowSurf,https://vocab.nerc.ac.uk/collection/P01/current/ADEPZZ01/,6.1,300.7,1,0,https://api.linked-systems.uk/api/schema-org/dataset/2148234,
1177658,urn:gleaner.io:oih:bodc:data:37f38356e1a17715bf48b2f3a9382d34324e36f2,none,False,False,,,,,0,0,https://api.linked-systems.uk/api/schema-org/dataset/1177658,
2153525,urn:gleaner.io:oih:bodc:data:2a92d76eb6c91b717d9e211f6c9267b24c101903,tier1,True,False,DepBelowSurf,https://vocab.nerc.ac.uk/collection/P01/current/ADEPZZ01/,5,1000,1,0,https://api.linked-systems.uk/api/schema-org/dataset/2153525,
1226242,urn:gleaner.io:oih:bodc:data:20b350cbfbde1db5ee071cc0dc6ebeba80d152ee,none,False,False,,,,,0,0,https://api.linked-systems.uk/api/schema-org/dataset/1226242,
2051751,urn:gleaner.io:oih:bodc:data:70aef15aa86d1e9045cd30717feb69fa39fad615,none,False,False,,,,,0,0,https://api.linked-systems.uk/api/schema-org/dataset/2051751,
1836790,urn:gleaner.io:oih:bodc:data:83b87a82207e062c49b065586eebc91bca0e7951,none,False,False,,,,,0,0,https://api.linked-systems.uk/api/schema-org/dataset/1836790,
2153494,urn:gleaner.io:oih:bodc:data:e1ff0304a519abcec9c2c3cab5d55c7ef3b3f2b4,none,False,False,,,,,0,0,https://api.linked-systems.uk/api/schema-org/dataset/2153494,
1177290,urn:gleaner.io:oih:bodc:data:f4d7a979f623ba6711733f10c34b32ecba835105,tier2,False,False,BathyDepES_ISL,https://vocab.nerc.ac.uk/collection/P01/current/MBANZZ01/,,,0,1,https://api.linked-systems.uk/api/schema-org/dataset/1177290,
1927714,urn:gleaner.io:oih:bodc:data:45e38b54e64b9ed0d620b7ce520938627714f131,none,False,False,,,,,0,0,https://api.linked-systems.uk/api/schema-org/dataset/1927714,
1989700,urn:gleaner.io:oih:bodc:data:5580692ae4b49a8baab7de0be7440bc5c2da6904,none,False,False,,,,,0,0,https://api.linked-systems.uk/api/schema-org/dataset/1989700,
2148363,urn:gleaner.io:oih:bodc:data:cedf8a69382797b5e528cb63278836347a785ad5,tier1,True,False,DepBelowSurf,https://vocab.nerc.ac.uk/collection/P01/current/ADEPZZ01/,6,301.2,1,0,https://api.linked-systems.uk/api/schema-org/dataset/2148363,
1880729,urn:gleaner.io:oih:bodc:data:f59dd164d83dfba787feddcd4fb4f4a217a88589,none,False,False,,,,,0,0,https://api.linked-systems.uk/api/schema-org/dataset/1880729,
1880791,urn:gleaner.io:oih:bodc:data:69b0a7fb51160621c47f0588526b1c72c454da2a,tier1,True,False,DepBelowSurf,https://vocab.nerc.ac.uk/collection/P01/current/ADEPZZ01/,5,200,1,0,https://api.linked-systems.uk/api/schema-org/dataset/1880791,
2107634,urn:gleaner.io:oih:bodc:data:dfdf9d91c2da93d60aeb09a092ec49e3c0a093cd,none,False,False,,,,,0,0,https://api.linked-systems.uk/api/schema-org/dataset/2107634,
1347143,urn:gleaner.io:oih:bodc:data:670ed2641b995c1d78b0f5334bbd9e76d867341b,none,False,False,,,,,0,0,https://api.linked-systems.uk/api/schema-org/dataset/1347143,
1880742,urn:gleaner.io:oih:bodc:data:edc6b6930a6e8f5f01262cb311adadcc6392d74a,tier1,True,False,DepBelowSurf,https://vocab.nerc.ac.uk/collection/P01/current/ADEPZZ01/,0,4800,1,0,https://api.linked-systems.uk/api/schema-org/dataset/1880742,
1171048,urn:gleaner.io:oih:bodc:data:f905d0d7ba9fd18cf70549e230e13d5a9cc7bfcd,none,False,False,,,,,0,0,https://api.linked-systems.uk/api/schema-org/dataset/1171048,
1177972,urn:gleaner.io:oih:bodc:data:143c2c7223656a2b2f2d6535ed6a5bba7d677f1a,none,False,False,,,,,0,0,https://api.linked-systems.uk/api/schema-org/dataset/1177972,
1347167,urn:gleaner.io:oih:bodc:data:1be6cca16adc109178f4c840a14b89c0533b64f5,none,False,False,,,,,0,0,https://api.linked-systems.uk/api/schema-org/dataset/1347167,
1816936,urn:gleaner.io:oih:bodc:data:62b9cb411d8915b3cd64c37bfa0873cb286a0fed,none,False,False,,,,,0,0,https://api.linked-systems.uk/api/schema-org/dataset/1816936,
2107714,urn:gleaner.io:oih:bodc:data:c1d14a78522e7ecdd5f6520d9058b048dfe8c5a5,tier1,True,False,DepBelowSurf,https://vocab.nerc.ac.uk/collection/P01/current/ADEPZZ01/,15,200,1,0,https://api.linked-systems.uk/api/schema-org/dataset/2107714,
2148117,urn:gleaner.io:oih:bodc:data:58a4d34b8060e96c8da2664cec3419248785f9d6,none,False,False,,,,,0,0,https://api.linked-systems.uk/api/schema-org/dataset/2148117,
1177610,urn:gleaner.io:oih:bodc:data:fb60599de50d53c1f2f9cf3639dbcfd7d1f97cc6,none,False,False,,,,,0,0,https://api.linked-systems.uk/api/schema-org/dataset/1177610,
1929002,urn:gleaner.io:oih:bodc:data:bed49d3ac5138b5b2f9ebb33d00ac533fbe3f84c,none,False,False,,,,,0,0,https://api.linked-systems.uk/api/schema-org/dataset/1929002,
1346999,urn:gleaner.io:oih:bodc:data:d7b349706297775c99a9c345bbcf675e71725bc5,none,False,False,,,,,0,0,https://api.linked-systems.uk/api/schema-org/dataset/1346999,
1778785,urn:gleaner.io:oih:bodc:data:05c6244c68b6dee429b011f5cb0ac07daff4bf82,none,False,False,,,,,0,0,https://api.linked-systems.uk/api/schema-org/dataset/1778785,
1927714,urn:gleaner.io:oih:bodc:data:53e4e92e6bd7ba0b1dfe272e89dbc14dcd992734,tier1,True,False,DepBelowSurf,https://vocab.nerc.ac.uk/collection/P01/current/ADEPZZ01/,6,70,1,0,https://api.linked-systems.uk/api/schema-org/dataset/1927714,
2048706,urn:gleaner.io:oih:bodc:data:53797e065e4d0e616c72b77576456c11531a07db,none,False,False,,,,,0,0,https://api.linked-systems.uk/api/schema-org/dataset/2048706,
1226334,urn:gleaner.io:oih:bodc:data:43c85fac40125218259d4a3c940680dfd2129fa9,tier_instrument,False,True,,,,,0,0,https://api.linked-systems.uk/api/schema-org/dataset/1226334,
2107726,urn:gleaner.io:oih:bodc:data:faa929e7c2b05016075967464e96411671388fdf,none,False,False,,,,,0,0,https://api.linked-systems.uk/api/schema-org/dataset/2107726,
1928103,urn:gleaner.io:oih:bodc:data:186f9b72b9375946a1e40424a447460aa1ed49e3,none,False,False,,,,,0,0,https://api.linked-systems.uk/api/schema-org/dataset/1928103,
1816893,urn:gleaner.io:oih:bodc:data:454a25dc7c08271795b98d582ff0f76156947063,none,False,False,,,,,0,0,https://api.linked-systems.uk/api/schema-org/dataset/1816893,
1347026,urn:gleaner.io:oih:bodc:data:b014b43b718f5f770080723fe59c87487fa73ce5,tier1,True,False,DepBelowSurf,https://vocab.nerc.ac.uk/collection/P01/current/ADEPZZ01/,6,996.1,1,0,https://api.linked-systems.uk/api/schema-org/dataset/1347026,
2074694,urn:gleaner.io:oih:bodc:data:74d2cc22220fb80d39a33fa6b90a49f20646ffa6,tier_instrument,False,True,,,,,0,0,https://api.linked-systems.uk/api/schema-org/dataset/2074694,
2051787,urn:gleaner.io:oih:bodc:data:0eb2b30bede89fcc82618f62a5f3682ae552c195,none,False,False,,,,,0,0,https://api.linked-systems.uk/api/schema-org/dataset/2051787,
2074725,urn:gleaner.io:oih:bodc:data:936f75c00465bfe2bc68ec82fdaf1a539cc124e9,none,False,False,,,,,0,0,https://api.linked-systems.uk/api/schema-org/dataset/2074725,
1928011,urn:gleaner.io:oih:bodc:data:118c2183a0879d29261296b76eaae6e0ac5c91ac,none,False,False,,,,,0,0,https://api.linked-systems.uk/api/schema-org/dataset/1928011,
2013012,urn:gleaner.io:oih:bodc:data:79c173d5ad4790fcf50ebb807961a20385bdf73a,tier_instrument,False,True,,,,,0,0,https://api.linked-systems.uk/api/schema-org/dataset/2013012,
2004149,urn:gleaner.io:oih:bodc:data:98750a47d858c3072553ecb5364d2bf54b9684c5,none,False,False,,,,,0,0,https://api.linked-systems.uk/api/schema-org/dataset/2004149,
1226150,urn:gleaner.io:oih:bodc:data:0a703335102cfb6751b3857fc8792300f910281f,tier_instrument,False,True,,,,,0,0,https://api.linked-systems.uk/api/schema-org/dataset/1226150,
1347352,urn:gleaner.io:oih:bodc:data:3b2c25a2e83edfc62adab99914f4119bcb43fc84,tier1,True,False,DepBelowSurf,https://vocab.nerc.ac.uk/collection/P01/current/ADEPZZ01/,6,151.5,1,0,https://api.linked-systems.uk/api/schema-org/dataset/1347352,
2046982,urn:gleaner.io:oih:bodc:data:4cc073551766e67874ed336b25dfe5e6660adccf,none,False,False,,,,,0,0,https://api.linked-systems.uk/api/schema-org/dataset/2046982,
1927775,urn:gleaner.io:oih:bodc:data:f41b68ef388c9f8df42a1f2f76409f86d0ee556a,tier1,True,False,DepBelowSurf,https://vocab.nerc.ac.uk/collection/P01/current/ADEPZZ01/,5,150,1,0,https://api.linked-systems.uk/api/schema-org/dataset/1927775,
1346926,urn:gleaner.io:oih:bodc:data:199f5b700c206f8e39ccd9730b9b9793fc20a55e,none,False,False,,,,,0,0,https://api.linked-systems.uk/api/schema-org/dataset/1346926,
2107831,urn:gleaner.io:oih:bodc:data:df31fdda8e20ddc1d99abc1e9937e8ab5a070a6c,none,False,False,,,,,0,0,https://api.linked-systems.uk/api/schema-org/dataset/2107831,
2051726,urn:gleaner.io:oih:bodc:data:3ef56ae12e41576dda18e3f146956f622243767c,tier1,True,False,DepBelowSurf,https://vocab.nerc.ac.uk/collection/P01/current/ADEPZZ01/,6,300.3,1,0,https://api.linked-systems.uk/api/schema-org/dataset/2051726,
945170,urn:gleaner.io:oih:bodc:data:89be886348467fd626fc201541c35715d5ee0d90,none,False,False,,,,,0,0,https://api.linked-systems.uk/api/schema-org/dataset/945170,
2051892,urn:gleaner.io:oih:bodc:data:705c9c1304288eb58f6f5fec2033feec6b8ae9a0,none,False,False,,,,,0,0,https://api.linked-systems.uk/api/schema-org/dataset/2051892,
2111854,urn:gleaner.io:oih:bodc:data:19de81276abab2ee7c18f56a27054f904eb20cfe,tier1,True,False,DepBelowSurf,https://vocab.nerc.ac.uk/collection/P01/current/ADEPZZ01/,10.1,898.1,1,0,https://api.linked-systems.uk/api/schema-org/dataset/2111854,
1226186,urn:gleaner.io:oih:bodc:data:93954238972ad9275eab42ec5b35ad0e98a1cd2c,tier_instrument,False,True,,,,,0,0,https://api.linked-systems.uk/api/schema-org/dataset/1226186,
1347223,urn:gleaner.io:oih:bodc:data:18d0b43d7e21050295465891dfa1f67c81113d6c,tier1,True,False,DepBelowSurf,https://vocab.nerc.ac.uk/collection/P01/current/ADEPZZ01/,5.5,995.6,1,0,https://api.linked-systems.uk/api/schema-org/dataset/1347223,
1347235,urn:gleaner.io:oih:bodc:data:69cb05c4b16fcba742f367c08a4b569a48c92ee1,none,False,False,,,,,0,0,https://api.linked-systems.uk/api/schema-org/dataset/1347235,
2001717,urn:gleaner.io:oih:bodc:data:e210a203a80bf5a56fc79f4b2539513f4cbd9a1d,none,False,False,,,,,0,0,https://api.linked-systems.uk/api/schema-org/dataset/2001717,
1880686,urn:gleaner.io:oih:bodc:data:6cee4dc4a232bcd7b0fe38799434672e57170e91,tier1,True,False,DepBelowSurf,https://vocab.nerc.ac.uk/collection/P01/current/ADEPZZ01/,2,200,1,0,https://api.linked-systems.uk/api/schema-org/dataset/1880686,
1346871,urn:gleaner.io:oih:bodc:data:0e34fd41a5791b82e46c56201a9fe4384f39a8d9,none,False,False,,,,,0,0,https://api.linked-systems.uk/api/schema-org/dataset/1346871,
1816893,urn:gleaner.io:oih:bodc:data:44d6b2c5408b11eb861fe93eca44ddbcadb3eacd,none,False,False,,,,,0,0,https://api.linked-systems.uk/api/schema-org/dataset/1816893,
1226070,urn:gleaner.io:oih:bodc:data:cd422e0466ea677024e66fafae7076f9de88767a,tier_instrument,False,True,,,,,0,0,https://api.linked-systems.uk/api/schema-org/dataset/1226070,
1880766,urn:gleaner.io:oih:bodc:data:fd12ffc6eb43519e244cfe124e13930f97738188,none,False,False,,,,,0,0,https://api.linked-systems.uk/api/schema-org/dataset/1880766,
1225889,urn:gleaner.io:oih:bodc:data:5e0e992c6bdb3b99ee8481259c05b7c10a1508b4,tier_instrument,False,True,,,,,0,0,https://api.linked-systems.uk/api/schema-org/dataset/1225889,
2014710,urn:gleaner.io:oih:bodc:data:23245709f106be01af763f0d68b4f87f09c2f710,tier2,False,False,Start_depth,https://vocab.nerc.ac.uk/collection/P01/current/DEPHPRST/,8.92,104.08,0,1,https://api.linked-systems.uk/api/schema-org/dataset/2014710,
1226021,urn:gleaner.io:oih:bodc:data:27f20d424730ec5c89863f1da8eb9bf2d9270f42,tier_instrument,False,True,,,,,0,0,https://api.linked-systems.uk/api/schema-org/dataset/1226021,
1839401,urn:gleaner.io:oih:bodc:data:2eff955bcc8b1c3b8c7271b00a2ad8747cb9ea95,none,False,False,,,,,0,0,https://api.linked-systems.uk/api/schema-org/dataset/1839401,
1989607,urn:gleaner.io:oih:bodc:data:9eba957dccaa9bc5487f6f31dd5617d144bd3268,tier1,True,False,DepBelowSurf,https://vocab.nerc.ac.uk/collection/P01/current/ADEPZZ01/,10.4,991.1,1,0,https://api.linked-systems.uk/api/schema-org/dataset/1989607,
1927726,urn:gleaner.io:oih:bodc:data:e2bf5aa762b7c251f338be280ed66ba9da411e90,none,False,False,,,,,0,0,https://api.linked-systems.uk/api/schema-org/dataset/1927726,
2026907,urn:gleaner.io:oih:bodc:data:22fe3f91a2c2a319049324a6031b9af3d61961f3,tier_instrument,False,True,,,,,0,0,https://api.linked-systems.uk/api/schema-org/dataset/2026907,
2153574,urn:gleaner.io:oih:bodc:data:8cf703b43adf0297fab6451b547972289f5ab71f,tier1,True,False,DepBelowSurf,https://vocab.nerc.ac.uk/collection/P01/current/ADEPZZ01/,5,4825,1,0,https://api.linked-systems.uk/api/schema-org/dataset/2153574,
2051880,urn:gleaner.io:oih:bodc:data:ed67e006d5e4434bbc8907f9ec50f700fa0dbcd4,tier1,True,False,DepBelowSurf,https://vocab.nerc.ac.uk/collection/P01/current/ADEPZZ01/,32.9,504,1,0,https://api.linked-systems.uk/api/schema-org/dataset/2051880,
1836808,urn:gleaner.io:oih:bodc:data:3ada4ed7736a055e6a541d68042684d0909f5c35,none,False,False,,,,,0,0,https://api.linked-systems.uk/api/schema-org/dataset/1836808,
1916882,urn:gleaner.io:oih:bodc:data:24817c088a116cd10174a892e8c814ffe55a455a,tier1,True,False,DepBelowSurf,https://vocab.nerc.ac.uk/collection/P01/current/ADEPZZ01/,34.7,4829.4,1,0,https://api.linked-systems.uk/api/schema-org/dataset/1916882,
1347340,urn:gleaner.io:oih:bodc:data:30d16e0e95646e7af13ca2bc95d391584dd9a64f,tier1,True,False,DepBelowSurf,https://vocab.nerc.ac.uk/collection/P01/current/ADEPZZ01/,7.9,66.5,1,0,https://api.linked-systems.uk/api/schema-org/dataset/1347340,
1177855,urn:gleaner.io:oih:bodc:data:268384a907278d7d98f6313ede2bd79bcbc76c45,none,False,False,,,,,0,0,https://api.linked-systems.uk/api/schema-org/dataset/1177855,
2107634,urn:gleaner.io:oih:bodc:data:cf41c2850d0334d4b3b386fe98c923f88a78481c,tier1,True,False,DepBelowSurf,https://vocab.nerc.ac.uk/collection/P01/current/ADEPZZ01/,11,70,1,0,https://api.linked-systems.uk/api/schema-org/dataset/2107634,
1226229,urn:gleaner.io:oih:bodc:data:4a9d5d5c94b89d893387caf1b1dc3bcbf1fd16e6,tier_instrument,False,True,,,,,0,0,https://api.linked-systems.uk/api/schema-org/dataset/1226229,
1836808,urn:gleaner.io:oih:bodc:data:79d4eed71ec0eed86894f7fd9abd8c3ca365ad08,none,False,False,,,,,0,0,https://api.linked-systems.uk/api/schema-org/dataset/1836808,
1177799,urn:gleaner.io:oih:bodc:data:2cc8b06b32349a099ffcf945bad140cba50f21e9,none,False,False,,,,,0,0,https://api.linked-systems.uk/api/schema-org/dataset/1177799,
1903804,urn:gleaner.io:oih:bodc:data:a02f204cb1ef75ea7344a6a6bce1188da80fc952,none,False,False,,,,,0,0,https://api.linked-systems.uk/api/schema-org/dataset/1903804,
1874355,urn:gleaner.io:oih:bodc:data:a639e60a9e5111d66b16b400124667c50c3e45ed,tier1,True,False,DepBelowSurf,https://vocab.nerc.ac.uk/collection/P01/current/ADEPZZ01/,10,4784,1,0,https://api.linked-systems.uk/api/schema-org/dataset/1874355,
1177646,urn:gleaner.io:oih:bodc:data:01d6d4bd3b47089f8b27dc5104d3aa3b4992db1b,none,False,False,,,,,0,0,https://api.linked-systems.uk/api/schema-org/dataset/1177646,
1177806,urn:gleaner.io:oih:bodc:data:42579b807b2251447f3783d1e3e5e5be9ba64ed4,none,False,False,,,,,0,0,https://api.linked-systems.uk/api/schema-org/dataset/1177806,
2051775,urn:gleaner.io:oih:bodc:data:edab709aa215269b78c231f3d972a0dcb2f0f8c2,none,False,False,,,,,0,0,https://api.linked-systems.uk/api/schema-org/dataset/2051775,
1928164,urn:gleaner.io:oih:bodc:data:df49bab17241783d261d846d7f3b8239242e0d18,tier1,True,False,DepBelowSurf,https://vocab.nerc.ac.uk/collection/P01/current/ADEPZZ01/,7.3,994.7,1,0,https://api.linked-systems.uk/api/schema-org/dataset/1928164,
1927751,urn:gleaner.io:oih:bodc:data:c0273c8f345260b1b421b4242e68ebab344bd127,tier1,True,False,DepBelowSurf,https://vocab.nerc.ac.uk/collection/P01/current/ADEPZZ01/,2,75,1,0,https://api.linked-systems.uk/api/schema-org/dataset/1927751,
1759947,urn:gleaner.io:oih:bodc:data:4377aa925d2aef242a5fe47ac628d0df0ec637cc,none,False,False,,,,,0,0,https://api.linked-systems.uk/api/schema-org/dataset/1759947,
1928188,urn:gleaner.io:oih:bodc:data:136ed3167d4947b65c3a9897e8206f802d2c7df4,none,False,False,,,,,0,0,https://api.linked-systems.uk/api/schema-org/dataset/1928188,
1177333,urn:gleaner.io:oih:bodc:data:8694ae9e62f6850217b8411ed7ca99b1eea272aa,none,False,False,,,,,0,0,https://api.linked-systems.uk/api/schema-org/dataset/1177333,
1989644,urn:gleaner.io:oih:bodc:data:c2ffaa680f4c5c624062a084409cb93c18738f2b,tier1,True,False,DepBelowSurf,https://vocab.nerc.ac.uk/collection/P01/current/ADEPZZ01/,11.7,4727,1,0,https://api.linked-systems.uk/api/schema-org/dataset/1989644,
2148639,urn:gleaner.io:oih:bodc:data:647a64921df88a5060003c92a897fb86c72cbc34,tier1,True,False,DepBelowSurf,https://vocab.nerc.ac.uk/collection/P01/current/ADEPZZ01/,5.2,300.5,1,0,https://api.linked-systems.uk/api/schema-org/dataset/2148639,
2148086,urn:gleaner.io:oih:bodc:data:976087e253c611a7e1efc712be87b484ee1ee3eb,none,False,False,,,,,0,0,https://api.linked-systems.uk/api/schema-org/dataset/2148086,
1226198,urn:gleaner.io:oih:bodc:data:2381de5116deaa50487a4ba9c2f877f0a03e86f8,none,False,False,,,,,0,0,https://api.linked-systems.uk/api/schema-org/dataset/1226198,
2048847,urn:gleaner.io:oih:bodc:data:081a000bf41a3e42b3665126974bbb1c02ce3d9c,tier2,False,False,SFPG,https://vocab.nerc.ac.uk/collection/P01/current/DEPHFP01/,,,0,1,https://api.linked-systems.uk/api/schema-org/dataset/2048847,
2148178,urn:gleaner.io:oih:bodc:data:5dbd08d6aa7804d569131c46ed089a27788417be,tier1,True,False,DepBelowSurf,https://vocab.nerc.ac.uk/collection/P01/current/ADEPZZ01/,4.7,300.7,1,0,https://api.linked-systems.uk/api/schema-org/dataset/2148178,
1170997,urn:gleaner.io:oih:bodc:data:a59101a30279fc9382d85447eb7b89272fd450ac,none,False,False,,,,,0,0,https://api.linked-systems.uk/api/schema-org/dataset/1170997,
1177787,urn:gleaner.io:oih:bodc:data:bd12b550b945bc83083eb8f4196d33faf20e1ed6,none,False,False,,,,,0,0,https://api.linked-systems.uk/api/schema-org/dataset/1177787,
1874380,urn:gleaner.io:oih:bodc:data:e4c35c3d184e778687b42cf73090df4cc50a6fea,none,False,False,,,,,0,0,https://api.linked-systems.uk/api/schema-org/dataset/1874380,
1177517,urn:gleaner.io:oih:bodc:data:fc243cafbc3a72f58fef2765e20f8c308e1d5ad6,none,False,False,,,,,0,0,https://api.linked-systems.uk/api/schema-org/dataset/1177517,
1083405,urn:gleaner.io:oih:bodc:data:f82c24ffa14f28f92dcb2f6aa8f0af189e09e976,none,False,False,,,,,0,0,https://api.linked-systems.uk/api/schema-org/dataset/1083405,
2148559,urn:gleaner.io:oih:bodc:data:3538080bb1b6a846086cba34ccf86cdfd9e875b2,tier1,True,False,DepBelowSurf,https://vocab.nerc.ac.uk/collection/P01/current/ADEPZZ01/,9.8,304.4,1,0,https://api.linked-systems.uk/api/schema-org/dataset/2148559,
2004150,urn:gleaner.io:oih:bodc:data:00d71f56e91907cf36803f7e41619d0e5c06678e,none,False,False,,,,,0,0,https://api.linked-systems.uk/api/schema-org/dataset/2004150,
2153549,urn:gleaner.io:oih:bodc:data:7e9c5f822338c1c410b3433a151e665c3e4b20e3,none,False,False,,,,,0,0,https://api.linked-systems.uk/api/schema-org/dataset/2153549,
2148154,urn:gleaner.io:oih:bodc:data:047bc9263fd6bdf509842460a9a58aeef4632733,none,False,False,,,,,0,0,https://api.linked-systems.uk/api/schema-org/dataset/2148154,
1879544,urn:gleaner.io:oih:bodc:data:61d5045c19c5ac697dfb0922e076bb3400958dcb,none,False,False,,,,,0,0,https://api.linked-systems.uk/api/schema-org/dataset/1879544,
2148627,urn:gleaner.io:oih:bodc:data:becaf4b26b8c400382554bb039f684fc8b757666,none,False,False,,,,,0,0,https://api.linked-systems.uk/api/schema-org/dataset/2148627,
2004198,urn:gleaner.io:oih:bodc:data:3062909e80c87331a623b28c896461ff180ee847,tier1,True,False,DepBelowSurf,https://vocab.nerc.ac.uk/collection/P01/current/ADEPZZ01/,9.7,4729.6,1,0,https://api.linked-systems.uk/api/schema-org/dataset/2004198,
2148013,urn:gleaner.io:oih:bodc:data:4fde89bab1ed01c748dca4b910868db0f0dbefea,tier1,True,False,DepBelowSurf,https://vocab.nerc.ac.uk/collection/P01/current/ADEPZZ01/,3.9,301.6,1,0,https://api.linked-systems.uk/api/schema-org/dataset/2148013,
2027831,urn:gleaner.io:oih:bodc:data:f6d91580c457cb58fd9f22ece435060bf2b3fb81,none,False,False,,,,,0,0,https://api.linked-systems.uk/api/schema-org/dataset/2027831,
1927751,urn:gleaner.io:oih:bodc:data:36dbbd1ea09cd0c4be1052316ba648a1df8f0693,tier1,True,False,DepBelowSurf,https://vocab.nerc.ac.uk/collection/P01/current/ADEPZZ01/,2,75,1,0,https://api.linked-systems.uk/api/schema-org/dataset/1927751,
2046299,urn:gleaner.io:oih:bodc:data:dca3a30a6148b1e8d578e6951fac599f172681fb,tier1,True,False,DepBelowSurf,https://vocab.nerc.ac.uk/collection/P01/current/ADEPZZ01/,5.6,900.3,1,0,https://api.linked-systems.uk/api/schema-org/dataset/2046299,
2022433,urn:gleaner.io:oih:bodc:data:01dc3fafcd040ed327007ebbaa8371d33e7a5886,none,False,False,,,,,0,0,https://api.linked-systems.uk/api/schema-org/dataset/2022433,
1928127,urn:gleaner.io:oih:bodc:data:b90bca8972c9b16e8cda34941ce0b5e69e3067b4,tier1,True,False,DepBelowSurf,https://vocab.nerc.ac.uk/collection/P01/current/ADEPZZ01/,25.6,599.4,1,0,https://api.linked-systems.uk/api/schema-org/dataset/1928127,
1058137,urn:gleaner.io:oih:bodc:data:5914b357cf5a713306ef3ea82ce5c3e491815ca1,none,False,False,,,,,0,0,https://api.linked-systems.uk/api/schema-org/dataset/1058137,
1177702,urn:gleaner.io:oih:bodc:data:a9946caa3980ebd82485dcf4fe6ce72da417266f,none,False,False,,,,,0,0,https://api.linked-systems.uk/api/schema-org/dataset/1177702,
2110691,urn:gleaner.io:oih:bodc:data:6617872f6ef8e01474d45ec78580d9c0f2c7d18d,tier1,True,False,DepBelowSurf,https://vocab.nerc.ac.uk/collection/P01/current/ADEPZZ01/,3.4,198.9,1,0,https://api.linked-systems.uk/api/schema-org/dataset/2110691,
1171097,urn:gleaner.io:oih:bodc:data:a075c35b39f9c75ec7c04492c2e3c247238ffab6,none,False,False,,,,,0,0,https://api.linked-systems.uk/api/schema-org/dataset/1171097,
1177401,urn:gleaner.io:oih:bodc:data:0a9481c0efdcb29245d9a2f5e92a741f84df78ba,none,False,False,,,,,0,0,https://api.linked-systems.uk/api/schema-org/dataset/1177401,
1226069,urn:gleaner.io:oih:bodc:data:c9597385d639f2a33a2ff030f59cb703bf1458cd,tier_instrument,False,True,,,,,0,0,https://api.linked-systems.uk/api/schema-org/dataset/1226069,
2148105,urn:gleaner.io:oih:bodc:data:251f884cb604222a68463a05a995e80aa532e287,none,False,False,,,,,0,0,https://api.linked-systems.uk/api/schema-org/dataset/2148105,
2004229,urn:gleaner.io:oih:bodc:data:21f4e16c943d3c16a6156cd72d2a2ad097f54939,none,False,False,,,,,0,0,https://api.linked-systems.uk/api/schema-org/dataset/2004229,
2013012,urn:gleaner.io:oih:bodc:data:4ad96558f92cd94986bb97175d7137bc4360fd5e,tier_instrument,False,True,,,,,0,0,https://api.linked-systems.uk/api/schema-org/dataset/2013012,
1927714,urn:gleaner.io:oih:bodc:data:73ced476e951a32e52bbd121d60963738b0b16ce,none,False,False,,,,,0,0,https://api.linked-systems.uk/api/schema-org/dataset/1927714,
2148351,urn:gleaner.io:oih:bodc:data:8e59ea6437c707561714ac28c1cec6a99645079c,tier1,True,False,DepBelowSurf,https://vocab.nerc.ac.uk/collection/P01/current/ADEPZZ01/,6.4,301.8,1,0,https://api.linked-systems.uk/api/schema-org/dataset/2148351,
1177486,urn:gleaner.io:oih:bodc:data:bf7079aa73d2689f40afbc65dc30de4ba0a4ee6a,none,False,False,,,,,0,0,https://api.linked-systems.uk/api/schema-org/dataset/1177486,
1927959,urn:gleaner.io:oih:bodc:data:8c20974432c8114def18e4007b73005af9dc386b,none,False,False,,,,,0,0,https://api.linked-systems.uk/api/schema-org/dataset/1927959,
2046343,urn:gleaner.io:oih:bodc:data:abc465bc9056fa2be7e42549184e5ac7ee6db07a,tier1,True,False,DepBelowSurf,https://vocab.nerc.ac.uk/collection/P01/current/ADEPZZ01/,12.8,202.9,1,0,https://api.linked-systems.uk/api/schema-org/dataset/2046343,
1177345,urn:gleaner.io:oih:bodc:data:db959153d3d20e6aa5cade6899a4b6fce5936f05,none,False,False,,,,,0,0,https://api.linked-systems.uk/api/schema-org/dataset/1177345,
895651,urn:gleaner.io:oih:bodc:data:016d78c7fbf1f2c4bd2aaad0b82b875bad1ca618,none,False,False,,,,,0,0,https://api.linked-systems.uk/api/schema-org/dataset/895651,
2118970,urn:gleaner.io:oih:bodc:data:378831394e8f7b446c4c09ea62f873d99d77f676,tier1,True,False,DepBelowSurf,https://vocab.nerc.ac.uk/collection/P01/current/ADEPZZ01/,12.9,1499.6,1,0,https://api.linked-systems.uk/api/schema-org/dataset/2118970,
2046380,urn:gleaner.io:oih:bodc:data:023af31728e3409854002f869f31ca8b1143b3b5,tier1,True,False,DepBelowSurf,https://vocab.nerc.ac.uk/collection/P01/current/ADEPZZ01/,13.1,825.8,1,0,https://api.linked-systems.uk/api/schema-org/dataset/2046380,
2004113,urn:gleaner.io:oih:bodc:data:9bfbcaa54073149dcc05252ab9c4ceb880ff31e6,tier1,True,False,DepBelowSurf,https://vocab.nerc.ac.uk/collection/P01/current/ADEPZZ01/,9.1,4734.4,1,0,https://api.linked-systems.uk/api/schema-org/dataset/2004113,
1347131,urn:gleaner.io:oih:bodc:data:3b63836d2db38ac1291dba375efdf1b0234e44cc,none,False,False,,,,,0,0,https://api.linked-systems.uk/api/schema-org/dataset/1347131,
2148897,urn:gleaner.io:oih:bodc:data:0e932aa9d9edec94a24717ecff024d4f1b655f56,none,False,False,,,,,0,0,https://api.linked-systems.uk/api/schema-org/dataset/2148897,
1170912,urn:gleaner.io:oih:bodc:data:95d0d9078c4097fd14517b9f56e3129127875812,tier2,False,False,BinDep,https://vocab.nerc.ac.uk/collection/P01/current/DBINAA01/,11,407,0,1,https://api.linked-systems.uk/api/schema-org/dataset/1170912,
2153469,urn:gleaner.io:oih:bodc:data:95e21969ee5d62ba4ee576d66aa1c7f0fe8c0f12,none,False,False,,,,,0,0,https://api.linked-systems.uk/api/schema-org/dataset/2153469,
1916913,urn:gleaner.io:oih:bodc:data:c7b959a81262c16317c36a70477ae7eb46044a43,tier1,True,False,DepBelowSurf,https://vocab.nerc.ac.uk/collection/P01/current/ADEPZZ01/,6,504,1,0,https://api.linked-systems.uk/api/schema-org/dataset/1916913,
1226070,urn:gleaner.io:oih:bodc:data:ca394a8c355cb3421c6f2a3e51f5f326a0bbcd79,tier_instrument,False,True,,,,,0,0,https://api.linked-systems.uk/api/schema-org/dataset/1226070,
2001637,urn:gleaner.io:oih:bodc:data:cd5a9f1f2059d423ca6c5f582049c9da10529788,tier1,True,False,DepBelowSurf,https://vocab.nerc.ac.uk/collection/P01/current/ADEPZZ01/,9.1,4734.4,1,0,https://api.linked-systems.uk/api/schema-org/dataset/2001637,
1880810,urn:gleaner.io:oih:bodc:data:ecd3667093fcbeb4baac550b1d84010bb34160f9,none,False,False,,,,,0,0,https://api.linked-systems.uk/api/schema-org/dataset/1880810,
1177671,urn:gleaner.io:oih:bodc:data:4ee7ef024db253355bb0a1be51c22a5e184c51d3,none,False,False,,,,,0,0,https://api.linked-systems.uk/api/schema-org/dataset/1177671,
2138737,urn:gleaner.io:oih:bodc:data:0d7c39184bda44d853854b3ae4c73c5712ae40e3,tier1,True,False,DepBelowSurf,https://vocab.nerc.ac.uk/collection/P01/current/ADEPZZ01/,12.9,103,1,0,https://api.linked-systems.uk/api/schema-org/dataset/2138737,
1225970,urn:gleaner.io:oih:bodc:data:4e62c6a5470b111e216610c506b49480001f1913,tier_instrument,False,True,,,,,0,0,https://api.linked-systems.uk/api/schema-org/dataset/1225970,
1927892,urn:gleaner.io:oih:bodc:data:5dc38a3381a2c35d47ccb7c39b5d2f972c5beb4a,none,False,False,,,,,0,0,https://api.linked-systems.uk/api/schema-org/dataset/1927892,
2012997,urn:gleaner.io:oih:bodc:data:c4a7cfbf49e1d1666f60ae64fcf99de4dae1fedf,tier_instrument,False,True,,,,,0,0,https://api.linked-systems.uk/api/schema-org/dataset/2012997,
2148720,urn:gleaner.io:oih:bodc:data:6d5d93d639c69ca211de1ed890b19f4efabaf500,none,False,False,,,,,0,0,https://api.linked-systems.uk/api/schema-org/dataset/2148720,
2046158,urn:gleaner.io:oih:bodc:data:ef7ea28de61fc4c194e97c2d3b5f4d54324fc7a5,none,False,False,,,,,0,0,https://api.linked-systems.uk/api/schema-org/dataset/2046158,
1177984,urn:gleaner.io:oih:bodc:data:9456c4b7d13e69d25ee9fa6c6a6c7ea34f208900,none,False,False,,,,,0,0,https://api.linked-systems.uk/api/schema-org/dataset/1177984,
774762,urn:gleaner.io:oih:bodc:data:b441676d2b63e9eb4b9632723e77650520c7c1e4,none,False,False,,,,,0,0,https://api.linked-systems.uk/api/schema-org/dataset/774762,
2148326,urn:gleaner.io:oih:bodc:data:2f0cce0258cf6f5c9eb9121e6754cd2373213af7,tier1,True,False,DepBelowSurf,https://vocab.nerc.ac.uk/collection/P01/current/ADEPZZ01/,6.4,300,1,0,https://api.linked-systems.uk/api/schema-org/dataset/2148326,
1928023,urn:gleaner.io:oih:bodc:data:6a5e925d3df27e063197d59725115e13d35d0303,tier1,True,False,DepBelowSurf,https://vocab.nerc.ac.uk/collection/P01/current/ADEPZZ01/,5.2,81.8,1,0,https://api.linked-systems.uk/api/schema-org/dataset/1928023,
1177843,urn:gleaner.io:oih:bodc:data:f4d5bed3b9686b32f576121248906d0bf57e1531,none,False,False,,,,,0,0,https://api.linked-systems.uk/api/schema-org/dataset/1177843,
2148455,urn:gleaner.io:oih:bodc:data:7814371d8758507c95ca1dd9ebf7746690aa9b9a,tier1,True,False,DepBelowSurf,https://vocab.nerc.ac.uk/collection/P01/current/ADEPZZ01/,5.4,294.5,1,0,https://api.linked-systems.uk/api/schema-org/dataset/2148455,
888088,urn:gleaner.io:oih:bodc:data:33cce23963f2a3c081c16b56922b643fbf37a033,none,False,False,,,,,0,0,https://api.linked-systems.uk/api/schema-org/dataset/888088,
1177984,urn:gleaner.io:oih:bodc:data:b8a5458659f90fe57b1fb2b0fa85d716476b7135,none,False,False,,,,,0,0,https://api.linked-systems.uk/api/schema-org/dataset/1177984,
1170881,urn:gleaner.io:oih:bodc:data:759d86e88b0ca66b07a342051721459a97b9255a,none,False,False,,,,,0,0,https://api.linked-systems.uk/api/schema-org/dataset/1170881,
1171000,urn:gleaner.io:oih:bodc:data:348c23f2eceaa4163e55e61622512c7aed428eb2,tier2,False,False,BinDep,https://vocab.nerc.ac.uk/collection/P01/current/DBINAA01/,11,407,0,1,https://api.linked-systems.uk/api/schema-org/dataset/1171000,
2014802,urn:gleaner.io:oih:bodc:data:633e2ecf0c6dfea30c0ae7e7b9e49a3b4b439f26,none,False,False,,,,,0,0,https://api.linked-systems.uk/api/schema-org/dataset/2014802,
2004137,urn:gleaner.io:oih:bodc:data:b7c7cfce456b72c7c1d86c102037f54bd4e9918e,tier1,True,False,DepBelowSurf,https://vocab.nerc.ac.uk/collection/P01/current/ADEPZZ01/,11.6,103,1,0,https://api.linked-systems.uk/api/schema-org/dataset/2004137,
2046447,urn:gleaner.io:oih:bodc:data:5522197afcd4c8fdddd2752b34d541dc979fc1b4,tier1,True,False,DepBelowSurf,https://vocab.nerc.ac.uk/collection/P01/current/ADEPZZ01/,5.6,900.3,1,0,https://api.linked-systems.uk/api/schema-org/dataset/2046447,
2046367,urn:gleaner.io:oih:bodc:data:14918e237562a599cc55762b8d46467abf88aab3,tier1,True,False,DepBelowSurf,https://vocab.nerc.ac.uk/collection/P01/current/ADEPZZ01/,12.6,203.7,1,0,https://api.linked-systems.uk/api/schema-org/dataset/2046367,
2026919,urn:gleaner.io:oih:bodc:data:a514a4ebdc6a13667df36d9dd770ec8b387085f0,none,False,False,,,,,0,0,https://api.linked-systems.uk/api/schema-org/dataset/2026919,
2001729,urn:gleaner.io:oih:bodc:data:e6085ea3462d1c9aedfaf1c673250fc673589e85,tier1,True,False,DepBelowSurf,https://vocab.nerc.ac.uk/collection/P01/current/ADEPZZ01/,9.9,100.6,1,0,https://api.linked-systems.uk/api/schema-org/dataset/2001729,
2001717,urn:gleaner.io:oih:bodc:data:f7b9fef4620c272868e39b932348fef7b1f74335,none,False,False,,,,,0,0,https://api.linked-systems.uk/api/schema-org/dataset/2001717,
2053978,urn:gleaner.io:oih:bodc:data:421c79f889dbb56968a257b733622d5b4a9c5fe4,none,False,False,,,,,0,0,https://api.linked-systems.uk/api/schema-org/dataset/2053978,
1816715,urn:gleaner.io:oih:bodc:data:f7c7d72c041b39a308ffd436469bb9a078be4115,tier2,False,False,Start_depth,https://vocab.nerc.ac.uk/collection/P01/current/DEPHPRST/,0.99,104.08,0,1,https://api.linked-systems.uk/api/schema-org/dataset/1816715,
1170788,urn:gleaner.io:oih:bodc:data:278eb0540d26cfdbad12da86d0142cbc3efc08bf,none,False,False,,,,,0,0,https://api.linked-systems.uk/api/schema-org/dataset/1170788,
1170788,urn:gleaner.io:oih:bodc:data:cb7c20dcbdd2b2df89f9e56fecac19c887f823c7,none,False,False,,,,,0,0,https://api.linked-systems.uk/api/schema-org/dataset/1170788,
1929063,urn:gleaner.io:oih:bodc:data:ab3e0e86ff3f67dfdd0958652e0660a6b3d07c16,tier1,True,False,DepBelowSurf,https://vocab.nerc.ac.uk/collection/P01/current/ADEPZZ01/,5.2,101,1,0,https://api.linked-systems.uk/api/schema-org/dataset/1929063,
1903797,urn:gleaner.io:oih:bodc:data:77e8f87011e44fb38f272a3ebfd6d4e17a498f4d,none,False,False,,,,,0,0,https://api.linked-systems.uk/api/schema-org/dataset/1903797,
2001650,urn:gleaner.io:oih:bodc:data:96aba96eb7f6116a6d4ec4c0260a7cf4cd9200f3,tier1,True,False,DepBelowSurf,https://vocab.nerc.ac.uk/collection/P01/current/ADEPZZ01/,11.6,103,1,0,https://api.linked-systems.uk/api/schema-org/dataset/2001650,
1170893,urn:gleaner.io:oih:bodc:data:01552ba15760f00752d888250d9583611abcf312,none,False,False,,,,,0,0,https://api.linked-systems.uk/api/schema-org/dataset/1170893,
1880822,urn:gleaner.io:oih:bodc:data:70ff09b6080ccfc8c11c9934018313bc66515ae5,tier1,True,False,DepBelowSurf,https://vocab.nerc.ac.uk/collection/P01/current/ADEPZZ01/,2,200,1,0,https://api.linked-systems.uk/api/schema-org/dataset/1880822,
1177462,urn:gleaner.io:oih:bodc:data:85ef37eaff492d0d357e9f27db8e8f733a337017,none,False,False,,,,,0,0,https://api.linked-systems.uk/api/schema-org/dataset/1177462,
1928096,urn:gleaner.io:oih:bodc:data:b4d8b654a11451048f467427ddc8cdcad5652fc7,tier1,True,False,DepBelowSurf,https://vocab.nerc.ac.uk/collection/P01/current/ADEPZZ01/,25.9,81,1,0,https://api.linked-systems.uk/api/schema-org/dataset/1928096,
1876663,urn:gleaner.io:oih:bodc:data:dca8b275a9bbd16748aab3eb5f5c6ff3da8c4440,none,False,False,,,,,0,0,https://api.linked-systems.uk/api/schema-org/dataset/1876663,
2119033,urn:gleaner.io:oih:bodc:data:3121dd1bbc4adb4090badd1e463331f9f1db11c9,none,False,False,,,,,0,0,https://api.linked-systems.uk/api/schema-org/dataset/2119033,
1225921,urn:gleaner.io:oih:bodc:data:aa55ca892942734d40cb722806f0261ac6db58e1,tier_instrument,False,True,,,,,0,0,https://api.linked-systems.uk/api/schema-org/dataset/1225921,
888144,urn:gleaner.io:oih:bodc:data:6f744afb81aa8a21a0c187d2ee40ab71677ac63d,none,False,False,,,,,0,0,https://api.linked-systems.uk/api/schema-org/dataset/888144,
2138798,urn:gleaner.io:oih:bodc:data:cf2dd65907d04aa27bb03e3faa475bef6e3bf10c,tier1,True,False,DepBelowSurf,https://vocab.nerc.ac.uk/collection/P01/current/ADEPZZ01/,10.5,151.9,1,0,https://api.linked-systems.uk/api/schema-org/dataset/2138798,
1226278,urn:gleaner.io:oih:bodc:data:fcf3c6ea41b59af8d120ec9f079408dd85237590,tier_instrument,False,True,,,,,0,0,https://api.linked-systems.uk/api/schema-org/dataset/1226278,
1177738,urn:gleaner.io:oih:bodc:data:b9636069d41aa00db306929f4cf161151fb04104,none,False,False,,,,,0,0,https://api.linked-systems.uk/api/schema-org/dataset/1177738,
1928023,urn:gleaner.io:oih:bodc:data:a22130286ac631fdbeb9fb19922c6deca4244187,tier1,True,False,DepBelowSurf,https://vocab.nerc.ac.uk/collection/P01/current/ADEPZZ01/,5.2,81.8,1,0,https://api.linked-systems.uk/api/schema-org/dataset/1928023,
1927935,urn:gleaner.io:oih:bodc:data:de2953499289cdcf5845ffaf4fb8e5c881fa264b,none,False,False,,,,,0,0,https://api.linked-systems.uk/api/schema-org/dataset/1927935,
1347002,urn:gleaner.io:oih:bodc:data:bf863b252f98066ec6c1688cb8bdae37d601aa61,tier1,True,False,DepBelowSurf,https://vocab.nerc.ac.uk/collection/P01/current/ADEPZZ01/,6.2,999.6,1,0,https://api.linked-systems.uk/api/schema-org/dataset/1347002,
1927911,urn:gleaner.io:oih:bodc:data:c4b44d3c1e1898cc322c94bb02e3cdf142ee2e7b,none,False,False,,,,,0,0,https://api.linked-systems.uk/api/schema-org/dataset/1927911,
1170936,urn:gleaner.io:oih:bodc:data:086d7d3908ce968e4f09ca4ce0460758ff466e0e,tier2,False,False,BinDep,https://vocab.nerc.ac.uk/collection/P01/current/DBINAA01/,11,407,0,1,https://api.linked-systems.uk/api/schema-org/dataset/1170936,
1928176,urn:gleaner.io:oih:bodc:data:63f2633b52d436b2102962f8d17704842cb4a534,none,False,False,,,,,0,0,https://api.linked-systems.uk/api/schema-org/dataset/1928176,
2119033,urn:gleaner.io:oih:bodc:data:815435e83430cb815fcade89f4edc257e86527c6,tier1,True,False,DepBelowSurf,https://vocab.nerc.ac.uk/collection/P01/current/ADEPZZ01/,33.3,4799.1,1,0,https://api.linked-systems.uk/api/schema-org/dataset/2119033,
888088,urn:gleaner.io:oih:bodc:data:e987584506bed980c4ea2ac214b9fde126ac138e,none,False,False,,,,,0,0,https://api.linked-systems.uk/api/schema-org/dataset/888088,
1880649,urn:gleaner.io:oih:bodc:data:48ae6159c0a85af104b8823eab74e536daee1008,tier1,True,False,DepBelowSurf,https://vocab.nerc.ac.uk/collection/P01/current/ADEPZZ01/,2,75,1,0,https://api.linked-systems.uk/api/schema-org/dataset/1880649,
1989693,urn:gleaner.io:oih:bodc:data:fe6613ff30c4d35841ceab777bd8325273b1f566,none,False,False,,,,,0,0,https://api.linked-systems.uk/api/schema-org/dataset/1989693,
2148387,urn:gleaner.io:oih:bodc:data:f2ebea8eb3ffd3a1d3c096ad7d82b597e8bb5492,none,False,False,,,,,0,0,https://api.linked-systems.uk/api/schema-org/dataset/2148387,
2023006,urn:gleaner.io:oih:bodc:data:89bcb798a59cac48b85d6d7b2e987359a28b2da9,tier_instrument,False,True,,,,,0,0,https://api.linked-systems.uk/api/schema-org/dataset/2023006,
1989668,urn:gleaner.io:oih:bodc:data:b8a5770d7761b889a6db074d92aee6f92ecbc21f,none,False,False,,,,,0,0,https://api.linked-systems.uk/api/schema-org/dataset/1989668,
2014746,urn:gleaner.io:oih:bodc:data:34de695f321e07b3e9ec9557403d4b0df97faeed,none,False,False,,,,,0,0,https://api.linked-systems.uk/api/schema-org/dataset/2014746,
1916845,urn:gleaner.io:oih:bodc:data:db4c1e63e3b0b0e5750546b51220624e5a6de1ae,tier1,True,False,DepBelowSurf,https://vocab.nerc.ac.uk/collection/P01/current/ADEPZZ01/,8.5,104.1,1,0,https://api.linked-systems.uk/api/schema-org/dataset/1916845,
1226101,urn:gleaner.io:oih:bodc:data:356beeded5457ae849dd4dca0f87ee139f2ee8a8,none,False,False,,,,,0,0,https://api.linked-systems.uk/api/schema-org/dataset/1226101,
2148258,urn:gleaner.io:oih:bodc:data:109ce267cc1138b233a003d7a59df3eda8e95490,none,False,False,,,,,0,0,https://api.linked-systems.uk/api/schema-org/dataset/2148258,
1920832,urn:gleaner.io:oih:bodc:data:34512caff366ae9f40bb74c4d8886c4dea2619d0,none,False,False,,,,,0,0,https://api.linked-systems.uk/api/schema-org/dataset/1920832,
1879593,urn:gleaner.io:oih:bodc:data:f9bf8d2418106c5714f43ac6334f31290cd1eba3,none,False,False,,,,,0,0,https://api.linked-systems.uk/api/schema-org/dataset/1879593,
1177972,urn:gleaner.io:oih:bodc:data:a1d7465ffb8fdf762a9dafca501f4e880642a3e6,none,False,False,,,,,0,0,https://api.linked-systems.uk/api/schema-org/dataset/1177972,
2107855,urn:gleaner.io:oih:bodc:data:88293745a206d9990d80217788c09ef78f043cec,none,False,False,,,,,0,0,https://api.linked-systems.uk/api/schema-org/dataset/2107855,
2110709,urn:gleaner.io:oih:bodc:data:bc4981becfc4c8ae123894291996ef7c9fd58c0c,none,False,False,,,,,0,0,https://api.linked-systems.uk/api/schema-org/dataset/2110709,
1816764,urn:gleaner.io:oih:bodc:data:7d8590994a82a67e93ec59405a41b21fe5960227,tier2,False,False,Start_depth,https://vocab.nerc.ac.uk/collection/P01/current/DEPHPRST/,2.97,351.69,0,1,https://api.linked-systems.uk/api/schema-org/dataset/1816764,
1916870,urn:gleaner.io:oih:bodc:data:b5b88030ea9c231b6f1bef352a5738d31ab6aaab,tier1,True,False,DepBelowSurf,https://vocab.nerc.ac.uk/collection/P01/current/ADEPZZ01/,35,2007.1,1,0,https://api.linked-systems.uk/api/schema-org/dataset/1916870,
1346987,urn:gleaner.io:oih:bodc:data:02803f8b480da20d826213b2bd06f59ee2f31472,none,False,False,,,,,0,0,https://api.linked-systems.uk/api/schema-org/dataset/1346987,
2107683,urn:gleaner.io:oih:bodc:data:415d88301565dd27e9bd3f06737ac1107b269b28,tier1,True,False,DepBelowSurf,https://vocab.nerc.ac.uk/collection/P01/current/ADEPZZ01/,15,150,1,0,https://api.linked-systems.uk/api/schema-org/dataset/2107683,
1226254,urn:gleaner.io:oih:bodc:data:c0f360153b48773a4de425fe1f11edfcdeba441f,tier_instrument,False,True,,,,,0,0,https://api.linked-systems.uk/api/schema-org/dataset/1226254,
1225908,urn:gleaner.io:oih:bodc:data:7e18041e7a17b79b83c6983f1c33c334c3c6f0a7,tier_instrument,False,True,,,,,0,0,https://api.linked-systems.uk/api/schema-org/dataset/1225908,
2148800,urn:gleaner.io:oih:bodc:data:ca93876807a989623b0e7af5cea8a810e0268f28,none,False,False,,,,,0,0,https://api.linked-systems.uk/api/schema-org/dataset/2148800,
2074682,urn:gleaner.io:oih:bodc:data:2c18e5d5ac5cdc13566afbe832d0b9290ca892fc,none,False,False,,,,,0,0,https://api.linked-systems.uk/api/schema-org/dataset/2074682,
2074713,urn:gleaner.io:oih:bodc:data:25e20c04cd91f62d45f4b1914ab209d37111a4b7,none,False,False,,,,,0,0,https://api.linked-systems.uk/api/schema-org/dataset/2074713,
2148535,urn:gleaner.io:oih:bodc:data:ca5c662919c5642ca0cb7d4a6f0b193254e41f30,tier1,True,False,DepBelowSurf,https://vocab.nerc.ac.uk/collection/P01/current/ADEPZZ01/,26.5,301.6,1,0,https://api.linked-systems.uk/api/schema-org/dataset/2148535,
2118970,urn:gleaner.io:oih:bodc:data:9c979df441993c08bbe3dc8a8a78fb5ac5efec7e,tier1,True,False,DepBelowSurf,https://vocab.nerc.ac.uk/collection/P01/current/ADEPZZ01/,12.9,1499.6,1,0,https://api.linked-systems.uk/api/schema-org/dataset/2118970,
1177671,urn:gleaner.io:oih:bodc:data:b6e406b753f74043dfa6da89cd7d42ea79dc69bb,none,False,False,,,,,0,0,https://api.linked-systems.uk/api/schema-org/dataset/1177671,
2048860,urn:gleaner.io:oih:bodc:data:d49cc505b743c10a884cc0edd2e6132396901413,none,False,False,,,,,0,0,https://api.linked-systems.uk/api/schema-org/dataset/2048860,
2110691,urn:gleaner.io:oih:bodc:data:b0ea44edd7385bf21e2fbd45808a39f9ad64bcaf,none,False,False,,,,,0,0,https://api.linked-systems.uk/api/schema-org/dataset/2110691,
1880650,urn:gleaner.io:oih:bodc:data:b82699461a42be8bc08da271cdc06a4059a3239f,tier1,True,False,DepBelowSurf,https://vocab.nerc.ac.uk/collection/P01/current/ADEPZZ01/,2,150,1,0,https://api.linked-systems.uk/api/schema-org/dataset/1880650,
2115818,urn:gleaner.io:oih:bodc:data:bab68db27a9ce862979e128a4e62db0323261a1d,tier1,True,False,DepBelowSurf,https://vocab.nerc.ac.uk/collection/P01/current/ADEPZZ01/,5,4827.9,1,0,https://api.linked-systems.uk/api/schema-org/dataset/2115818,
1177775,urn:gleaner.io:oih:bodc:data:d1d933a823066526da55b8bdfb194b8e3f2def31,none,False,False,,,,,0,0,https://api.linked-systems.uk/api/schema-org/dataset/1177775,
2046226,urn:gleaner.io:oih:bodc:data:1ea30f53fb15269c70640db5caaef910ceebc60e,none,False,False,,,,,0,0,https://api.linked-systems.uk/api/schema-org/dataset/2046226,
1226254,urn:gleaner.io:oih:bodc:data:269ce1032923989c2d26ee076917716c2aa78cf6,tier_instrument,False,True,,,,,0,0,https://api.linked-systems.uk/api/schema-org/dataset/1226254,
2106876,urn:gleaner.io:oih:bodc:data:1f66f527bd1c76d892873e9671241f2aeadcce6f,none,False,False,,,,,0,0,https://api.linked-systems.uk/api/schema-org/dataset/2106876,
2115892,urn:gleaner.io:oih:bodc:data:92dfb9e6097a79110f02eac9e849e9e80bbb4331,none,False,False,,,,,0,0,https://api.linked-systems.uk/api/schema-org/dataset/2115892,
1170881,urn:gleaner.io:oih:bodc:data:fc4235c482c4e8da186ec889d78c775fc3100171,none,False,False,,,,,0,0,https://api.linked-systems.uk/api/schema-org/dataset/1170881,
1171085,urn:gleaner.io:oih:bodc:data:ae4b666be0a6b2a3ea585e8e6fbe0fd8c804eb2c,none,False,False,,,,,0,0,https://api.linked-systems.uk/api/schema-org/dataset/1171085,
1929002,urn:gleaner.io:oih:bodc:data:35d038b28f8fe042f575785d0bd43f0c946c810c,none,False,False,,,,,0,0,https://api.linked-systems.uk/api/schema-org/dataset/1929002,
1177960,urn:gleaner.io:oih:bodc:data:6468e54c7b5e7df9e42732e043acf9805e29378e,none,False,False,,,,,0,0,https://api.linked-systems.uk/api/schema-org/dataset/1177960,
2105781,urn:gleaner.io:oih:bodc:data:6cc090f106ecc4753da360d7eb0701ef43597b57,tier1,True,False,DepBelowSurf,https://vocab.nerc.ac.uk/collection/P01/current/ADEPZZ01/,2.8,279.5,1,0,https://api.linked-systems.uk/api/schema-org/dataset/2105781,
2046379,urn:gleaner.io:oih:bodc:data:d0f9434d19f60a607f58d75ecf225eff270cf688,none,False,False,,,,,0,0,https://api.linked-systems.uk/api/schema-org/dataset/2046379,
1347131,urn:gleaner.io:oih:bodc:data:95b782c634bb847dd80396f41dc63b77b6f92a1a,none,False,False,,,,,0,0,https://api.linked-systems.uk/api/schema-org/dataset/1347131,
2115843,urn:gleaner.io:oih:bodc:data:8af4fb9036c83274d7ff797c5597cfc976dead8d,none,False,False,,,,,0,0,https://api.linked-systems.uk/api/schema-org/dataset/2115843,
1171024,urn:gleaner.io:oih:bodc:data:955b748e4f667cfecdffbd97bfb09be82535c870,tier2,False,False,BinDep,https://vocab.nerc.ac.uk/collection/P01/current/DBINAA01/,11,407,0,1,https://api.linked-systems.uk/api/schema-org/dataset/1171024,
2153513,urn:gleaner.io:oih:bodc:data:739d9611037f1a32d5b0548dfffcfe7196ec0997,tier1,True,False,DepBelowSurf,https://vocab.nerc.ac.uk/collection/P01/current/ADEPZZ01/,50,4810,1,0,https://api.linked-systems.uk/api/schema-org/dataset/2153513,
2148732,urn:gleaner.io:oih:bodc:data:d620f0f6b710526f527d0afcbd27c462913d9913,none,False,False,,,,,0,0,https://api.linked-systems.uk/api/schema-org/dataset/2148732,
2148037,urn:gleaner.io:oih:bodc:data:07c26e118194cd37afe9a4be95569b763c4b8169,tier1,True,False,DepBelowSurf,https://vocab.nerc.ac.uk/collection/P01/current/ADEPZZ01/,9.8,304.4,1,0,https://api.linked-systems.uk/api/schema-org/dataset/2148037,
888107,urn:gleaner.io:oih:bodc:data:e2ae5ece63cbb5bbb7204d529ae5c6f134cd43b3,none,False,False,,,,,0,0,https://api.linked-systems.uk/api/schema-org/dataset/888107,
1170900,urn:gleaner.io:oih:bodc:data:353ef898ebb9e64177c21e0bfb0d0dcd971f729c,tier2,False,False,BinDep,https://vocab.nerc.ac.uk/collection/P01/current/DBINAA01/,11,407,0,1,https://api.linked-systems.uk/api/schema-org/dataset/1170900,
2115892,urn:gleaner.io:oih:bodc:data:3c81378feb74543e1403ed8d7d73fe26ca5daf4a,tier1,True,False,DepBelowSurf,https://vocab.nerc.ac.uk/collection/P01/current/ADEPZZ01/,5.1,4827.5,1,0,https://api.linked-systems.uk/api/schema-org/dataset/2115892,
1346846,urn:gleaner.io:oih:bodc:data:b2c672b9f5c2ac30cab42e769f532fec4e480453,none,False,False,,,,,0,0,https://api.linked-systems.uk/api/schema-org/dataset/1346846,
888156,urn:gleaner.io:oih:bodc:data:cd4ea539b68278888f2ea0cabce9430a813e594e,none,False,False,,,,,0,0,https://api.linked-systems.uk/api/schema-org/dataset/888156,
1836821,urn:gleaner.io:oih:bodc:data:3e192718fc410f6e9e0723014cd44c0000f992ee,none,False,False,,,,,0,0,https://api.linked-systems.uk/api/schema-org/dataset/1836821,
2046195,urn:gleaner.io:oih:bodc:data:fa7622688df21e3dfe3fe4ae0b1b89e481f2950c,none,False,False,,,,,0,0,https://api.linked-systems.uk/api/schema-org/dataset/2046195,
2107714,urn:gleaner.io:oih:bodc:data:341bd379465a9309493604a1e0b5f8f09a9fc5c9,none,False,False,,,,,0,0,https://api.linked-systems.uk/api/schema-org/dataset/2107714,
2046355,urn:gleaner.io:oih:bodc:data:890a4f852da10fd92a22441f83d3829b36cdb880,none,False,False,,,,,0,0,https://api.linked-systems.uk/api/schema-org/dataset/2046355,
1177831,urn:gleaner.io:oih:bodc:data:28afeece41740556288c45ce060530f79bee66b7,none,False,False,,,,,0,0,https://api.linked-systems.uk/api/schema-org/dataset/1177831,
1177578,urn:gleaner.io:oih:bodc:data:1126231bd2d38f6b589bcda7a8fb70fc562dfe5c,none,False,False,,,,,0,0,https://api.linked-systems.uk/api/schema-org/dataset/1177578,
1347179,urn:gleaner.io:oih:bodc:data:22ed143f840160715b197824073b60a1a38d3442,tier1,True,False,DepBelowSurf,https://vocab.nerc.ac.uk/collection/P01/current/ADEPZZ01/,5.7,999.9,1,0,https://api.linked-systems.uk/api/schema-org/dataset/1347179,
1879593,urn:gleaner.io:oih:bodc:data:8d399061ca673b1d06aecba3df43275b7c55e6d9,tier1,True,False,DepBelowSurf,https://vocab.nerc.ac.uk/collection/P01/current/ADEPZZ01/,70.1,497.7,1,0,https://api.linked-systems.uk/api/schema-org/dataset/1879593,
1170912,urn:gleaner.io:oih:bodc:data:9f0ee6c4a9013980b98c8a2a3c9a27af9c30888d,tier2,False,False,BinDep,https://vocab.nerc.ac.uk/collection/P01/current/DBINAA01/,11,407,0,1,https://api.linked-systems.uk/api/schema-org/dataset/1170912,
1927959,urn:gleaner.io:oih:bodc:data:aa0efce45079ba177cc394b1fae18301809bb414,tier1,True,False,DepBelowSurf,https://vocab.nerc.ac.uk/collection/P01/current/ADEPZZ01/,11.3,4816,1,0,https://api.linked-systems.uk/api/schema-org/dataset/1927959,
1927726,urn:gleaner.io:oih:bodc:data:0945ed91e620f42ed1b60b38f9b97cdb2ee51e0a,tier1,True,False,DepBelowSurf,https://vocab.nerc.ac.uk/collection/P01/current/ADEPZZ01/,3,150,1,0,https://api.linked-systems.uk/api/schema-org/dataset/1927726,
1916833,urn:gleaner.io:oih:bodc:data:d53a8c01367c9d445c0e05bd05a0500e34f33095,tier1,True,False,DepBelowSurf,https://vocab.nerc.ac.uk/collection/P01/current/ADEPZZ01/,8.8,4819.4,1,0,https://api.linked-systems.uk/api/schema-org/dataset/1916833,
1927960,urn:gleaner.io:oih:bodc:data:e8697c78a9417b470f120058d74faadb69524f18,none,False,False,,,,,0,0,https://api.linked-systems.uk/api/schema-org/dataset/1927960,
2148467,urn:gleaner.io:oih:bodc:data:f27c27496d88086683bc637783e7d9dd14f80680,none,False,False,,,,,0,0,https://api.linked-systems.uk/api/schema-org/dataset/2148467,
2148117,urn:gleaner.io:oih:bodc:data:d1f5f1ac0869f165377a6343d48b7e094eb95913,tier1,True,False,DepBelowSurf,https://vocab.nerc.ac.uk/collection/P01/current/ADEPZZ01/,5.2,300.5,1,0,https://api.linked-systems.uk/api/schema-org/dataset/2148117,
2053966,urn:gleaner.io:oih:bodc:data:476c2f89e5f68eb9a4dbb7d8de167a8650888214,none,False,False,,,,,0,0,https://api.linked-systems.uk/api/schema-org/dataset/2053966,
2119008,urn:gleaner.io:oih:bodc:data:2c990f889d9a4befff85e91d9087b154ed6ea608,tier1,True,False,DepBelowSurf,https://vocab.nerc.ac.uk/collection/P01/current/ADEPZZ01/,10,201.3,1,0,https://api.linked-systems.uk/api/schema-org/dataset/2119008,
1177290,urn:gleaner.io:oih:bodc:data:1f49cefe39ef17499e517f3055c2db4fbc226967,none,False,False,,,,,0,0,https://api.linked-systems.uk/api/schema-org/dataset/1177290,
1226113,urn:gleaner.io:oih:bodc:data:8ba9286759b67d2f12ce53c306ae7b7b55549b34,tier_instrument,False,True,,,,,0,0,https://api.linked-systems.uk/api/schema-org/dataset/1226113,
2048847,urn:gleaner.io:oih:bodc:data:9007d3e81c3ee2a9718dc95b603b4f687ee5dc69,none,False,False,,,,,0,0,https://api.linked-systems.uk/api/schema-org/dataset/2048847,
2148848,urn:gleaner.io:oih:bodc:data:9a18eb9221f902e7d5b1f200bff67fb063d7a3a0,tier1,True,False,DepBelowSurf,https://vocab.nerc.ac.uk/collection/P01/current/ADEPZZ01/,6.4,300,1,0,https://api.linked-systems.uk/api/schema-org/dataset/2148848,
1928152,urn:gleaner.io:oih:bodc:data:19208c76301b53d1a0102c6b31cfdac337faa70c,tier1,True,False,DepBelowSurf,https://vocab.nerc.ac.uk/collection/P01/current/ADEPZZ01/,10.4,898.1,1,0,https://api.linked-systems.uk/api/schema-org/dataset/1928152,
2148455,urn:gleaner.io:oih:bodc:data:5a5aae9605aa3d6dc03a2934dd224bb067dca8bd,tier1,True,False,DepBelowSurf,https://vocab.nerc.ac.uk/collection/P01/current/ADEPZZ01/,5.4,294.5,1,0,https://api.linked-systems.uk/api/schema-org/dataset/2148455,
2046251,urn:gleaner.io:oih:bodc:data:d352ae518c1d1a831446c4ef29c3a99ccf032435,tier1,True,False,DepBelowSurf,https://vocab.nerc.ac.uk/collection/P01/current/ADEPZZ01/,13,4757.2,1,0,https://api.linked-systems.uk/api/schema-org/dataset/2046251,
2046318,urn:gleaner.io:oih:bodc:data:cfccdea921fd7194234ea9d02435ff01da292c32,tier1,True,False,DepBelowSurf,https://vocab.nerc.ac.uk/collection/P01/current/ADEPZZ01/,14.2,99.2,1,0,https://api.linked-systems.uk/api/schema-org/dataset/2046318,
1170900,urn:gleaner.io:oih:bodc:data:efecf84b26a915001bb3d6a0b765845da802a991,none,False,False,,,,,0,0,https://api.linked-systems.uk/api/schema-org/dataset/1170900,
1874299,urn:gleaner.io:oih:bodc:data:da1966bb2d00b1bfc11084a151f6a654a53237c4,none,False,False,,,,,0,0,https://api.linked-systems.uk/api/schema-org/dataset/1874299,
1916894,urn:gleaner.io:oih:bodc:data:92c07a01ece9ffebe5c18418e18ac48e59d5c2c6,tier1,True,False,DepBelowSurf,https://vocab.nerc.ac.uk/collection/P01/current/ADEPZZ01/,5.2,101,1,0,https://api.linked-systems.uk/api/schema-org/dataset/1916894,
876420,urn:gleaner.io:oih:bodc:data:db50a01265d8f6ad58915e5cb084ac8662e5b0fa,none,False,False,,,,,0,0,https://api.linked-systems.uk/api/schema-org/dataset/876420,
2026643,urn:gleaner.io:oih:bodc:data:bf92d06544eb1274ea9f51f06c37326da2672298,tier_instrument,False,True,,,,,0,0,https://api.linked-systems.uk/api/schema-org/dataset/2026643,
2014734,urn:gleaner.io:oih:bodc:data:fc51be04110bf419ba89fbb7d88636b1edc162d3,tier2,False,False,Start_depth,https://vocab.nerc.ac.uk/collection/P01/current/DEPHPRST/,6.94,100.12,0,1,https://api.linked-systems.uk/api/schema-org/dataset/2014734,
1177413,urn:gleaner.io:oih:bodc:data:dbcf33533b87f3ac8ac8931ca70896f11b2325c2,none,False,False,,,,,0,0,https://api.linked-systems.uk/api/schema-org/dataset/1177413,
1347339,urn:gleaner.io:oih:bodc:data:9757a6381e9e7ebfff9dc3f71a7b2e109e22f922,none,False,False,,,,,0,0,https://api.linked-systems.uk/api/schema-org/dataset/1347339,
2110691,urn:gleaner.io:oih:bodc:data:fe704ae70f2dc31f438a1894eea0790d831a8e65,tier1,True,False,DepBelowSurf,https://vocab.nerc.ac.uk/collection/P01/current/ADEPZZ01/,3.4,198.9,1,0,https://api.linked-systems.uk/api/schema-org/dataset/2110691,
1816820,urn:gleaner.io:oih:bodc:data:15fcd61898b175f51f3ea73914f13e75f603644c,tier2,False,False,Start_depth,https://vocab.nerc.ac.uk/collection/P01/current/DEPHPRST/,0.99,102.1,0,1,https://api.linked-systems.uk/api/schema-org/dataset/1816820,
1170764,urn:gleaner.io:oih:bodc:data:fa285c3a74e351b103223b5c5afe4b1d63f80ef4,tier2,False,False,BinDep,https://vocab.nerc.ac.uk/collection/P01/current/DBINAA01/,11,407,0,1,https://api.linked-systems.uk/api/schema-org/dataset/1170764,
1927818,urn:gleaner.io:oih:bodc:data:7642697c67c6a6c1de006f2e3965a7fbf4668be2,none,False,False,,,,,0,0,https://api.linked-systems.uk/api/schema-org/dataset/1927818,
1347087,urn:gleaner.io:oih:bodc:data:895f2ce22d611b2db85629e6fcf546c9b6156770,tier1,True,False,DepBelowSurf,https://vocab.nerc.ac.uk/collection/P01/current/ADEPZZ01/,5.7,60.5,1,0,https://api.linked-systems.uk/api/schema-org/dataset/1347087,
2148222,urn:gleaner.io:oih:bodc:data:96ef6df937c07d385f1f3d90e4d21f350b07c397,tier1,True,False,DepBelowSurf,https://vocab.nerc.ac.uk/collection/P01/current/ADEPZZ01/,50.2,300,1,0,https://api.linked-systems.uk/api/schema-org/dataset/2148222,
1816844,urn:gleaner.io:oih:bodc:data:d8bbc96357fce2015d99e1a808a0b9c214624d1b,tier2,False,False,Start_depth,https://vocab.nerc.ac.uk/collection/P01/current/DEPHPRST/,2.97,393.26,0,1,https://api.linked-systems.uk/api/schema-org/dataset/1816844,
2054005,urn:gleaner.io:oih:bodc:data:26ab4b84d3e470b7bdc211a9c208db0221456501,tier2,False,False,SFPG,https://vocab.nerc.ac.uk/collection/P01/current/DEPHFP01/,,,0,1,https://api.linked-systems.uk/api/schema-org/dataset/2054005,
1346871,urn:gleaner.io:oih:bodc:data:ed6989f659fba07ad8c4767b5505906f69cd54de,tier1,True,False,DepBelowSurf,https://vocab.nerc.ac.uk/collection/P01/current/ADEPZZ01/,7.3,1001.4,1,0,https://api.linked-systems.uk/api/schema-org/dataset/1346871,
2118969,urn:gleaner.io:oih:bodc:data:932eddcf50a7924b535222ce39086fa345b29f0e,none,False,False,,,,,0,0,https://api.linked-systems.uk/api/schema-org/dataset/2118969,
1225890,urn:gleaner.io:oih:bodc:data:685a2ec0cedf8e80c72f52fbd53146ea361d944a,tier_instrument,False,True,,,,,0,0,https://api.linked-systems.uk/api/schema-org/dataset/1225890,
2046435,urn:gleaner.io:oih:bodc:data:19baf2b8ff6a08caeb402cd866241cc9fc09fb58,tier1,True,False,DepBelowSurf,https://vocab.nerc.ac.uk/collection/P01/current/ADEPZZ01/,8,204,1,0,https://api.linked-systems.uk/api/schema-org/dataset/2046435,
1928127,urn:gleaner.io:oih:bodc:data:1da155f4ddce40db4e8a9344c220b33f3be3d434,none,False,False,,,,,0,0,https://api.linked-systems.uk/api/schema-org/dataset/1928127,
1989607,urn:gleaner.io:oih:bodc:data:6089c96b71b87647999417fc1c8a0cd8e7c5e7bf,tier1,True,False,DepBelowSurf,https://vocab.nerc.ac.uk/collection/P01/current/ADEPZZ01/,10.4,991.1,1,0,https://api.linked-systems.uk/api/schema-org/dataset/1989607,
1346999,urn:gleaner.io:oih:bodc:data:801036243ccd59b1d8f90c1298de68b0b835785c,tier1,True,False,DepBelowSurf,https://vocab.nerc.ac.uk/collection/P01/current/ADEPZZ01/,6.3,983,1,0,https://api.linked-systems.uk/api/schema-org/dataset/1346999,
2107591,urn:gleaner.io:oih:bodc:data:5dd2e674f3251ae5d367efd942999d6f28d0be39,none,False,False,,,,,0,0,https://api.linked-systems.uk/api/schema-org/dataset/2107591,
2107695,urn:gleaner.io:oih:bodc:data:2317749c02fba8336fa76425fafae974b4873474,tier1,True,False,DepBelowSurf,https://vocab.nerc.ac.uk/collection/P01/current/ADEPZZ01/,15,50,1,0,https://api.linked-systems.uk/api/schema-org/dataset/2107695,
1916869,urn:gleaner.io:oih:bodc:data:1961bbb83b5c8d1a5454d6fdcd4ef1ea7f2de9d7,tier1,True,False,DepBelowSurf,https://vocab.nerc.ac.uk/collection/P01/current/ADEPZZ01/,5.3,100.2,1,0,https://api.linked-systems.uk/api/schema-org/dataset/1916869,
2107738,urn:gleaner.io:oih:bodc:data:a3eb804a36231c16ab12b97f3be496075ded70f5,tier1,True,False,DepBelowSurf,https://vocab.nerc.ac.uk/collection/P01/current/ADEPZZ01/,40,4800,1,0,https://api.linked-systems.uk/api/schema-org/dataset/2107738,
2048872,urn:gleaner.io:oih:bodc:data:eed8bbd54d36e17c475534345fb988b73521b8e6,none,False,False,,,,,0,0,https://api.linked-systems.uk/api/schema-org/dataset/2048872,
2107683,urn:gleaner.io:oih:bodc:data:84613494106139093c533edc071c25091672e7ff,none,False,False,,,,,0,0,https://api.linked-systems.uk/api/schema-org/dataset/2107683,
2148166,urn:gleaner.io:oih:bodc:data:1e190cd95147cc079c60d55119bcf11ae457413d,tier1,True,False,DepBelowSurf,https://vocab.nerc.ac.uk/collection/P01/current/ADEPZZ01/,4.9,300,1,0,https://api.linked-systems.uk/api/schema-org/dataset/2148166,
1848188,urn:gleaner.io:oih:bodc:data:3548fb50c49ce268479638815bf953d11e0d4fc3,none,False,False,,,,,0,0,https://api.linked-systems.uk/api/schema-org/dataset/1848188,
1350753,urn:gleaner.io:oih:bodc:data:5a73bcf3c89c42dbc6d26d2335935dd8f043a65d,tier1,True,False,DepBelowSurf,https://vocab.nerc.ac.uk/collection/P01/current/ADEPZZ01/,,,1,0,https://api.linked-systems.uk/api/schema-org/dataset/1350753,
1848176,urn:gleaner.io:oih:bodc:data:89094490d2e2ee97fd5faac883b4319ff2f834b2,tier1,True,False,DepBelowSurf,https://vocab.nerc.ac.uk/collection/P01/current/ADEPZZ01/,9.3,3997.6,1,0,https://api.linked-systems.uk/api/schema-org/dataset/1848176,
876512,urn:gleaner.io:oih:bodc:data:9524cbe055ac3301e9996f74bae3f1d10f579387,none,False,False,,,,,0,0,https://api.linked-systems.uk/api/schema-org/dataset/876512,
2148480,urn:gleaner.io:oih:bodc:data:ceea8bacd596e567e779396227516ccb18010bbb,none,False,False,,,,,0,0,https://api.linked-systems.uk/api/schema-org/dataset/2148480,
1226205,urn:gleaner.io:oih:bodc:data:5e25c8998c8c466bc90bf0cdde4e93d96eb22d09,tier_instrument,False,True,,,,,0,0,https://api.linked-systems.uk/api/schema-org/dataset/1226205,
1347038,urn:gleaner.io:oih:bodc:data:7f7a34a88e508392cf125b5de172b142769317b2,tier1,True,False,DepBelowSurf,https://vocab.nerc.ac.uk/collection/P01/current/ADEPZZ01/,5.9,251.1,1,0,https://api.linked-systems.uk/api/schema-org/dataset/1347038,
1225994,urn:gleaner.io:oih:bodc:data:01dde1550d4d27f309be3034ac823ebb12a02133,tier_instrument,False,True,,,,,0,0,https://api.linked-systems.uk/api/schema-org/dataset/1225994,
1226278,urn:gleaner.io:oih:bodc:data:9c80de2190c5e0139f4aa67a18bcee71ebdfd2b8,tier_instrument,False,True,,,,,0,0,https://api.linked-systems.uk/api/schema-org/dataset/1226278,
2148258,urn:gleaner.io:oih:bodc:data:db1ad91d082a90e27a4801e4224a5ec504f8b775,none,False,False,,,,,0,0,https://api.linked-systems.uk/api/schema-org/dataset/2148258,
1177702,urn:gleaner.io:oih:bodc:data:5039d1b6eacfbef8143e617182191a4a6ff9f304,none,False,False,,,,,0,0,https://api.linked-systems.uk/api/schema-org/dataset/1177702,
2074713,urn:gleaner.io:oih:bodc:data:5f9148b5c0e1d16332a17deaf00cbd6220648219,tier_instrument,False,True,,,,,0,0,https://api.linked-systems.uk/api/schema-org/dataset/2074713,
2138786,urn:gleaner.io:oih:bodc:data:d1df61f4c7296cca04d9c762c97e9ac1a5306d23,none,False,False,,,,,0,0,https://api.linked-systems.uk/api/schema-org/dataset/2138786,
1346834,urn:gleaner.io:oih:bodc:data:1aca8d51a7585a038bb1bb4392ef2a8d96a2f552,none,False,False,,,,,0,0,https://api.linked-systems.uk/api/schema-org/dataset/1346834,
1347223,urn:gleaner.io:oih:bodc:data:257df3b25bb0561aa2563676e65b2357513f3e55,none,False,False,,,,,0,0,https://api.linked-systems.uk/api/schema-org/dataset/1347223,
1347106,urn:gleaner.io:oih:bodc:data:57c4ba33046b320275efee37a08b0bda9c757a45,none,False,False,,,,,0,0,https://api.linked-systems.uk/api/schema-org/dataset/1347106,
774750,urn:gleaner.io:oih:bodc:data:955e03d82e64337a3d4dbdc60c673fecc03c8ac0,none,False,False,,,,,0,0,https://api.linked-systems.uk/api/schema-org/dataset/774750,
2001730,urn:gleaner.io:oih:bodc:data:d8aa709491f8d1449a0fca3412bd3aa0fe033020,tier1,True,False,DepBelowSurf,https://vocab.nerc.ac.uk/collection/P01/current/ADEPZZ01/,8.2,4734.6,1,0,https://api.linked-systems.uk/api/schema-org/dataset/2001730,
1927947,urn:gleaner.io:oih:bodc:data:dd0d2bb26fb0420dddcd4861e1492be02ab6cb19,tier1,True,False,DepBelowSurf,https://vocab.nerc.ac.uk/collection/P01/current/ADEPZZ01/,5.2,202.1,1,0,https://api.linked-systems.uk/api/schema-org/dataset/1927947,
2046969,urn:gleaner.io:oih:bodc:data:6df7d2baae4a54ba00ff6a584c54f23775a8782a,none,False,False,,,,,0,0,https://api.linked-systems.uk/api/schema-org/dataset/2046969,
2026919,urn:gleaner.io:oih:bodc:data:1d3308bd621291c2995f6f90eeb4d0b6426a07d1,none,False,False,,,,,0,0,https://api.linked-systems.uk/api/schema-org/dataset/2026919,
1226057,urn:gleaner.io:oih:bodc:data:547395a109d4f04f6a9c1bc913b3bf7934f6cfdc,none,False,False,,,,,0,0,https://api.linked-systems.uk/api/schema-org/dataset/1226057,
2026655,urn:gleaner.io:oih:bodc:data:390ba12bca4992558ef08dcf2ea6f4fa1b167712,tier_instrument,False,True,,,,,0,0,https://api.linked-systems.uk/api/schema-org/dataset/2026655,
2148326,urn:gleaner.io:oih:bodc:data:07a1c31446284a4fae56693054bc453c8c1931c3,none,False,False,,,,,0,0,https://api.linked-systems.uk/api/schema-org/dataset/2148326,
2046411,urn:gleaner.io:oih:bodc:data:cd1a260aab9f828e8da01f92de1d8a480247451f,tier1,True,False,DepBelowSurf,https://vocab.nerc.ac.uk/collection/P01/current/ADEPZZ01/,12,4756.1,1,0,https://api.linked-systems.uk/api/schema-org/dataset/2046411,
2107578,urn:gleaner.io:oih:bodc:data:24e4c72755ef2906f4e8b950b69e8e268a405023,tier1,True,False,DepBelowSurf,https://vocab.nerc.ac.uk/collection/P01/current/ADEPZZ01/,30.5,278.3,1,0,https://api.linked-systems.uk/api/schema-org/dataset/2107578,
1177683,urn:gleaner.io:oih:bodc:data:a3a44ccc8430fa2524d829bfb99b384b646d279b,none,False,False,,,,,0,0,https://api.linked-systems.uk/api/schema-org/dataset/1177683,
2153501,urn:gleaner.io:oih:bodc:data:027757b2e6eebcf958ff46d25f0edc202c7eeaac,tier1,True,False,DepBelowSurf,https://vocab.nerc.ac.uk/collection/P01/current/ADEPZZ01/,5,4810,1,0,https://api.linked-systems.uk/api/schema-org/dataset/2153501,
1880601,urn:gleaner.io:oih:bodc:data:b623b8cecb2d18cd945912bbe834dcabc39359c7,none,False,False,,,,,0,0,https://api.linked-systems.uk/api/schema-org/dataset/1880601,
1177450,urn:gleaner.io:oih:bodc:data:b1b17d5339372553f310e1c807dd88d52f1c0e9d,none,False,False,,,,,0,0,https://api.linked-systems.uk/api/schema-org/dataset/1177450,
1928072,urn:gleaner.io:oih:bodc:data:c8cfe26e1f32ad485b6552517e3fc750d937c271,none,False,False,,,,,0,0,https://api.linked-systems.uk/api/schema-org/dataset/1928072,
1170740,urn:gleaner.io:oih:bodc:data:93d5da3a345724ad555f15287b13468d439f2076,none,False,False,,,,,0,0,https://api.linked-systems.uk/api/schema-org/dataset/1170740,
1759984,urn:gleaner.io:oih:bodc:data:328796732b0d4f4fd3b7cc462cc0d654becf667b,none,False,False,,,,,0,0,https://api.linked-systems.uk/api/schema-org/dataset/1759984,
1226008,urn:gleaner.io:oih:bodc:data:4b672029d47af28255ac4be63b7a062dc5dcce64,tier_instrument,False,True,,,,,0,0,https://api.linked-systems.uk/api/schema-org/dataset/1226008,
1989700,urn:gleaner.io:oih:bodc:data:571ce24899eef2cee252e8002f8fce9e420571af,tier1,True,False,DepBelowSurf,https://vocab.nerc.ac.uk/collection/P01/current/ADEPZZ01/,9.9,100.6,1,0,https://api.linked-systems.uk/api/schema-org/dataset/1989700,
1880613,urn:gleaner.io:oih:bodc:data:28c57ce2309636d212c0329e9615ecf16de7df43,tier1,True,False,DepBelowSurf,https://vocab.nerc.ac.uk/collection/P01/current/ADEPZZ01/,2,70,1,0,https://api.linked-systems.uk/api/schema-org/dataset/1880613,
1916857,urn:gleaner.io:oih:bodc:data:734b583a993261bde1fd5025065d5afea6bd33a9,tier1,True,False,DepBelowSurf,https://vocab.nerc.ac.uk/collection/P01/current/ADEPZZ01/,5,4827.9,1,0,https://api.linked-systems.uk/api/schema-org/dataset/1916857,
1879556,urn:gleaner.io:oih:bodc:data:7a8eab0550c3555af03ec9cc6912c17e86f657a2,none,False,False,,,,,0,0,https://api.linked-systems.uk/api/schema-org/dataset/1879556,
2148652,urn:gleaner.io:oih:bodc:data:e530a42e637a105c97a22703b0233ca8c7072d32,none,False,False,,,,,0,0,https://api.linked-systems.uk/api/schema-org/dataset/2148652,
1916845,urn:gleaner.io:oih:bodc:data:f23571ac331a2f9b7494e4587163adafc86c1696,tier1,True,False,DepBelowSurf,https://vocab.nerc.ac.uk/collection/P01/current/ADEPZZ01/,8.5,104.1,1,0,https://api.linked-systems.uk/api/schema-org/dataset/1916845,
2118957,urn:gleaner.io:oih:bodc:data:236fd69aaff5b4c741d25c99e57f1947757bd1f6,tier1,True,False,DepBelowSurf,https://vocab.nerc.ac.uk/collection/P01/current/ADEPZZ01/,9.2,4786.9,1,0,https://api.linked-systems.uk/api/schema-org/dataset/2118957,
1880674,urn:gleaner.io:oih:bodc:data:0268801a9ac1bff32bbc305770255d65ffada235,none,False,False,,,,,0,0,https://api.linked-systems.uk/api/schema-org/dataset/1880674,
2051867,urn:gleaner.io:oih:bodc:data:010770e8bdb6a5cab7c850113c49cc0bdb1c393f,tier1,True,False,DepBelowSurf,https://vocab.nerc.ac.uk/collection/P01/current/ADEPZZ01/,8.2,453.1,1,0,https://api.linked-systems.uk/api/schema-org/dataset/2051867,
1816715,urn:gleaner.io:oih:bodc:data:4ace5f443dd92c31903f6076d057d636f72c52ae,none,False,False,,,,,0,0,https://api.linked-systems.uk/api/schema-org/dataset/1816715,
1874287,urn:gleaner.io:oih:bodc:data:17c3ea4b2b87c89fd66ac4891bcc51f0ec44b6fd,none,False,False,,,,,0,0,https://api.linked-systems.uk/api/schema-org/dataset/1874287,
1346963,urn:gleaner.io:oih:bodc:data:6ea855357a72cc9b1c8ddf82e1d71bd83a7e6c5a,tier1,True,False,DepBelowSurf,https://vocab.nerc.ac.uk/collection/P01/current/ADEPZZ01/,6.3,998.5,1,0,https://api.linked-systems.uk/api/schema-org/dataset/1346963,
1876687,urn:gleaner.io:oih:bodc:data:67d1cb852bcf730c0a83409a8aaeaf09745c31e1,tier1,True,False,DepBelowSurf,https://vocab.nerc.ac.uk/collection/P01/current/ADEPZZ01/,148.9,4723.4,1,0,https://api.linked-systems.uk/api/schema-org/dataset/1876687,
1916882,urn:gleaner.io:oih:bodc:data:7f6e125ac046b7eb2aaa5af9952099f69bcf8123,none,False,False,,,,,0,0,https://api.linked-systems.uk/api/schema-org/dataset/1916882,
2051818,urn:gleaner.io:oih:bodc:data:a3f662161fc72e92539f27a3b1c510dd33c59dd4,tier1,True,False,DepBelowSurf,https://vocab.nerc.ac.uk/collection/P01/current/ADEPZZ01/,8.4,4706.6,1,0,https://api.linked-systems.uk/api/schema-org/dataset/2051818,
1927843,urn:gleaner.io:oih:bodc:data:29e453a455efabbf13e61a29eb1225bd77f7889d,tier1,True,False,DepBelowSurf,https://vocab.nerc.ac.uk/collection/P01/current/ADEPZZ01/,60,90,1,0,https://api.linked-systems.uk/api/schema-org/dataset/1927843,
2119021,urn:gleaner.io:oih:bodc:data:41caa5cfc6fcb620fa846de9d050878a207419a7,tier1,True,False,DepBelowSurf,https://vocab.nerc.ac.uk/collection/P01/current/ADEPZZ01/,12.2,103.6,1,0,https://api.linked-systems.uk/api/schema-org/dataset/2119021,
1880754,urn:gleaner.io:oih:bodc:data:f7a89b43b8b0f7d4b5c139052cbd6f84c5ab770e,none,False,False,,,,,0,0,https://api.linked-systems.uk/api/schema-org/dataset/1880754,
1880822,urn:gleaner.io:oih:bodc:data:97aaabd4fd5c213658f470b50c2a3fef366a2b87,tier1,True,False,DepBelowSurf,https://vocab.nerc.ac.uk/collection/P01/current/ADEPZZ01/,2,200,1,0,https://api.linked-systems.uk/api/schema-org/dataset/1880822,
1350765,urn:gleaner.io:oih:bodc:data:d0087d23f087ce9681b6236cbdb9fd3f36760ca3,tier1,True,False,DepBelowSurf,https://vocab.nerc.ac.uk/collection/P01/current/ADEPZZ01/,6.3,38,1,0,https://api.linked-systems.uk/api/schema-org/dataset/1350765,
1177867,urn:gleaner.io:oih:bodc:data:59f54ba791834093a789845b7ed1f44f48588e9d,none,False,False,,,,,0,0,https://api.linked-systems.uk/api/schema-org/dataset/1177867,
1177683,urn:gleaner.io:oih:bodc:data:f1de943f01d3fbf576d9fd38052f54f9e92d2c8c,none,False,False,,,,,0,0,https://api.linked-systems.uk/api/schema-org/dataset/1177683,
2046146,urn:gleaner.io:oih:bodc:data:2ba5764a968a80703ba8913c0b617977b92f9c69,tier_instrument,False,True,,,,,0,0,https://api.linked-systems.uk/api/schema-org/dataset/2046146,
2153550,urn:gleaner.io:oih:bodc:data:93629ef37cedf8389c302b488c70b32502b9d86e,tier1,True,False,DepBelowSurf,https://vocab.nerc.ac.uk/collection/P01/current/ADEPZZ01/,5,1000,1,0,https://api.linked-systems.uk/api/schema-org/dataset/2153550,
2148375,urn:gleaner.io:oih:bodc:data:f1bbc77cf085f7ce9a7bc0a4ab9392e8ea0486c8,none,False,False,,,,,0,0,https://api.linked-systems.uk/api/schema-org/dataset/2148375,
2148559,urn:gleaner.io:oih:bodc:data:8ba31a3dd0b6accfd21b49f805781e1cf42f409e,tier1,True,False,DepBelowSurf,https://vocab.nerc.ac.uk/collection/P01/current/ADEPZZ01/,9.8,304.4,1,0,https://api.linked-systems.uk/api/schema-org/dataset/2148559,
1225921,urn:gleaner.io:oih:bodc:data:f60f52ce9b3e0c29345c9a29cd9021d4652bdd0f,none,False,False,,,,,0,0,https://api.linked-systems.uk/api/schema-org/dataset/1225921,
1928164,urn:gleaner.io:oih:bodc:data:df115bd9c74be27f97cee2157dea2ede598f9630,none,False,False,,,,,0,0,https://api.linked-systems.uk/api/schema-org/dataset/1928164,
2115806,urn:gleaner.io:oih:bodc:data:693b4c50324a299c3c3df507a623afba4c810c18,none,False,False,,,,,0,0,https://api.linked-systems.uk/api/schema-org/dataset/2115806,
1177609,urn:gleaner.io:oih:bodc:data:2b5ad6eb9bb94128a097e921a76394e906816adf,none,False,False,,,,,0,0,https://api.linked-systems.uk/api/schema-org/dataset/1177609,
1759984,urn:gleaner.io:oih:bodc:data:9969ff88e1bb9b9d739f12120e136ec8f15fffc2,none,False,False,,,,,0,0,https://api.linked-systems.uk/api/schema-org/dataset/1759984,
2107702,urn:gleaner.io:oih:bodc:data:ae3bdfd4de433a2ee053af45358c7768e6c31c40,tier1,True,False,DepBelowSurf,https://vocab.nerc.ac.uk/collection/P01/current/ADEPZZ01/,15,90,1,0,https://api.linked-systems.uk/api/schema-org/dataset/2107702,
1760008,urn:gleaner.io:oih:bodc:data:b5a395a606d29aa8fd81e49ee9979d63bb4eab56,none,False,False,,,,,0,0,https://api.linked-systems.uk/api/schema-org/dataset/1760008,
1759996,urn:gleaner.io:oih:bodc:data:d877ce1559e5c1bbf52d7eb797353c53a35e1976,none,False,False,,,,,0,0,https://api.linked-systems.uk/api/schema-org/dataset/1759996,
2118994,urn:gleaner.io:oih:bodc:data:edd7f4737c083202a12fda6ac628203f450c1038,none,False,False,,,,,0,0,https://api.linked-systems.uk/api/schema-org/dataset/2118994,
2046263,urn:gleaner.io:oih:bodc:data:87e299ba6b89cbef9cb22ab78acb5de667baebd8,tier1,True,False,DepBelowSurf,https://vocab.nerc.ac.uk/collection/P01/current/ADEPZZ01/,12,4755,1,0,https://api.linked-systems.uk/api/schema-org/dataset/2046263,
1876699,urn:gleaner.io:oih:bodc:data:24d410f8f941432544efeefd191fe1cd008f1138,tier1,True,False,DepBelowSurf,https://vocab.nerc.ac.uk/collection/P01/current/ADEPZZ01/,5.1,212.6,1,0,https://api.linked-systems.uk/api/schema-org/dataset/1876699,
1346895,urn:gleaner.io:oih:bodc:data:97f76f8d1b63dff51ea80972e4469b931ca4ddd5,none,False,False,,,,,0,0,https://api.linked-systems.uk/api/schema-org/dataset/1346895,
2004149,urn:gleaner.io:oih:bodc:data:eaa4ea3e426c3b3356c640d60d4af6d42dba2260,none,False,False,,,,,0,0,https://api.linked-systems.uk/api/schema-org/dataset/2004149,
2138774,urn:gleaner.io:oih:bodc:data:38830da5153a44e353ad48dd14ce93bf5a078a8c,tier1,True,False,DepBelowSurf,https://vocab.nerc.ac.uk/collection/P01/current/ADEPZZ01/,12.2,102.6,1,0,https://api.linked-systems.uk/api/schema-org/dataset/2138774,
2148897,urn:gleaner.io:oih:bodc:data:226b9413a049071ab84fc20ffaa952705197fb1e,none,False,False,,,,,0,0,https://api.linked-systems.uk/api/schema-org/dataset/2148897,
1177529,urn:gleaner.io:oih:bodc:data:d698a0732723a1b1bf49e6bee79bb218916a3ab4,none,False,False,,,,,0,0,https://api.linked-systems.uk/api/schema-org/dataset/1177529,
2014734,urn:gleaner.io:oih:bodc:data:27f58136e8e2343ab9ca75268801360d03928c9c,tier2,False,False,Start_depth,https://vocab.nerc.ac.uk/collection/P01/current/DEPHPRST/,6.94,100.12,0,1,https://api.linked-systems.uk/api/schema-org/dataset/2014734,
2046343,urn:gleaner.io:oih:bodc:data:a3af1d6e64c11b156f0f8c02c8650490fb34ad98,tier1,True,False,DepBelowSurf,https://vocab.nerc.ac.uk/collection/P01/current/ADEPZZ01/,12.8,202.9,1,0,https://api.linked-systems.uk/api/schema-org/dataset/2046343,
2046447,urn:gleaner.io:oih:bodc:data:ce7e96b6f99303fa50f92d2dfd73fe88abe5b758,none,False,False,,,,,0,0,https://api.linked-systems.uk/api/schema-org/dataset/2046447,
2148210,urn:gleaner.io:oih:bodc:data:373bf634073e5d0a831611a6da16f48ea445f40c,none,False,False,,,,,0,0,https://api.linked-systems.uk/api/schema-org/dataset/2148210,
1226101,urn:gleaner.io:oih:bodc:data:647a6737fab4842ae1a52b51e1469f233629a8d6,tier_instrument,False,True,,,,,0,0,https://api.linked-systems.uk/api/schema-org/dataset/1226101,
2051751,urn:gleaner.io:oih:bodc:data:41492319fd649f044364b9cd272aa3d20ced0b55,tier1,True,False,DepBelowSurf,https://vocab.nerc.ac.uk/collection/P01/current/ADEPZZ01/,8.2,122.1,1,0,https://api.linked-systems.uk/api/schema-org/dataset/2051751,
1927996,urn:gleaner.io:oih:bodc:data:0b0cd8cf21ffd4ba04626f1228d550b91f8a6303,none,False,False,,,,,0,0,https://api.linked-systems.uk/api/schema-org/dataset/1927996,
2118945,urn:gleaner.io:oih:bodc:data:28ac0c79adaad0a4089fe98f322ab691e94c451b,tier1,True,False,DepBelowSurf,https://vocab.nerc.ac.uk/collection/P01/current/ADEPZZ01/,20,99.5,1,0,https://api.linked-systems.uk/api/schema-org/dataset/2118945,
1226198,urn:gleaner.io:oih:bodc:data:c2e670ce3eb3ec63caed8a1f44d8f662efd2ff63,tier_instrument,False,True,,,,,0,0,https://api.linked-systems.uk/api/schema-org/dataset/1226198,
1225969,urn:gleaner.io:oih:bodc:data:93298e7b44c10727d5d1d0289f3a7330d822e0a8,none,False,False,,,,,0,0,https://api.linked-systems.uk/api/schema-org/dataset/1225969,
2052103,urn:gleaner.io:oih:bodc:data:c36fe250803f2d0020ffb3718983fd27b60e2f16,none,False,False,,,,,0,0,https://api.linked-systems.uk/api/schema-org/dataset/2052103,
2148178,urn:gleaner.io:oih:bodc:data:c90afcb99229cdabd473fd7f7407f08d9a14f14d,none,False,False,,,,,0,0,https://api.linked-systems.uk/api/schema-org/dataset/2148178,
1903797,urn:gleaner.io:oih:bodc:data:3083414b6b681dd9b7150296fe31f87c0d7e1767,none,False,False,,,,,0,0,https://api.linked-systems.uk/api/schema-org/dataset/1903797,
1226205,urn:gleaner.io:oih:bodc:data:d00ac5233d928e629d9a15238f439a7608f9d7ae,tier_instrument,False,True,,,,,0,0,https://api.linked-systems.uk/api/schema-org/dataset/1226205,
2046411,urn:gleaner.io:oih:bodc:data:23711e44e0a9766b9086639920e774c80bace55c,none,False,False,,,,,0,0,https://api.linked-systems.uk/api/schema-org/dataset/2046411,
888200,urn:gleaner.io:oih:bodc:data:8fe840bbf532858272e372868da75fadabd6c9d0,none,False,False,,,,,0,0,https://api.linked-systems.uk/api/schema-org/dataset/888200,
2148584,urn:gleaner.io:oih:bodc:data:b08ac7f3f07ac1db2ac8a74aec5f1ede0b8c1785,none,False,False,,,,,0,0,https://api.linked-systems.uk/api/schema-org/dataset/2148584,
1759972,urn:gleaner.io:oih:bodc:data:95fdf9e403d22ff1a70df2f85608bb52562feb06,none,False,False,,,,,0,0,https://api.linked-systems.uk/api/schema-org/dataset/1759972,
2148062,urn:gleaner.io:oih:bodc:data:240b3c15b4d4c213022e2b4e24fba0007a775054,tier1,True,False,DepBelowSurf,https://vocab.nerc.ac.uk/collection/P01/current/ADEPZZ01/,6,301,1,0,https://api.linked-systems.uk/api/schema-org/dataset/2148062,
1346914,urn:gleaner.io:oih:bodc:data:b89874b3d67204da5e282c2840655a5047244674,none,False,False,,,,,0,0,https://api.linked-systems.uk/api/schema-org/dataset/1346914,
2148596,urn:gleaner.io:oih:bodc:data:e8d1a67c9a7a9db27449e9b7f568a98d388a6f40,tier1,True,False,DepBelowSurf,https://vocab.nerc.ac.uk/collection/P01/current/ADEPZZ01/,,,1,0,https://api.linked-systems.uk/api/schema-org/dataset/2148596,
2111866,urn:gleaner.io:oih:bodc:data:2b725b9cc4373a1c1fa2b604f33371cf0923ab15,none,False,False,,,,,0,0,https://api.linked-systems.uk/api/schema-org/dataset/2111866,
2148652,urn:gleaner.io:oih:bodc:data:56ece2520ccd1ede2af415b5d2ef8309144f0d80,tier1,True,False,DepBelowSurf,https://vocab.nerc.ac.uk/collection/P01/current/ADEPZZ01/,5.9,301,1,0,https://api.linked-systems.uk/api/schema-org/dataset/2148652,
2153574,urn:gleaner.io:oih:bodc:data:6c5f754ae089253354e10d9a8d2542920ab1b996,none,False,False,,,,,0,0,https://api.linked-systems.uk/api/schema-org/dataset/2153574,
2143383,urn:gleaner.io:oih:bodc:data:9500fcb2a26e7df8e532909b26b67536805b2b31,none,False,False,,,,,0,0,https://api.linked-systems.uk/api/schema-org/dataset/2143383,
2118957,urn:gleaner.io:oih:bodc:data:8aca9984ee9f66f2fbee7e8854d77e37f8822737,tier1,True,False,DepBelowSurf,https://vocab.nerc.ac.uk/collection/P01/current/ADEPZZ01/,9.2,4786.9,1,0,https://api.linked-systems.uk/api/schema-org/dataset/2118957,
1350741,urn:gleaner.io:oih:bodc:data:27eeaa970b1e624d19fe7e88e852259f20f36278,tier1,True,False,DepBelowSurf,https://vocab.nerc.ac.uk/collection/P01/current/ADEPZZ01/,6.7,29.5,1,0,https://api.linked-systems.uk/api/schema-org/dataset/1350741,
1874411,urn:gleaner.io:oih:bodc:data:f7cadc95bc0b607926439565e4f8ffe3d8e1024e,tier1,True,False,DepBelowSurf,https://vocab.nerc.ac.uk/collection/P01/current/ADEPZZ01/,10,4829,1,0,https://api.linked-systems.uk/api/schema-org/dataset/1874411,
1226205,urn:gleaner.io:oih:bodc:data:1dc4f0c349e9b4888b2a51ee824e4152493fad14,tier_instrument,False,True,,,,,0,0,https://api.linked-systems.uk/api/schema-org/dataset/1226205,
1347211,urn:gleaner.io:oih:bodc:data:94043316c9557226153edc445d89f77c66b8693b,tier1,True,False,DepBelowSurf,https://vocab.nerc.ac.uk/collection/P01/current/ADEPZZ01/,5.2,1000,1,0,https://api.linked-systems.uk/api/schema-org/dataset/1347211,
1170900,urn:gleaner.io:oih:bodc:data:4beb40dee1bc6d2a3d082416453a2a452e1cf344,none,False,False,,,,,0,0,https://api.linked-systems.uk/api/schema-org/dataset/1170900,
2148142,urn:gleaner.io:oih:bodc:data:646a0a3a2936c36e687a59152db374ffff631e14,none,False,False,,,,,0,0,https://api.linked-systems.uk/api/schema-org/dataset/2148142,
2014771,urn:gleaner.io:oih:bodc:data:006dce4027390af24b88481e41ae8c2fb74f74e4,tier2,False,False,Start_depth,https://vocab.nerc.ac.uk/collection/P01/current/DEPHPRST/,6.94,102.1,0,1,https://api.linked-systems.uk/api/schema-org/dataset/2014771,
2148953,urn:gleaner.io:oih:bodc:data:51ba0d28c65a3d572224acf26c7fc425d4c21d83,none,False,False,,,,,0,0,https://api.linked-systems.uk/api/schema-org/dataset/2148953,
2046367,urn:gleaner.io:oih:bodc:data:cad90e19736febe2c6cf097df9bafd8e214414d3,none,False,False,,,,,0,0,https://api.linked-systems.uk/api/schema-org/dataset/2046367,
1171097,urn:gleaner.io:oih:bodc:data:2a6b7a51b1aa5bef4e6bc8ce94006169c43c35e9,none,False,False,,,,,0,0,https://api.linked-systems.uk/api/schema-org/dataset/1171097,
2148037,urn:gleaner.io:oih:bodc:data:8101f85c27761d07517e79084c2e87b98c00703a,none,False,False,,,,,0,0,https://api.linked-systems.uk/api/schema-org/dataset/2148037,
1879581,urn:gleaner.io:oih:bodc:data:82de9a89b4b979da416d70282d73f6713c145904,tier1,True,False,DepBelowSurf,https://vocab.nerc.ac.uk/collection/P01/current/ADEPZZ01/,11.3,4814.9,1,0,https://api.linked-systems.uk/api/schema-org/dataset/1879581,
1880766,urn:gleaner.io:oih:bodc:data:b75475f718561bebae167b55ed7dc5da3c19b919,tier1,True,False,DepBelowSurf,https://vocab.nerc.ac.uk/collection/P01/current/ADEPZZ01/,2,80,1,0,https://api.linked-systems.uk/api/schema-org/dataset/1880766,
2001662,urn:gleaner.io:oih:bodc:data:f3b1677164523dbeb15c7748727a0921406550f8,tier1,True,False,DepBelowSurf,https://vocab.nerc.ac.uk/collection/P01/current/ADEPZZ01/,11.7,4727,1,0,https://api.linked-systems.uk/api/schema-org/dataset/2001662,
2014722,urn:gleaner.io:oih:bodc:data:fd163bd2f23a09f733a9a5ed1adebabd98d65663,none,False,False,,,,,0,0,https://api.linked-systems.uk/api/schema-org/dataset/2014722,
1927806,urn:gleaner.io:oih:bodc:data:177817be8ff2b82d7fb4a4fc49e0f7a05393d48d,tier1,True,False,DepBelowSurf,https://vocab.nerc.ac.uk/collection/P01/current/ADEPZZ01/,2,25,1,0,https://api.linked-systems.uk/api/schema-org/dataset/1927806,
1225933,urn:gleaner.io:oih:bodc:data:557b0d3ff9425d0ad939a867ef0064ab482b31d1,none,False,False,,,,,0,0,https://api.linked-systems.uk/api/schema-org/dataset/1225933,
2148719,urn:gleaner.io:oih:bodc:data:5fe90366d39c1e47dec700600da95ae0fb37fbde,tier1,True,False,DepBelowSurf,https://vocab.nerc.ac.uk/collection/P01/current/ADEPZZ01/,5.6,50.6,1,0,https://api.linked-systems.uk/api/schema-org/dataset/2148719,
1226150,urn:gleaner.io:oih:bodc:data:80391252f8b61fd2e90ba3b323f1bf937912eec0,none,False,False,,,,,0,0,https://api.linked-systems.uk/api/schema-org/dataset/1226150,
1177923,urn:gleaner.io:oih:bodc:data:bfb592f58ffe55e98848034b5f6b909c0dd18755,none,False,False,,,,,0,0,https://api.linked-systems.uk/api/schema-org/dataset/1177923,
2148234,urn:gleaner.io:oih:bodc:data:d5744b61b80e6c6b3cdba5ef2575a5b00cb80200,none,False,False,,,,,0,0,https://api.linked-systems.uk/api/schema-org/dataset/2148234,
1848176,urn:gleaner.io:oih:bodc:data:e1998dc8031de181e3b25c8073954c8f210edc4b,none,False,False,,,,,0,0,https://api.linked-systems.uk/api/schema-org/dataset/1848176,
1868602,urn:gleaner.io:oih:bodc:data:29f13603b495002f4c91cb051ff47f6a53a9e355,tier1,True,False,DepBelowSurf,https://vocab.nerc.ac.uk/collection/P01/current/ADEPZZ01/,5,264.4,1,0,https://api.linked-systems.uk/api/schema-org/dataset/1868602,
1851006,urn:gleaner.io:oih:bodc:data:2ace100c70567c934e89a93153218763d9319f1c,none,False,False,,,,,0,0,https://api.linked-systems.uk/api/schema-org/dataset/1851006,
1816868,urn:gleaner.io:oih:bodc:data:0f5c9a8f25f717e776fb49dc82142c3a32ac0ae3,none,False,False,,,,,0,0,https://api.linked-systems.uk/api/schema-org/dataset/1816868,
1816900,urn:gleaner.io:oih:bodc:data:5517b7cc0d4b3434f38ed46a1401d82614a223c6,tier2,False,False,Start_depth,https://vocab.nerc.ac.uk/collection/P01/current/DEPHPRST/,0.99,349.71,0,1,https://api.linked-systems.uk/api/schema-org/dataset/1816900,
1177960,urn:gleaner.io:oih:bodc:data:65934be2a8303beff4eb7be13130124310e898bc,none,False,False,,,,,0,0,https://api.linked-systems.uk/api/schema-org/dataset/1177960,
1177658,urn:gleaner.io:oih:bodc:data:000c59eb36fa7c373ad05e6480aec615e032d072,none,False,False,,,,,0,0,https://api.linked-systems.uk/api/schema-org/dataset/1177658,
1177578,urn:gleaner.io:oih:bodc:data:393b557ee8d6f0d90e6484eeef5b8b6b1718b0b0,none,False,False,,,,,0,0,https://api.linked-systems.uk/api/schema-org/dataset/1177578,
1177799,urn:gleaner.io:oih:bodc:data:ecbb642e106e0895c3fbf81dfe4979139e2bc0fd,none,False,False,,,,,0,0,https://api.linked-systems.uk/api/schema-org/dataset/1177799,
1928115,urn:gleaner.io:oih:bodc:data:55fd85bad4e7eedd2c6a5e1a43abb33c9d6105e1,none,False,False,,,,,0,0,https://api.linked-systems.uk/api/schema-org/dataset/1928115,
1880650,urn:gleaner.io:oih:bodc:data:b14a6de6f91ffb66d262f502a3a5a077fcc3707b,none,False,False,,,,,0,0,https://api.linked-systems.uk/api/schema-org/dataset/1880650,
2148953,urn:gleaner.io:oih:bodc:data:3a81a5c466fce4d157f8b1a7140f2407d2b63cc0,tier_instrument,False,True,,,,,0,0,https://api.linked-systems.uk/api/schema-org/dataset/2148953,
1177763,urn:gleaner.io:oih:bodc:data:a30fe197b937c47251cf606c3defe7c0ab3b39f1,none,False,False,,,,,0,0,https://api.linked-systems.uk/api/schema-org/dataset/1177763,
2107634,urn:gleaner.io:oih:bodc:data:22c1e52efd30e4ecfc678f9b14fe6993874775f2,none,False,False,,,,,0,0,https://api.linked-systems.uk/api/schema-org/dataset/2107634,
1347364,urn:gleaner.io:oih:bodc:data:5f1370a89a2dbdfc2674073799e66fbd91b8fbe9,tier1,True,False,DepBelowSurf,https://vocab.nerc.ac.uk/collection/P01/current/ADEPZZ01/,5.1,100.1,1,0,https://api.linked-systems.uk/api/schema-org/dataset/1347364,
1929075,urn:gleaner.io:oih:bodc:data:9946faa9426e695c3abca4cd2bfdf845aa7eed57,none,False,False,,,,,0,0,https://api.linked-systems.uk/api/schema-org/dataset/1929075,
1927726,urn:gleaner.io:oih:bodc:data:49a22c86838141446942596a9d9e75895a97f538,none,False,False,,,,,0,0,https://api.linked-systems.uk/api/schema-org/dataset/1927726,
2004162,urn:gleaner.io:oih:bodc:data:bc50d4ba3c67445f41ccdc07f80fddad1a2c4cc2,none,False,False,,,,,0,0,https://api.linked-systems.uk/api/schema-org/dataset/2004162,
1928139,urn:gleaner.io:oih:bodc:data:f382aadbb3429921284bbcc5941c3d1b04976fff,none,False,False,,,,,0,0,https://api.linked-systems.uk/api/schema-org/dataset/1928139,
1170924,urn:gleaner.io:oih:bodc:data:e6f03d6e5ec8076b1a7fbaaf80d6cddc1da99f60,none,False,False,,,,,0,0,https://api.linked-systems.uk/api/schema-org/dataset/1170924,
1816820,urn:gleaner.io:oih:bodc:data:bfad276a3ef4c6f65e84d6fad09bfeba7f8b3f5f,tier2,False,False,Start_depth,https://vocab.nerc.ac.uk/collection/P01/current/DEPHPRST/,0.99,102.1,0,1,https://api.linked-systems.uk/api/schema-org/dataset/1816820,
1927892,urn:gleaner.io:oih:bodc:data:333fcb55982d7509eafa58ae1214c1968b9710a6,none,False,False,,,,,0,0,https://api.linked-systems.uk/api/schema-org/dataset/1927892,
1347014,urn:gleaner.io:oih:bodc:data:5b29db612a14c6e99a5f2dcb5d7bb82722a595a2,tier1,True,False,DepBelowSurf,https://vocab.nerc.ac.uk/collection/P01/current/ADEPZZ01/,6.4,999.9,1,0,https://api.linked-systems.uk/api/schema-org/dataset/1347014,
2138750,urn:gleaner.io:oih:bodc:data:1694b72ace764b735dcb506afcbb1cdd5f3d5c48,tier1,True,False,DepBelowSurf,https://vocab.nerc.ac.uk/collection/P01/current/ADEPZZ01/,13.2,104.4,1,0,https://api.linked-systems.uk/api/schema-org/dataset/2138750,
1816856,urn:gleaner.io:oih:bodc:data:8a7822d99ca550a3faf393102a21d30a6c4f6d70,tier2,False,False,Start_depth,https://vocab.nerc.ac.uk/collection/P01/current/DEPHPRST/,2.97,415.03,0,1,https://api.linked-systems.uk/api/schema-org/dataset/1816856,
1879612,urn:gleaner.io:oih:bodc:data:5241baaef888ed6cfd20a80d3727a2b5c5b111d7,none,False,False,,,,,0,0,https://api.linked-systems.uk/api/schema-org/dataset/1879612,
1225982,urn:gleaner.io:oih:bodc:data:98cc4c067eba5d79dca0b433a4d9bd8835b89473,none,False,False,,,,,0,0,https://api.linked-systems.uk/api/schema-org/dataset/1225982,
1177333,urn:gleaner.io:oih:bodc:data:d3f66306378c5837ad271bf6a6cd9c8365aec558,none,False,False,,,,,0,0,https://api.linked-systems.uk/api/schema-org/dataset/1177333,
1928103,urn:gleaner.io:oih:bodc:data:15d4eae88aa78ed7a6cfed84f65f3f1f15260fd4,none,False,False,,,,,0,0,https://api.linked-systems.uk/api/schema-org/dataset/1928103,
2046435,urn:gleaner.io:oih:bodc:data:277f4b42c9743d2ff373d6b1170302be34d9adcb,tier1,True,False,DepBelowSurf,https://vocab.nerc.ac.uk/collection/P01/current/ADEPZZ01/,8,204,1,0,https://api.linked-systems.uk/api/schema-org/dataset/2046435,
1879581,urn:gleaner.io:oih:bodc:data:6a7fcbd79771a5623679456271eaeedee8a83f9c,none,False,False,,,,,0,0,https://api.linked-systems.uk/api/schema-org/dataset/1879581,
1171085,urn:gleaner.io:oih:bodc:data:a172339aef1195852c293d4c43b161c87a875ef3,tier2,False,False,BinDep,https://vocab.nerc.ac.uk/collection/P01/current/DBINAA01/,11,407,0,1,https://api.linked-systems.uk/api/schema-org/dataset/1171085,
2107609,urn:gleaner.io:oih:bodc:data:700c9f7ba3c06ae67ba0e44803ecbaa5dc400a88,tier1,True,False,DepBelowSurf,https://vocab.nerc.ac.uk/collection/P01/current/ADEPZZ01/,27.3,994.7,1,0,https://api.linked-systems.uk/api/schema-org/dataset/2107609,
2048780,urn:gleaner.io:oih:bodc:data:bdc2bc55d777c6fc2328e32d71c179a02f782c48,tier1,True,False,DepBelowSurf,https://vocab.nerc.ac.uk/collection/P01/current/ADEPZZ01/,13,4757.2,1,0,https://api.linked-systems.uk/api/schema-org/dataset/2048780,
1346975,urn:gleaner.io:oih:bodc:data:1eefa0d58b14857b4ed8ae5f3d3c4e52d7111f05,none,False,False,,,,,0,0,https://api.linked-systems.uk/api/schema-org/dataset/1346975,
1874263,urn:gleaner.io:oih:bodc:data:2155f01547748f5bccb6db280d04cc2cefbd7e15,none,False,False,,,,,0,0,https://api.linked-systems.uk/api/schema-org/dataset/1874263,
2107831,urn:gleaner.io:oih:bodc:data:6d74f3db231b5053a26c16c696bf85fd9038e4cc,tier1,True,False,DepBelowSurf,https://vocab.nerc.ac.uk/collection/P01/current/ADEPZZ01/,15,200,1,0,https://api.linked-systems.uk/api/schema-org/dataset/2107831,
1874251,urn:gleaner.io:oih:bodc:data:8dfa6a5b5005f8e7afd365a409a56276ae08c1a5,tier1,True,False,DepBelowSurf,https://vocab.nerc.ac.uk/collection/P01/current/ADEPZZ01/,12,501,1,0,https://api.linked-systems.uk/api/schema-org/dataset/1874251,
2153501,urn:gleaner.io:oih:bodc:data:cefe3e5dd2161e7760feb72fc5d1b6a2ef64176d,tier1,True,False,DepBelowSurf,https://vocab.nerc.ac.uk/collection/P01/current/ADEPZZ01/,5,4810,1,0,https://api.linked-systems.uk/api/schema-org/dataset/2153501,
1177879,urn:gleaner.io:oih:bodc:data:2c616b484784a660d946bd25e9e743be1b0b7cf0,none,False,False,,,,,0,0,https://api.linked-systems.uk/api/schema-org/dataset/1177879,
2111878,urn:gleaner.io:oih:bodc:data:6d995041a093e5f162dcbfc8fc36a3fa13e0fb17,tier1,True,False,DepBelowSurf,https://vocab.nerc.ac.uk/collection/P01/current/ADEPZZ01/,2,65,1,0,https://api.linked-systems.uk/api/schema-org/dataset/2111878,
1879661,urn:gleaner.io:oih:bodc:data:b87803bc9367c9f1372404cb91fa0756b91c53df,tier1,True,False,DepBelowSurf,https://vocab.nerc.ac.uk/collection/P01/current/ADEPZZ01/,25.6,4009.5,1,0,https://api.linked-systems.uk/api/schema-org/dataset/1879661,
2148326,urn:gleaner.io:oih:bodc:data:554a1f089a8c7bcf3cad649eb5c3231925f73286,tier1,True,False,DepBelowSurf,https://vocab.nerc.ac.uk/collection/P01/current/ADEPZZ01/,6.4,300,1,0,https://api.linked-systems.uk/api/schema-org/dataset/2148326,
1170948,urn:gleaner.io:oih:bodc:data:5c7d437d53a7cfddb3f55be72aba96838496d9a0,none,False,False,,,,,0,0,https://api.linked-systems.uk/api/schema-org/dataset/1170948,
1347376,urn:gleaner.io:oih:bodc:data:5655d2c8401f98c3902b4608886adf9f99541e65,none,False,False,,,,,0,0,https://api.linked-systems.uk/api/schema-org/dataset/1347376,
2148479,urn:gleaner.io:oih:bodc:data:bd43913e674d9d6dfb0d02a6b22c4d0660e44c62,none,False,False,,,,,0,0,https://api.linked-systems.uk/api/schema-org/dataset/2148479,
1816844,urn:gleaner.io:oih:bodc:data:f42b0b254bb77cfdbaec27ee08d4bfa7f2cd53f4,none,False,False,,,,,0,0,https://api.linked-systems.uk/api/schema-org/dataset/1816844,
2115787,urn:gleaner.io:oih:bodc:data:96c0087ec02a3a52f693cbe24272a943294cb6f0,none,False,False,,,,,0,0,https://api.linked-systems.uk/api/schema-org/dataset/2115787,
1876651,urn:gleaner.io:oih:bodc:data:d63b6fe81591f6f426dafe6687b560fed21337d1,none,False,False,,,,,0,0,https://api.linked-systems.uk/api/schema-org/dataset/1876651,
2107867,urn:gleaner.io:oih:bodc:data:7857ba74ff54cb81db5439e5a3702aece550af4d,tier1,True,False,DepBelowSurf,https://vocab.nerc.ac.uk/collection/P01/current/ADEPZZ01/,25,200,1,0,https://api.linked-systems.uk/api/schema-org/dataset/2107867,
2048847,urn:gleaner.io:oih:bodc:data:299216b6c5ecbdd18f6e9ded6a22c8244de3dd89,tier2,False,False,SFPG,https://vocab.nerc.ac.uk/collection/P01/current/DEPHFP01/,,,0,1,https://api.linked-systems.uk/api/schema-org/dataset/2048847,
1171024,urn:gleaner.io:oih:bodc:data:b4ca5cb149e94ac385795b76108c85911b566360,tier2,False,False,BinDep,https://vocab.nerc.ac.uk/collection/P01/current/DBINAA01/,11,407,0,1,https://api.linked-systems.uk/api/schema-org/dataset/1171024,
1177554,urn:gleaner.io:oih:bodc:data:203eea7e5e06da9ceb11ab36b79173b0adfc98ac,none,False,False,,,,,0,0,https://api.linked-systems.uk/api/schema-org/dataset/1177554,
1177566,urn:gleaner.io:oih:bodc:data:8990bd3de7387311d1e34de35f069b9a286ad85f,none,False,False,,,,,0,0,https://api.linked-systems.uk/api/schema-org/dataset/1177566,
2138713,urn:gleaner.io:oih:bodc:data:4693ebfb9b044cb5b261aa622d9420ddcbf4e773,none,False,False,,,,,0,0,https://api.linked-systems.uk/api/schema-org/dataset/2138713,
1989693,urn:gleaner.io:oih:bodc:data:bef5063403b2d3fa939c0508b0105acc771cb3d6,tier1,True,False,DepBelowSurf,https://vocab.nerc.ac.uk/collection/P01/current/ADEPZZ01/,9.7,4729.6,1,0,https://api.linked-systems.uk/api/schema-org/dataset/1989693,
2148467,urn:gleaner.io:oih:bodc:data:92ba4ab719ba185a8a3678fe432659c00e95fa19,none,False,False,,,,,0,0,https://api.linked-systems.uk/api/schema-org/dataset/2148467,
1989700,urn:gleaner.io:oih:bodc:data:6454a5a3ffd6ac556f42442409ebe3f25c8d3bc5,tier1,True,False,DepBelowSurf,https://vocab.nerc.ac.uk/collection/P01/current/ADEPZZ01/,9.9,100.6,1,0,https://api.linked-systems.uk/api/schema-org/dataset/1989700,
1226242,urn:gleaner.io:oih:bodc:data:12d4c0741296ef11b28453a1753ef6154126da97,none,False,False,,,,,0,0,https://api.linked-systems.uk/api/schema-org/dataset/1226242,
2138762,urn:gleaner.io:oih:bodc:data:55ba25f78d65df937f4caf1d612ad61be99b3570,none,False,False,,,,,0,0,https://api.linked-systems.uk/api/schema-org/dataset/2138762,
1177290,urn:gleaner.io:oih:bodc:data:3f4f09a3ec7effedb59fde1894ad6d9db88061bc,none,False,False,,,,,0,0,https://api.linked-systems.uk/api/schema-org/dataset/1177290,
1170820,urn:gleaner.io:oih:bodc:data:407039a3ddea02c7864286808dd98ab7851b272b,tier2,False,False,BinDep,https://vocab.nerc.ac.uk/collection/P01/current/DBINAA01/,11,407,0,1,https://api.linked-systems.uk/api/schema-org/dataset/1170820,
1177498,urn:gleaner.io:oih:bodc:data:b89b2d005208f455fc9b43d063fb6a733edde0f9,none,False,False,,,,,0,0,https://api.linked-systems.uk/api/schema-org/dataset/1177498,
1170997,urn:gleaner.io:oih:bodc:data:cf652fada91792dc87cc494688435df3b9baaf4e,none,False,False,,,,,0,0,https://api.linked-systems.uk/api/schema-org/dataset/1170997,
2118994,urn:gleaner.io:oih:bodc:data:d125373db0fc0c08ee86e17005de06d05da3c85c,none,False,False,,,,,0,0,https://api.linked-systems.uk/api/schema-org/dataset/2118994,
1177726,urn:gleaner.io:oih:bodc:data:da948c0443e96aa25f7a746c1800296523b6605f,none,False,False,,,,,0,0,https://api.linked-systems.uk/api/schema-org/dataset/1177726,
2026919,urn:gleaner.io:oih:bodc:data:dcdeca28c6ebbb1eea8293df2c91b422a0da57d7,tier_instrument,False,True,,,,,0,0,https://api.linked-systems.uk/api/schema-org/dataset/2026919,
1816948,urn:gleaner.io:oih:bodc:data:c55770dac242c5d5bb574ee8b3eb194af0f22c22,tier2,False,False,Start_depth,https://vocab.nerc.ac.uk/collection/P01/current/DEPHPRST/,4.96,351.69,0,1,https://api.linked-systems.uk/api/schema-org/dataset/1816948,
1170900,urn:gleaner.io:oih:bodc:data:ed247c5cf42e17a3c68d04fc932b812292588e94,tier2,False,False,BinDep,https://vocab.nerc.ac.uk/collection/P01/current/DBINAA01/,11,407,0,1,https://api.linked-systems.uk/api/schema-org/dataset/1170900,
1989681,urn:gleaner.io:oih:bodc:data:896dcf6d9df7c5c648f9f9f43f6a8ddfacf30c3c,tier1,True,False,DepBelowSurf,https://vocab.nerc.ac.uk/collection/P01/current/ADEPZZ01/,10,100.4,1,0,https://api.linked-systems.uk/api/schema-org/dataset/1989681,
2027855,urn:gleaner.io:oih:bodc:data:0ef593e1e8659fa22477ab94c06ebac2d1db2c87,none,False,False,,,,,0,0,https://api.linked-systems.uk/api/schema-org/dataset/2027855,
895626,urn:gleaner.io:oih:bodc:data:48adc64cf118733de0ec4a3c705a4671aab483f8,none,False,False,,,,,0,0,https://api.linked-systems.uk/api/schema-org/dataset/895626,
1927855,urn:gleaner.io:oih:bodc:data:ce699cbc4ef4bfeba53db75f6873c1a4c61c6a21,none,False,False,,,,,0,0,https://api.linked-systems.uk/api/schema-org/dataset/1927855,
2046251,urn:gleaner.io:oih:bodc:data:fa96b2289d53792a359b9202aa12d6f62bbb76e6,none,False,False,,,,,0,0,https://api.linked-systems.uk/api/schema-org/dataset/2046251,
1177505,urn:gleaner.io:oih:bodc:data:df92ba9fbbff2c1720bcd5b969f997e47fe85a04,none,False,False,,,,,0,0,https://api.linked-systems.uk/api/schema-org/dataset/1177505,
1346902,urn:gleaner.io:oih:bodc:data:aa97a9e8de159045b8a426e7bddac67fa1f3576c,tier1,True,False,DepBelowSurf,https://vocab.nerc.ac.uk/collection/P01/current/ADEPZZ01/,6.1,989.5,1,0,https://api.linked-systems.uk/api/schema-org/dataset/1346902,
2046171,urn:gleaner.io:oih:bodc:data:390084e1334cc6b752676496a99088ba035a67f6,none,False,False,,,,,0,0,https://api.linked-systems.uk/api/schema-org/dataset/2046171,
2107818,urn:gleaner.io:oih:bodc:data:c8076139dc0f24e72f58af2b88c8cba53635f23d,none,False,False,,,,,0,0,https://api.linked-systems.uk/api/schema-org/dataset/2107818,
2001705,urn:gleaner.io:oih:bodc:data:9f56bcee91a92b5283991a35658a330dbf93308f,none,False,False,,,,,0,0,https://api.linked-systems.uk/api/schema-org/dataset/2001705,
1346871,urn:gleaner.io:oih:bodc:data:435c138513f51e78d080d39c4dbf662418ab88c0,none,False,False,,,,,0,0,https://api.linked-systems.uk/api/schema-org/dataset/1346871,
1346914,urn:gleaner.io:oih:bodc:data:ac89e3e68a2ff6aad1a7d73e66a54af30c224fc3,tier1,True,False,DepBelowSurf,https://vocab.nerc.ac.uk/collection/P01/current/ADEPZZ01/,5.4,999.9,1,0,https://api.linked-systems.uk/api/schema-org/dataset/1346914,
1880705,urn:gleaner.io:oih:bodc:data:b3578ed3b3c60f19504ff965d6aefed0f7bb3393,none,False,False,,,,,0,0,https://api.linked-systems.uk/api/schema-org/dataset/1880705,
2148511,urn:gleaner.io:oih:bodc:data:c2d5742bca841f3d807c08cded09d3b12cbd9a97,tier1,True,False,DepBelowSurf,https://vocab.nerc.ac.uk/collection/P01/current/ADEPZZ01/,7.7,103.2,1,0,https://api.linked-systems.uk/api/schema-org/dataset/2148511,
1170819,urn:gleaner.io:oih:bodc:data:0bb664fef481c0afa5afc3dcd548d50202241626,tier2,False,False,BinDep,https://vocab.nerc.ac.uk/collection/P01/current/DBINAA01/,11,407,0,1,https://api.linked-systems.uk/api/schema-org/dataset/1170819,
2014802,urn:gleaner.io:oih:bodc:data:4ffe6b609b09fbe3cab1dd19a3ff7377e29467a5,none,False,False,,,,,0,0,https://api.linked-systems.uk/api/schema-org/dataset/2014802,
1177763,urn:gleaner.io:oih:bodc:data:3bbd8563c04585a504835f4c1c3e0e7740c40437,none,False,False,,,,,0,0,https://api.linked-systems.uk/api/schema-org/dataset/1177763,
1929051,urn:gleaner.io:oih:bodc:data:34d06b65637895f57109cb4215932f6328f0d8be,none,False,False,,,,,0,0,https://api.linked-systems.uk/api/schema-org/dataset/1929051,
1226021,urn:gleaner.io:oih:bodc:data:59b5448084b7bb921bc297577293d0de4ee04bff,none,False,False,,,,,0,0,https://api.linked-systems.uk/api/schema-org/dataset/1226021,
2051763,urn:gleaner.io:oih:bodc:data:f0ddef8c133b7b49db91e86d32780c0dc47a81a6,tier1,True,False,DepBelowSurf,https://vocab.nerc.ac.uk/collection/P01/current/ADEPZZ01/,8.4,82.4,1,0,https://api.linked-systems.uk/api/schema-org/dataset/2051763,
2148572,urn:gleaner.io:oih:bodc:data:a9356d2a8862126063379ed684dcbf5404cd3bfc,none,False,False,,,,,0,0,https://api.linked-systems.uk/api/schema-org/dataset/2148572,
1920820,urn:gleaner.io:oih:bodc:data:f0a28f8280998c0e601933c9a0ab708c7c3fbaed,none,False,False,,,,,0,0,https://api.linked-systems.uk/api/schema-org/dataset/1920820,
1347296,urn:gleaner.io:oih:bodc:data:9930d73ed33831b91b6371aa6530e0f45d33d1b8,tier1,True,False,DepBelowSurf,https://vocab.nerc.ac.uk/collection/P01/current/ADEPZZ01/,5.1,250.1,1,0,https://api.linked-systems.uk/api/schema-org/dataset/1347296,
1928023,urn:gleaner.io:oih:bodc:data:2889a74605bde4bb8223971f7c2bca008f843c2c,none,False,False,,,,,0,0,https://api.linked-systems.uk/api/schema-org/dataset/1928023,
2153586,urn:gleaner.io:oih:bodc:data:cee3ac559cd235e73b59e92245ca804b78f38c78,none,False,False,,,,,0,0,https://api.linked-systems.uk/api/schema-org/dataset/2153586,
1347211,urn:gleaner.io:oih:bodc:data:b976bcbe497a84ca7376d40cc8256ef25ab84189,tier1,True,False,DepBelowSurf,https://vocab.nerc.ac.uk/collection/P01/current/ADEPZZ01/,5.2,1000,1,0,https://api.linked-systems.uk/api/schema-org/dataset/1347211,
2048823,urn:gleaner.io:oih:bodc:data:5472dd21cc953bf63a138f2eb7b817c9859532a1,none,False,False,,,,,0,0,https://api.linked-systems.uk/api/schema-org/dataset/2048823,
2148627,urn:gleaner.io:oih:bodc:data:130477aec7135af59e1ca39376d2a3b099f9cb7f,none,False,False,,,,,0,0,https://api.linked-systems.uk/api/schema-org/dataset/2148627,
1226334,urn:gleaner.io:oih:bodc:data:31b68e8dc69070a9eb6800fde6d9c890c5ce3c22,tier_instrument,False,True,,,,,0,0,https://api.linked-systems.uk/api/schema-org/dataset/1226334,
1170776,urn:gleaner.io:oih:bodc:data:dac14246a34cb69a8e878ce8870bc4e835800d49,none,False,False,,,,,0,0,https://api.linked-systems.uk/api/schema-org/dataset/1170776,
2046379,urn:gleaner.io:oih:bodc:data:fe5c1d5983fda56d2bb50ef0a3b4f77c83f94174,none,False,False,,,,,0,0,https://api.linked-systems.uk/api/schema-org/dataset/2046379,
2014691,urn:gleaner.io:oih:bodc:data:264dd8d2286ef27c77e0b3aeaf59d5a9de41df9b,none,False,False,,,,,0,0,https://api.linked-systems.uk/api/schema-org/dataset/2014691,
2048835,urn:gleaner.io:oih:bodc:data:2bd91e47d9eaabd31a8c0b896176f8afa1d80103,none,False,False,,,,,0,0,https://api.linked-systems.uk/api/schema-org/dataset/2048835,
2046380,urn:gleaner.io:oih:bodc:data:b62fa465eede6a68890811de003f3fc5cd5b402c,tier1,True,False,DepBelowSurf,https://vocab.nerc.ac.uk/collection/P01/current/ADEPZZ01/,13.1,825.8,1,0,https://api.linked-systems.uk/api/schema-org/dataset/2046380,
1880810,urn:gleaner.io:oih:bodc:data:02259be3d525ac7dbe747c74190729eb89347d3b,tier1,True,False,DepBelowSurf,https://vocab.nerc.ac.uk/collection/P01/current/ADEPZZ01/,2,500,1,0,https://api.linked-systems.uk/api/schema-org/dataset/1880810,
2074682,urn:gleaner.io:oih:bodc:data:c1a7ee2bf8f5665576675261aa7a926b92ff91af,tier_instrument,False,True,,,,,0,0,https://api.linked-systems.uk/api/schema-org/dataset/2074682,
2014722,urn:gleaner.io:oih:bodc:data:c3b8e736bcfa11289445c87f463a05cce3ac0f71,none,False,False,,,,,0,0,https://api.linked-systems.uk/api/schema-org/dataset/2014722,
1347087,urn:gleaner.io:oih:bodc:data:b7a8e8d9ef3c163ba4a6908da41a19a71a0665b7,tier1,True,False,DepBelowSurf,https://vocab.nerc.ac.uk/collection/P01/current/ADEPZZ01/,5.7,60.5,1,0,https://api.linked-systems.uk/api/schema-org/dataset/1347087,
2153574,urn:gleaner.io:oih:bodc:data:c6160509af40229a6a17a22613cb8cd10ffe3756,none,False,False,,,,,0,0,https://api.linked-systems.uk/api/schema-org/dataset/2153574,
1816752,urn:gleaner.io:oih:bodc:data:629b816630f1c8c0a36c428a27bb6b7eb3d3f1f8,none,False,False,,,,,0,0,https://api.linked-systems.uk/api/schema-org/dataset/1816752,
1874355,urn:gleaner.io:oih:bodc:data:bdbc2d2578358b265893ad3e3cd2cb73dfd74980,tier1,True,False,DepBelowSurf,https://vocab.nerc.ac.uk/collection/P01/current/ADEPZZ01/,10,4784,1,0,https://api.linked-systems.uk/api/schema-org/dataset/1874355,
2148768,urn:gleaner.io:oih:bodc:data:36c489baacdcaadf7b3baa6ad3872d5e6b2e9c24,tier1,True,False,DepBelowSurf,https://vocab.nerc.ac.uk/collection/P01/current/ADEPZZ01/,25.3,300.3,1,0,https://api.linked-systems.uk/api/schema-org/dataset/2148768,
2001650,urn:gleaner.io:oih:bodc:data:3800fe79fc719de7bf2c062c5c57ef107dc8108b,none,False,False,,,,,0,0,https://api.linked-systems.uk/api/schema-org/dataset/2001650,
1927799,urn:gleaner.io:oih:bodc:data:a61b62e6a26312427c836af586d5d5e6532ce745,tier1,True,False,DepBelowSurf,https://vocab.nerc.ac.uk/collection/P01/current/ADEPZZ01/,2,150,1,0,https://api.linked-systems.uk/api/schema-org/dataset/1927799,
1928011,urn:gleaner.io:oih:bodc:data:e72210669acf12e814f3869672534ebe112e3673,tier1,True,False,DepBelowSurf,https://vocab.nerc.ac.uk/collection/P01/current/ADEPZZ01/,,,1,0,https://api.linked-systems.uk/api/schema-org/dataset/1928011,
1880754,urn:gleaner.io:oih:bodc:data:03a0af0ac1b901385e270983530739dcd755f8e6,none,False,False,,,,,0,0,https://api.linked-systems.uk/api/schema-org/dataset/1880754,
1989656,urn:gleaner.io:oih:bodc:data:528626bd4a0766c47823be3ffe59e77ac0b3b8fc,tier1,True,False,DepBelowSurf,https://vocab.nerc.ac.uk/collection/P01/current/ADEPZZ01/,9.2,103.4,1,0,https://api.linked-systems.uk/api/schema-org/dataset/1989656,
1880637,urn:gleaner.io:oih:bodc:data:41faff82cfca6141ab8a6b3858dc1ceaaeb6e496,tier1,True,False,DepBelowSurf,https://vocab.nerc.ac.uk/collection/P01/current/ADEPZZ01/,5,200,1,0,https://api.linked-systems.uk/api/schema-org/dataset/1880637,
1177818,urn:gleaner.io:oih:bodc:data:0fc7805bc396f1d8e4fd8afe1674cc38b10e940e,none,False,False,,,,,0,0,https://api.linked-systems.uk/api/schema-org/dataset/1177818,
1177911,urn:gleaner.io:oih:bodc:data:324982c57e187229f87fe69974da79ee1d81de82,none,False,False,,,,,0,0,https://api.linked-systems.uk/api/schema-org/dataset/1177911,
1226254,urn:gleaner.io:oih:bodc:data:8dcc998435e713dbfedec09208079bad5b6f1457,tier_instrument,False,True,,,,,0,0,https://api.linked-systems.uk/api/schema-org/dataset/1226254,
1177413,urn:gleaner.io:oih:bodc:data:c46307ced093311bd9631011763ede44d76ff759,none,False,False,,,,,0,0,https://api.linked-systems.uk/api/schema-org/dataset/1177413,
1226278,urn:gleaner.io:oih:bodc:data:0d3b660c022e9ad5c5133ee9a98fdf29abe5990f,tier_instrument,False,True,,,,,0,0,https://api.linked-systems.uk/api/schema-org/dataset/1226278,
1177610,urn:gleaner.io:oih:bodc:data:3aaa61550c7293bdc75cb30782fdbc85b66231a2,none,False,False,,,,,0,0,https://api.linked-systems.uk/api/schema-org/dataset/1177610,
1927806,urn:gleaner.io:oih:bodc:data:d6bf0e3564e96f4c4199bd56a5d8b4e4f6945574,none,False,False,,,,,0,0,https://api.linked-systems.uk/api/schema-org/dataset/1927806,
2110709,urn:gleaner.io:oih:bodc:data:f6294e555157e327739bfbc5a73b96c9db33471a,tier1,True,False,DepBelowSurf,https://vocab.nerc.ac.uk/collection/P01/current/ADEPZZ01/,148.9,4723.4,1,0,https://api.linked-systems.uk/api/schema-org/dataset/2110709,
1347075,urn:gleaner.io:oih:bodc:data:0bad6d31119f265618adbf52f0d3c7c4b32218e7,none,False,False,,,,,0,0,https://api.linked-systems.uk/api/schema-org/dataset/1347075,
1916925,urn:gleaner.io:oih:bodc:data:5ce7d7905340209c1ea1cafff48747d88ad6a044,tier1,True,False,DepBelowSurf,https://vocab.nerc.ac.uk/collection/P01/current/ADEPZZ01/,5.1,4827.5,1,0,https://api.linked-systems.uk/api/schema-org/dataset/1916925,
1880766,urn:gleaner.io:oih:bodc:data:0d7098abdfe65f2a62145835923663d9b906c3d0,none,False,False,,,,,0,0,https://api.linked-systems.uk/api/schema-org/dataset/1880766,
888107,urn:gleaner.io:oih:bodc:data:03ba9931a6c2a0792327bb6926a590947e2641f1,none,False,False,,,,,0,0,https://api.linked-systems.uk/api/schema-org/dataset/888107,
2048755,urn:gleaner.io:oih:bodc:data:7695a406b92210b60c83ac4eaa368abb7093f0d9,tier1,True,False,DepBelowSurf,https://vocab.nerc.ac.uk/collection/P01/current/ADEPZZ01/,12.6,203.7,1,0,https://api.linked-systems.uk/api/schema-org/dataset/2048755,
2111854,urn:gleaner.io:oih:bodc:data:106020895a8c81d70e57b99bac84d39c68dd7288,none,False,False,,,,,0,0,https://api.linked-systems.uk/api/schema-org/dataset/2111854,
1839394,urn:gleaner.io:oih:bodc:data:048f0fe5cdb1164373dfa478f3c5669408551177,none,False,False,,,,,0,0,https://api.linked-systems.uk/api/schema-org/dataset/1839394,
1226033,urn:gleaner.io:oih:bodc:data:4704ac9a6b81fa129011a196e6ba5b416cafe94f,tier_instrument,False,True,,,,,0,0,https://api.linked-systems.uk/api/schema-org/dataset/1226033,
1226174,urn:gleaner.io:oih:bodc:data:f575de23c8a2aca3633935d182959e290a2b7c50,none,False,False,,,,,0,0,https://api.linked-systems.uk/api/schema-org/dataset/1226174,
2119008,urn:gleaner.io:oih:bodc:data:782dc31a5901d10b3e106d249b81b7801f855ad8,tier1,True,False,DepBelowSurf,https://vocab.nerc.ac.uk/collection/P01/current/ADEPZZ01/,10,201.3,1,0,https://api.linked-systems.uk/api/schema-org/dataset/2119008,
1170936,urn:gleaner.io:oih:bodc:data:daf64dd3587b15ffec8a4a3fc9d5dddcd1d7cc0b,tier2,False,False,BinDep,https://vocab.nerc.ac.uk/collection/P01/current/DBINAA01/,11,407,0,1,https://api.linked-systems.uk/api/schema-org/dataset/1170936,
1350777,urn:gleaner.io:oih:bodc:data:33430092267d33efee278f5c01b5388c1a2ee198,none,False,False,,,,,0,0,https://api.linked-systems.uk/api/schema-org/dataset/1350777,
2110678,urn:gleaner.io:oih:bodc:data:0e404a3878a123844d74f02991bfc858bbf54151,tier1,True,False,DepBelowSurf,https://vocab.nerc.ac.uk/collection/P01/current/ADEPZZ01/,4.8,209.1,1,0,https://api.linked-systems.uk/api/schema-org/dataset/2110678,
2048755,urn:gleaner.io:oih:bodc:data:d336ede84dc4907daaf6a7550f24b9c6170411da,none,False,False,,,,,0,0,https://api.linked-systems.uk/api/schema-org/dataset/2048755,
2138786,urn:gleaner.io:oih:bodc:data:77a8778dc93780a9b9e694e1813e61804ef5a561,tier1,True,False,DepBelowSurf,https://vocab.nerc.ac.uk/collection/P01/current/ADEPZZ01/,12.4,200.7,1,0,https://api.linked-systems.uk/api/schema-org/dataset/2138786,
2148467,urn:gleaner.io:oih:bodc:data:31e1c0d9f45dfad161c85856b0ae83cea5076b60,tier1,True,False,DepBelowSurf,https://vocab.nerc.ac.uk/collection/P01/current/ADEPZZ01/,5.2,300.7,1,0,https://api.linked-systems.uk/api/schema-org/dataset/2148467,
2118970,urn:gleaner.io:oih:bodc:data:b9b8ba50c4e4bbfb08ff7e90cb6298140d5843f8,none,False,False,,,,,0,0,https://api.linked-systems.uk/api/schema-org/dataset/2118970,
1347179,urn:gleaner.io:oih:bodc:data:1711deb7fe7a5e2924c07a5c0847632db5fd4892,none,False,False,,,,,0,0,https://api.linked-systems.uk/api/schema-org/dataset/1347179,
2004217,urn:gleaner.io:oih:bodc:data:31ae2cd90f2f60377dea7ccc37c95ef487a069cb,none,False,False,,,,,0,0,https://api.linked-systems.uk/api/schema-org/dataset/2004217,
2107879,urn:gleaner.io:oih:bodc:data:f6c1367d90b53f1c4ed7921eb1e4a30347bb0c15,tier1,True,False,DepBelowSurf,https://vocab.nerc.ac.uk/collection/P01/current/ADEPZZ01/,25,200,1,0,https://api.linked-systems.uk/api/schema-org/dataset/2107879,
1346938,urn:gleaner.io:oih:bodc:data:270d8dc8b55fd47215c40d2911c3edfa644e3386,tier1,True,False,DepBelowSurf,https://vocab.nerc.ac.uk/collection/P01/current/ADEPZZ01/,6,999,1,0,https://api.linked-systems.uk/api/schema-org/dataset/1346938,
1759972,urn:gleaner.io:oih:bodc:data:5ab745a7ab063dd377254dc0b2d51dd9db79fd27,none,False,False,,,,,0,0,https://api.linked-systems.uk/api/schema-org/dataset/1759972,
1226149,urn:gleaner.io:oih:bodc:data:41bc9d3a0bd3dd4b448123ae09ff9239cf9d9620,tier_instrument,False,True,,,,,0,0,https://api.linked-systems.uk/api/schema-org/dataset/1226149,
2153586,urn:gleaner.io:oih:bodc:data:61541f39eeefdc4c1814e9918e7a7c58ffda6b6d,none,False,False,,,,,0,0,https://api.linked-systems.uk/api/schema-org/dataset/2153586,
1226021,urn:gleaner.io:oih:bodc:data:6493dd025e8a103247ddfbfa9efcd84e6e3e127f,tier_instrument,False,True,,,,,0,0,https://api.linked-systems.uk/api/schema-org/dataset/1226021,
2153550,urn:gleaner.io:oih:bodc:data:d47b25a1f0108bd470ce4be7f1769a1f6ded6464,tier1,True,False,DepBelowSurf,https://vocab.nerc.ac.uk/collection/P01/current/ADEPZZ01/,5,1000,1,0,https://api.linked-systems.uk/api/schema-org/dataset/2153550,
2046379,urn:gleaner.io:oih:bodc:data:86a1f5dd0ffc2c7f0d15e345e86a90cba73a0c5b,tier1,True,False,DepBelowSurf,https://vocab.nerc.ac.uk/collection/P01/current/ADEPZZ01/,13.1,801.4,1,0,https://api.linked-systems.uk/api/schema-org/dataset/2046379,
2111878,urn:gleaner.io:oih:bodc:data:a9c8f63f14b6861132b5290823d02d926bd7f605,none,False,False,,,,,0,0,https://api.linked-systems.uk/api/schema-org/dataset/2111878,
2027855,urn:gleaner.io:oih:bodc:data:fee2d6ee48f774612a72fcebe18bb06e3e788083,tier2,False,False,SFPG,https://vocab.nerc.ac.uk/collection/P01/current/DEPHFP01/,,,0,1,https://api.linked-systems.uk/api/schema-org/dataset/2027855,
2046158,urn:gleaner.io:oih:bodc:data:ce04b398da1aa11f68e5a2dc90e01093bd96834f,tier1,True,False,DepBelowSurf,https://vocab.nerc.ac.uk/collection/P01/current/ADEPZZ01/,14.8,1805.1,1,0,https://api.linked-systems.uk/api/schema-org/dataset/2046158,
2148302,urn:gleaner.io:oih:bodc:data:d0d70d12d580a40bc3de1eea08d46de9c3efb652,none,False,False,,,,,0,0,https://api.linked-systems.uk/api/schema-org/dataset/2148302,
1170893,urn:gleaner.io:oih:bodc:data:631dfcc04590d917a1ad647883c2e8339e9464bb,none,False,False,,,,,0,0,https://api.linked-systems.uk/api/schema-org/dataset/1170893,
1177498,urn:gleaner.io:oih:bodc:data:2cb945bd187c35d8210ecc5357c569b084ea638d,none,False,False,,,,,0,0,https://api.linked-systems.uk/api/schema-org/dataset/1177498,
2119008,urn:gleaner.io:oih:bodc:data:5b80b62679d3ed6aa925d8c0601cce808ba4b490,none,False,False,,,,,0,0,https://api.linked-systems.uk/api/schema-org/dataset/2119008,
2054017,urn:gleaner.io:oih:bodc:data:e23cd37a9bb4b6b5869843dce01994c62d4ff55a,tier2,False,False,SFPG,https://vocab.nerc.ac.uk/collection/P01/current/DEPHFP01/,,,0,1,https://api.linked-systems.uk/api/schema-org/dataset/2054017,
1226309,urn:gleaner.io:oih:bodc:data:6d8186b39811514949b6850fe373d2ba773613e1,tier_instrument,False,True,,,,,0,0,https://api.linked-systems.uk/api/schema-org/dataset/1226309,
1879648,urn:gleaner.io:oih:bodc:data:2c0c00415d2a2be4930e481d8ebc8ad6d6cb42fb,tier1,True,False,DepBelowSurf,https://vocab.nerc.ac.uk/collection/P01/current/ADEPZZ01/,,,1,0,https://api.linked-systems.uk/api/schema-org/dataset/1879648,
1879544,urn:gleaner.io:oih:bodc:data:6e2e9d2d1783336dadc0376847d4fa852c6280de,tier1,True,False,DepBelowSurf,https://vocab.nerc.ac.uk/collection/P01/current/ADEPZZ01/,4.3,4004.9,1,0,https://api.linked-systems.uk/api/schema-org/dataset/1879544,
2048847,urn:gleaner.io:oih:bodc:data:c90126cad100fb034d13384c0bfe83e50d097fba,none,False,False,,,,,0,0,https://api.linked-systems.uk/api/schema-org/dataset/2048847,
2074694,urn:gleaner.io:oih:bodc:data:d030b6893841203467920bf67603392f06e77fb7,tier_instrument,False,True,,,,,0,0,https://api.linked-systems.uk/api/schema-org/dataset/2074694,
2148025,urn:gleaner.io:oih:bodc:data:ac7142f64cb40b6344a512f5f1489446a3b318ac,tier1,True,False,DepBelowSurf,https://vocab.nerc.ac.uk/collection/P01/current/ADEPZZ01/,7.3,301.2,1,0,https://api.linked-systems.uk/api/schema-org/dataset/2148025,
1920820,urn:gleaner.io:oih:bodc:data:3ffc872eb387e966acaf38ea0af8736621318087,none,False,False,,,,,0,0,https://api.linked-systems.uk/api/schema-org/dataset/1920820,
2012997,urn:gleaner.io:oih:bodc:data:088b31be3b3fada2132a5b3b869adf9feea7d248,tier2,False,False,SFPG,https://vocab.nerc.ac.uk/collection/P01/current/DEPHFP01/,,,0,1,https://api.linked-systems.uk/api/schema-org/dataset/2012997,
2148640,urn:gleaner.io:oih:bodc:data:069128197b1af5e3e176b927ebb2a0e18238a236,none,False,False,,,,,0,0,https://api.linked-systems.uk/api/schema-org/dataset/2148640,
2148387,urn:gleaner.io:oih:bodc:data:5a3a28430baaadc64b4a122db398a06f57a3e1c8,none,False,False,,,,,0,0,https://api.linked-systems.uk/api/schema-org/dataset/2148387,
876500,urn:gleaner.io:oih:bodc:data:aa905083a3e3e76732deb044e8a4443ca6ecb543,none,False,False,,,,,0,0,https://api.linked-systems.uk/api/schema-org/dataset/876500,
2148050,urn:gleaner.io:oih:bodc:data:ae6f98847b365b904438ac54fcd450743ffbfbe3,none,False,False,,,,,0,0,https://api.linked-systems.uk/api/schema-org/dataset/2148050,
2052115,urn:gleaner.io:oih:bodc:data:d03ff95d989a7618fe875c7aa68595d8f01bc8cf,tier_instrument,False,True,,,,,0,0,https://api.linked-systems.uk/api/schema-org/dataset/2052115,
888119,urn:gleaner.io:oih:bodc:data:a4b252aa89ff6ccec520a5360d137552858d07c5,none,False,False,,,,,0,0,https://api.linked-systems.uk/api/schema-org/dataset/888119,
2026907,urn:gleaner.io:oih:bodc:data:36c84815bfa14f6f806d45f471e0bf137e3e858d,tier2,False,False,SFPG,https://vocab.nerc.ac.uk/collection/P01/current/DEPHFP01/,,,0,1,https://api.linked-systems.uk/api/schema-org/dataset/2026907,
1928035,urn:gleaner.io:oih:bodc:data:c11d7fcae6079b699c00ecd4dcd9c972e714a5b7,tier1,True,False,DepBelowSurf,https://vocab.nerc.ac.uk/collection/P01/current/ADEPZZ01/,11.3,51.9,1,0,https://api.linked-systems.uk/api/schema-org/dataset/1928035,
895638,urn:gleaner.io:oih:bodc:data:098b37c5a6933059f60a7612f226dd914e9ba599,none,False,False,,,,,0,0,https://api.linked-systems.uk/api/schema-org/dataset/895638,
1346914,urn:gleaner.io:oih:bodc:data:00d94ea9c4fc082004ead8875deac7a1011331cc,none,False,False,,,,,0,0,https://api.linked-systems.uk/api/schema-org/dataset/1346914,
2105781,urn:gleaner.io:oih:bodc:data:2b4799552dade4e1001a867dab8ed3608e52bc0b,none,False,False,,,,,0,0,https://api.linked-systems.uk/api/schema-org/dataset/2105781,
1177634,urn:gleaner.io:oih:bodc:data:d0d172debc3219d77e7ffc62c55b803b1cbded97,none,False,False,,,,,0,0,https://api.linked-systems.uk/api/schema-org/dataset/1177634,
1177818,urn:gleaner.io:oih:bodc:data:6a68b8d38dfabe978e352c517f358de74ad063d4,none,False,False,,,,,0,0,https://api.linked-systems.uk/api/schema-org/dataset/1177818,
1760008,urn:gleaner.io:oih:bodc:data:7605ea6993d82f24c122e4b16310b9fa2e6c45e4,none,False,False,,,,,0,0,https://api.linked-systems.uk/api/schema-org/dataset/1760008,
1347014,urn:gleaner.io:oih:bodc:data:5d87ef8af7a2b3792771bb2d19b85ce216d663e0,tier1,True,False,DepBelowSurf,https://vocab.nerc.ac.uk/collection/P01/current/ADEPZZ01/,6.4,999.9,1,0,https://api.linked-systems.uk/api/schema-org/dataset/1347014,
2107714,urn:gleaner.io:oih:bodc:data:86ff7e91c019abf7570d3eaf5ddfb2cb176c7a9f,none,False,False,,,,,0,0,https://api.linked-systems.uk/api/schema-org/dataset/2107714,
1177695,urn:gleaner.io:oih:bodc:data:a31947b936663f2dbd023c1e69084d97aa2a2b74,none,False,False,,,,,0,0,https://api.linked-systems.uk/api/schema-org/dataset/1177695,
2001730,urn:gleaner.io:oih:bodc:data:116456b5d77b2b4da7d0b38caa2a98ccba007719,tier1,True,False,DepBelowSurf,https://vocab.nerc.ac.uk/collection/P01/current/ADEPZZ01/,8.2,4734.6,1,0,https://api.linked-systems.uk/api/schema-org/dataset/2001730,
2153470,urn:gleaner.io:oih:bodc:data:ab7d1bcb91e32e20b6a68a06c71a56f60dbcbd55,none,False,False,,,,,0,0,https://api.linked-systems.uk/api/schema-org/dataset/2153470,
2148399,urn:gleaner.io:oih:bodc:data:4b228dc84ddcd8f6794de9c00a5fbcc7716f51ed,tier1,True,False,DepBelowSurf,https://vocab.nerc.ac.uk/collection/P01/current/ADEPZZ01/,5.5,100.5,1,0,https://api.linked-systems.uk/api/schema-org/dataset/2148399,
1177959,urn:gleaner.io:oih:bodc:data:aeb6c862b9dbba2d0f9af46117749f3344d0380d,none,False,False,,,,,0,0,https://api.linked-systems.uk/api/schema-org/dataset/1177959,
2148178,urn:gleaner.io:oih:bodc:data:b4f6d46feebd5db464784fa3a045bca9e63d6edd,none,False,False,,,,,0,0,https://api.linked-systems.uk/api/schema-org/dataset/2148178,
2153494,urn:gleaner.io:oih:bodc:data:e874a83f4b73e50b6db3c07e97a7e8f8edf6ea2e,tier1,True,False,DepBelowSurf,https://vocab.nerc.ac.uk/collection/P01/current/ADEPZZ01/,5,200,1,0,https://api.linked-systems.uk/api/schema-org/dataset/2153494,
1226057,urn:gleaner.io:oih:bodc:data:90ae5b09e63496b235487f27f4c375ecccef4b5c,tier_instrument,False,True,,,,,0,0,https://api.linked-systems.uk/api/schema-org/dataset/1226057,
2110654,urn:gleaner.io:oih:bodc:data:3dc588d6d5ed06dd9d24e204efa102087836693d,tier1,True,False,DepBelowSurf,https://vocab.nerc.ac.uk/collection/P01/current/ADEPZZ01/,3.4,209.9,1,0,https://api.linked-systems.uk/api/schema-org/dataset/2110654,
1177911,urn:gleaner.io:oih:bodc:data:c2da7d6329debd5a77dabf11de71f89bc3e827b8,none,False,False,,,,,0,0,https://api.linked-systems.uk/api/schema-org/dataset/1177911,
2153537,urn:gleaner.io:oih:bodc:data:88cab339483f01a32dd63a81915eb4973a472afd,none,False,False,,,,,0,0,https://api.linked-systems.uk/api/schema-org/dataset/2153537,
2074701,urn:gleaner.io:oih:bodc:data:2879966c9a51e04e9be39654242d6581e1544421,tier_instrument,False,True,,,,,0,0,https://api.linked-systems.uk/api/schema-org/dataset/2074701,
2107867,urn:gleaner.io:oih:bodc:data:cd41006a5767b94ffd67bda6600b8131559c458d,tier1,True,False,DepBelowSurf,https://vocab.nerc.ac.uk/collection/P01/current/ADEPZZ01/,25,200,1,0,https://api.linked-systems.uk/api/schema-org/dataset/2107867,
2051892,urn:gleaner.io:oih:bodc:data:4a39e60c50740572636e54728d9f6db23e593e44,none,False,False,,,,,0,0,https://api.linked-systems.uk/api/schema-org/dataset/2051892,
888119,urn:gleaner.io:oih:bodc:data:d3a64cf676a4347f7a006704cba250277e6a499a,none,False,False,,,,,0,0,https://api.linked-systems.uk/api/schema-org/dataset/888119,
1916901,urn:gleaner.io:oih:bodc:data:cba30226b3b4f6344d9ff53980bea66017921360,none,False,False,,,,,0,0,https://api.linked-systems.uk/api/schema-org/dataset/1916901,
1350728,urn:gleaner.io:oih:bodc:data:318435657de9838779c05333985dccbaac5886c2,tier1,True,False,DepBelowSurf,https://vocab.nerc.ac.uk/collection/P01/current/ADEPZZ01/,5,264.4,1,0,https://api.linked-systems.uk/api/schema-org/dataset/1350728,
876420,urn:gleaner.io:oih:bodc:data:6ed02d769c49933f7496459fb0140e7df610100f,none,False,False,,,,,0,0,https://api.linked-systems.uk/api/schema-org/dataset/876420,
2148375,urn:gleaner.io:oih:bodc:data:f8ba5caf217c823216b93e8c25300688f9319e9d,none,False,False,,,,,0,0,https://api.linked-systems.uk/api/schema-org/dataset/2148375,
1226113,urn:gleaner.io:oih:bodc:data:3a9392626a6fa3d72d238a5c2b1ec4e9652f6b68,tier_instrument,False,True,,,,,0,0,https://api.linked-systems.uk/api/schema-org/dataset/1226113,
1929038,urn:gleaner.io:oih:bodc:data:1816d1c7b41c453e71a0f6498683785920741307,tier1,True,False,DepBelowSurf,https://vocab.nerc.ac.uk/collection/P01/current/ADEPZZ01/,35,2007.1,1,0,https://api.linked-systems.uk/api/schema-org/dataset/1929038,
1929063,urn:gleaner.io:oih:bodc:data:a7544686aa5dee9788002451fed2c2332457b072,tier1,True,False,DepBelowSurf,https://vocab.nerc.ac.uk/collection/P01/current/ADEPZZ01/,5.2,101,1,0,https://api.linked-systems.uk/api/schema-org/dataset/1929063,
1760008,urn:gleaner.io:oih:bodc:data:6183cf9384e87fc73381cc9bef72c666dcb5bcbd,none,False,False,,,,,0,0,https://api.linked-systems.uk/api/schema-org/dataset/1760008,
2048767,urn:gleaner.io:oih:bodc:data:a68e96ca858cfc6feb679802e3959a8d97b5b188,tier1,True,False,DepBelowSurf,https://vocab.nerc.ac.uk/collection/P01/current/ADEPZZ01/,13.1,801.4,1,0,https://api.linked-systems.uk/api/schema-org/dataset/2048767,
1177449,urn:gleaner.io:oih:bodc:data:ecb4d81c7dc5b38fe71d69f2790e3fd2bff6a95f,none,False,False,,,,,0,0,https://api.linked-systems.uk/api/schema-org/dataset/1177449,
1177357,urn:gleaner.io:oih:bodc:data:56406d199c267dd6c028c1eb769a57b0a1324299,none,False,False,,,,,0,0,https://api.linked-systems.uk/api/schema-org/dataset/1177357,
2001686,urn:gleaner.io:oih:bodc:data:3eb9fc001b9da58a304abe4716fcae6b2faaf56f,none,False,False,,,,,0,0,https://api.linked-systems.uk/api/schema-org/dataset/2001686,
2148941,urn:gleaner.io:oih:bodc:data:16fb69c1555240fec0b634424b4751382ea9705c,tier1,True,False,DepBelowSurf,https://vocab.nerc.ac.uk/collection/P01/current/ADEPZZ01/,7.7,103.2,1,0,https://api.linked-systems.uk/api/schema-org/dataset/2148941,
1177763,urn:gleaner.io:oih:bodc:data:dce755ecb24bf71ac9956f2021d7c96d3c3eec05,none,False,False,,,,,0,0,https://api.linked-systems.uk/api/schema-org/dataset/1177763,
1816776,urn:gleaner.io:oih:bodc:data:ef11994137814f5c8a5646ecc290f9ccac4762d0,none,False,False,,,,,0,0,https://api.linked-systems.uk/api/schema-org/dataset/1816776,
1177935,urn:gleaner.io:oih:bodc:data:f3788f2b86e530cccec60f12d175a17389106639,none,False,False,,,,,0,0,https://api.linked-systems.uk/api/schema-org/dataset/1177935,
2148535,urn:gleaner.io:oih:bodc:data:2111150a46a313a2faf9852bb4207129f58025a0,tier1,True,False,DepBelowSurf,https://vocab.nerc.ac.uk/collection/P01/current/ADEPZZ01/,26.5,301.6,1,0,https://api.linked-systems.uk/api/schema-org/dataset/2148535,
1225970,urn:gleaner.io:oih:bodc:data:b631fe88b4f21c90e173982a235b1bfd7bf457fb,tier_instrument,False,True,,,,,0,0,https://api.linked-systems.uk/api/schema-org/dataset/1225970,
2115818,urn:gleaner.io:oih:bodc:data:26e184576b744f92c43b1ca4ce229f516342f547,none,False,False,,,,,0,0,https://api.linked-systems.uk/api/schema-org/dataset/2115818,
1170881,urn:gleaner.io:oih:bodc:data:98fefbdbd9dbdb90d5aee35abdc4e7e1763af13c,tier2,False,False,BinDep,https://vocab.nerc.ac.uk/collection/P01/current/DBINAA01/,11,407,0,1,https://api.linked-systems.uk/api/schema-org/dataset/1170881,
2148295,urn:gleaner.io:oih:bodc:data:46898a16db2bc3101713fa6ad446b755e93409f2,none,False,False,,,,,0,0,https://api.linked-systems.uk/api/schema-org/dataset/2148295,
2048743,urn:gleaner.io:oih:bodc:data:d72778c3b6217f797ca7af3dcb8452eb37e0917f,none,False,False,,,,,0,0,https://api.linked-systems.uk/api/schema-org/dataset/2048743,
2148756,urn:gleaner.io:oih:bodc:data:c5031dfca1cca6bfa8d493da213e64eb0e45245a,tier1,True,False,DepBelowSurf,https://vocab.nerc.ac.uk/collection/P01/current/ADEPZZ01/,6.1,300.7,1,0,https://api.linked-systems.uk/api/schema-org/dataset/2148756,
1927775,urn:gleaner.io:oih:bodc:data:9ef06f60f50e1f42cfa96d115df9626254f71ecf,tier1,True,False,DepBelowSurf,https://vocab.nerc.ac.uk/collection/P01/current/ADEPZZ01/,5,150,1,0,https://api.linked-systems.uk/api/schema-org/dataset/1927775,
2148455,urn:gleaner.io:oih:bodc:data:2ad72b81de52ccaf3a301046aeed4af8befa4681,none,False,False,,,,,0,0,https://api.linked-systems.uk/api/schema-org/dataset/2148455,
1879544,urn:gleaner.io:oih:bodc:data:4c841d2f39a3c3c129ca3785e4c6dd17e9b5d937,tier1,True,False,DepBelowSurf,https://vocab.nerc.ac.uk/collection/P01/current/ADEPZZ01/,4.3,4004.9,1,0,https://api.linked-systems.uk/api/schema-org/dataset/1879544,
1170820,urn:gleaner.io:oih:bodc:data:5dd83727a46f9dcd8f748a2be987c985c0a04a42,tier2,False,False,BinDep,https://vocab.nerc.ac.uk/collection/P01/current/DBINAA01/,11,407,0,1,https://api.linked-systems.uk/api/schema-org/dataset/1170820,
1347026,urn:gleaner.io:oih:bodc:data:41015b502dcacefc7aeefcf8e12fc91afc9892a6,none,False,False,,,,,0,0,https://api.linked-systems.uk/api/schema-org/dataset/1347026,
1346926,urn:gleaner.io:oih:bodc:data:5205d4fabe9f4be1945c80aa758d08254aabba4d,tier1,True,False,DepBelowSurf,https://vocab.nerc.ac.uk/collection/P01/current/ADEPZZ01/,5.2,1000.3,1,0,https://api.linked-systems.uk/api/schema-org/dataset/1346926,
1347296,urn:gleaner.io:oih:bodc:data:5b42db5ce315c72c1569202391c509a68e0a33a0,tier1,True,False,DepBelowSurf,https://vocab.nerc.ac.uk/collection/P01/current/ADEPZZ01/,5.1,250.1,1,0,https://api.linked-systems.uk/api/schema-org/dataset/1347296,
1346987,urn:gleaner.io:oih:bodc:data:04fbaff3d10d57a5943f03ca3824a3915154f4b1,tier1,True,False,DepBelowSurf,https://vocab.nerc.ac.uk/collection/P01/current/ADEPZZ01/,5.9,999.5,1,0,https://api.linked-systems.uk/api/schema-org/dataset/1346987,
2052096,urn:gleaner.io:oih:bodc:data:0de722aaf39f516ab811ad48b1c1b511c0e5cefb,tier_instrument,False,True,,,,,0,0,https://api.linked-systems.uk/api/schema-org/dataset/2052096,
1816900,urn:gleaner.io:oih:bodc:data:a75a7a4a18e799a9d75bb518386800008080c870,none,False,False,,,,,0,0,https://api.linked-systems.uk/api/schema-org/dataset/1816900,
2004229,urn:gleaner.io:oih:bodc:data:774d031a47708899cfeea19a54bac351bb3d6b08,none,False,False,,,,,0,0,https://api.linked-systems.uk/api/schema-org/dataset/2004229,
1874343,urn:gleaner.io:oih:bodc:data:bfc25e903e0202b3c4aabbc7294a2a20e5b256ab,none,False,False,,,,,0,0,https://api.linked-systems.uk/api/schema-org/dataset/1874343,
2107695,urn:gleaner.io:oih:bodc:data:5944e913fc5bb9e9ab69a7f6ba6b9a984926bfb9,tier1,True,False,DepBelowSurf,https://vocab.nerc.ac.uk/collection/P01/current/ADEPZZ01/,15,50,1,0,https://api.linked-systems.uk/api/schema-org/dataset/2107695,
2046970,urn:gleaner.io:oih:bodc:data:84f11ac05d9edc1cc910c8ad043bddb38f880acd,tier2,False,False,BathyDepES_ISL,https://vocab.nerc.ac.uk/collection/P01/current/MBANZZ01/,,,0,1,https://api.linked-systems.uk/api/schema-org/dataset/2046970,
1876675,urn:gleaner.io:oih:bodc:data:acbe1aaa554de6ef1cd0018fa468b1afab057f2f,tier1,True,False,DepBelowSurf,https://vocab.nerc.ac.uk/collection/P01/current/ADEPZZ01/,3.4,198.9,1,0,https://api.linked-systems.uk/api/schema-org/dataset/1876675,
2014722,urn:gleaner.io:oih:bodc:data:d00b7772071c59fdcfc1fbeb33ad4f25d0318044,tier2,False,False,Start_depth,https://vocab.nerc.ac.uk/collection/P01/current/DEPHPRST/,38.67,4829.52,0,1,https://api.linked-systems.uk/api/schema-org/dataset/2014722,
1927996,urn:gleaner.io:oih:bodc:data:f7de5f83edd08a665aded07116652858ea337c80,tier1,True,False,DepBelowSurf,https://vocab.nerc.ac.uk/collection/P01/current/ADEPZZ01/,9.4,58.3,1,0,https://api.linked-systems.uk/api/schema-org/dataset/1927996,
2046447,urn:gleaner.io:oih:bodc:data:2e689a167f500358ad169f2543209ba3f475ef52,none,False,False,,,,,0,0,https://api.linked-systems.uk/api/schema-org/dataset/2046447,
2048755,urn:gleaner.io:oih:bodc:data:b4e9b395fb86c6a4edb228a0406f3e7671a3e7da,tier1,True,False,DepBelowSurf,https://vocab.nerc.ac.uk/collection/P01/current/ADEPZZ01/,12.6,203.7,1,0,https://api.linked-systems.uk/api/schema-org/dataset/2048755,
1170844,urn:gleaner.io:oih:bodc:data:15f3e0c968f6cb9f814add41d2581ea8c7a8d961,tier2,False,False,BinDep,https://vocab.nerc.ac.uk/collection/P01/current/DBINAA01/,11,407,0,1,https://api.linked-systems.uk/api/schema-org/dataset/1170844,
2074670,urn:gleaner.io:oih:bodc:data:3957dcd2871f1eae0cb605e035bcd4f601412f80,tier_instrument,False,True,,,,,0,0,https://api.linked-systems.uk/api/schema-org/dataset/2074670,
1879636,urn:gleaner.io:oih:bodc:data:abaa60d8cd97c8d7796e34abde915a414baeb275,none,False,False,,,,,0,0,https://api.linked-systems.uk/api/schema-org/dataset/1879636,
2107566,urn:gleaner.io:oih:bodc:data:3dea65c74bcc30312a0ac4f85530d5a7d169f54e,tier1,True,False,DepBelowSurf,https://vocab.nerc.ac.uk/collection/P01/current/ADEPZZ01/,5.6,4796.6,1,0,https://api.linked-systems.uk/api/schema-org/dataset/2107566,
2153586,urn:gleaner.io:oih:bodc:data:e51c750216e0d68f155ae7a6b0b769b658864d0d,none,False,False,,,,,0,0,https://api.linked-systems.uk/api/schema-org/dataset/2153586,
2148615,urn:gleaner.io:oih:bodc:data:653de1477461e92e716aecb4dbe6deedb0e3a831,tier1,True,False,DepBelowSurf,https://vocab.nerc.ac.uk/collection/P01/current/ADEPZZ01/,5.6,300.7,1,0,https://api.linked-systems.uk/api/schema-org/dataset/2148615,
1880650,urn:gleaner.io:oih:bodc:data:4f24efab1befb0862f1f3b83eb3fd60851ff6876,tier1,True,False,DepBelowSurf,https://vocab.nerc.ac.uk/collection/P01/current/ADEPZZ01/,2,150,1,0,https://api.linked-systems.uk/api/schema-org/dataset/1880650,
1927714,urn:gleaner.io:oih:bodc:data:02e197d1e5fb9e36220abe7bc52cb41bcff88934,none,False,False,,,,,0,0,https://api.linked-systems.uk/api/schema-org/dataset/1927714,
2107658,urn:gleaner.io:oih:bodc:data:cb5e9766d198dccf68c94e5a3055f056c989ef1f,tier1,True,False,DepBelowSurf,https://vocab.nerc.ac.uk/collection/P01/current/ADEPZZ01/,15,200,1,0,https://api.linked-systems.uk/api/schema-org/dataset/2107658,
1226008,urn:gleaner.io:oih:bodc:data:33fa73f65ad1053186515a0f3e4475478b01b955,tier_instrument,False,True,,,,,0,0,https://api.linked-systems.uk/api/schema-org/dataset/1226008,
1836821,urn:gleaner.io:oih:bodc:data:e6f9c8848770039e9cc260dd08905218386c7700,none,False,False,,,,,0,0,https://api.linked-systems.uk/api/schema-org/dataset/1836821,
1848176,urn:gleaner.io:oih:bodc:data:fedf1c1ced08fba1c20a78d2f218555abe08dec2,none,False,False,,,,,0,0,https://api.linked-systems.uk/api/schema-org/dataset/1848176,
2148209,urn:gleaner.io:oih:bodc:data:0e07cc8e63005e75b6b239af127cc481df047dd1,none,False,False,,,,,0,0,https://api.linked-systems.uk/api/schema-org/dataset/2148209,
2111830,urn:gleaner.io:oih:bodc:data:0cd98b1d2e3f2498f5f416cd4448ad0af1b156bf,none,False,False,,,,,0,0,https://api.linked-systems.uk/api/schema-org/dataset/2111830,
2148824,urn:gleaner.io:oih:bodc:data:1a8b7df4e31d336ba9a88a0771c5e5ce0166e7d9,tier1,True,False,DepBelowSurf,https://vocab.nerc.ac.uk/collection/P01/current/ADEPZZ01/,6.3,301.2,1,0,https://api.linked-systems.uk/api/schema-org/dataset/2148824,
2148363,urn:gleaner.io:oih:bodc:data:c75cc086cd80d4f4eedc75a3a2eac1a861b4efba,tier1,True,False,DepBelowSurf,https://vocab.nerc.ac.uk/collection/P01/current/ADEPZZ01/,6,301.2,1,0,https://api.linked-systems.uk/api/schema-org/dataset/2148363,
1989656,urn:gleaner.io:oih:bodc:data:3790d98e2396ddfbe0af536ebed719f19ad3428b,none,False,False,,,,,0,0,https://api.linked-systems.uk/api/schema-org/dataset/1989656,
1347192,urn:gleaner.io:oih:bodc:data:d430de084056c2c42dafb2a293691fd662dc645d,none,False,False,,,,,0,0,https://api.linked-systems.uk/api/schema-org/dataset/1347192,
2138798,urn:gleaner.io:oih:bodc:data:df855ed59803464b87240f34b5747b5264494da1,none,False,False,,,,,0,0,https://api.linked-systems.uk/api/schema-org/dataset/2138798,
2004186,urn:gleaner.io:oih:bodc:data:d0f6ff76d16641c8207a3b0f3d2678a5390452fa,tier1,True,False,DepBelowSurf,https://vocab.nerc.ac.uk/collection/P01/current/ADEPZZ01/,9.9,100.6,1,0,https://api.linked-systems.uk/api/schema-org/dataset/2004186,
2046331,urn:gleaner.io:oih:bodc:data:0db5f3d11e78129e0ddebe3b438a3e70baf890a7,tier1,True,False,DepBelowSurf,https://vocab.nerc.ac.uk/collection/P01/current/ADEPZZ01/,13.6,4758,1,0,https://api.linked-systems.uk/api/schema-org/dataset/2046331,
2048731,urn:gleaner.io:oih:bodc:data:35aa36da0a0543d5613ab9ff5db0dfbef0f07122,none,False,False,,,,,0,0,https://api.linked-systems.uk/api/schema-org/dataset/2048731,
1927855,urn:gleaner.io:oih:bodc:data:6fb316844390ff069464dfa8e8ec4e825be7b796,none,False,False,,,,,0,0,https://api.linked-systems.uk/api/schema-org/dataset/1927855,
1346846,urn:gleaner.io:oih:bodc:data:56566af1c8f0eebd5d743656cfd1da437eaf70cd,tier1,True,False,DepBelowSurf,https://vocab.nerc.ac.uk/collection/P01/current/ADEPZZ01/,3.9,1000.6,1,0,https://api.linked-systems.uk/api/schema-org/dataset/1346846,
1177345,urn:gleaner.io:oih:bodc:data:92859a05ffc3619f60cac058a88a644487e4380c,none,False,False,,,,,0,0,https://api.linked-systems.uk/api/schema-org/dataset/1177345,
1816764,urn:gleaner.io:oih:bodc:data:e20fc7dcf97153cba0c4dc84d1916a4b3f83baa1,none,False,False,,,,,0,0,https://api.linked-systems.uk/api/schema-org/dataset/1816764,
1848188,urn:gleaner.io:oih:bodc:data:e92524551bf914627a7f5ccec1fe4c343f7eb377,tier1,True,False,DepBelowSurf,https://vocab.nerc.ac.uk/collection/P01/current/ADEPZZ01/,10.5,170,1,0,https://api.linked-systems.uk/api/schema-org/dataset/1848188,
2148836,urn:gleaner.io:oih:bodc:data:56002654bacecc55f5c498f2a08898c9d66863b1,none,False,False,,,,,0,0,https://api.linked-systems.uk/api/schema-org/dataset/2148836,
1177695,urn:gleaner.io:oih:bodc:data:23ff18bfc8bee4801b4b92adcc7f3386ae60680d,none,False,False,,,,,0,0,https://api.linked-systems.uk/api/schema-org/dataset/1177695,
1816832,urn:gleaner.io:oih:bodc:data:1851e5858b0a98f9bbef82108396534c62ce7147,tier2,False,False,Start_depth,https://vocab.nerc.ac.uk/collection/P01/current/DEPHPRST/,4.96,351.69,0,1,https://api.linked-systems.uk/api/schema-org/dataset/1816832,
1879568,urn:gleaner.io:oih:bodc:data:6828aa6f269c951d23fd5ec388253ef5dc057cca,none,False,False,,,,,0,0,https://api.linked-systems.uk/api/schema-org/dataset/1879568,
1874226,urn:gleaner.io:oih:bodc:data:eac7d5db568df3b550e052304a63479c8b9369f7,none,False,False,,,,,0,0,https://api.linked-systems.uk/api/schema-org/dataset/1874226,
1226045,urn:gleaner.io:oih:bodc:data:c7581c8ecb8c71a6a387555a26a4619ca79b2544,none,False,False,,,,,0,0,https://api.linked-systems.uk/api/schema-org/dataset/1226045,
2148326,urn:gleaner.io:oih:bodc:data:184fae58bd47872fd7b6deb5e7e2fc32a3c78a9a,tier1,True,False,DepBelowSurf,https://vocab.nerc.ac.uk/collection/P01/current/ADEPZZ01/,6.4,300,1,0,https://api.linked-systems.uk/api/schema-org/dataset/2148326,
1225816,urn:gleaner.io:oih:bodc:data:33408194a071ed2f6955536247ab606c0d764fd6,none,False,False,,,,,0,0,https://api.linked-systems.uk/api/schema-org/dataset/1225816,
1226125,urn:gleaner.io:oih:bodc:data:f50f798e5ed6c25c1d7f5e092f537990962344c0,tier_instrument,False,True,,,,,0,0,https://api.linked-systems.uk/api/schema-org/dataset/1226125,
2004205,urn:gleaner.io:oih:bodc:data:c060767413cd3a7ac895ff925c9056838cfed849,none,False,False,,,,,0,0,https://api.linked-systems.uk/api/schema-org/dataset/2004205,
1226254,urn:gleaner.io:oih:bodc:data:11fec748b9cf4473a157651ce4f73e9484b0bc51,none,False,False,,,,,0,0,https://api.linked-systems.uk/api/schema-org/dataset/1226254,
1177818,urn:gleaner.io:oih:bodc:data:9b70cef77ff291c034c55ed7187da1288b6d3a44,none,False,False,,,,,0,0,https://api.linked-systems.uk/api/schema-org/dataset/1177818,
1177357,urn:gleaner.io:oih:bodc:data:ca678a3ae882531054b4aefc7760af55814f385b,none,False,False,,,,,0,0,https://api.linked-systems.uk/api/schema-org/dataset/1177357,
1916833,urn:gleaner.io:oih:bodc:data:cd44d3cb7c659614cb31fb5948602a853b66d882,none,False,False,,,,,0,0,https://api.linked-systems.uk/api/schema-org/dataset/1916833,
1928987,urn:gleaner.io:oih:bodc:data:f5dd536eaa4b6d5040ab1ba60fd1689e2a9e5823,tier1,True,False,DepBelowSurf,https://vocab.nerc.ac.uk/collection/P01/current/ADEPZZ01/,8,104,1,0,https://api.linked-systems.uk/api/schema-org/dataset/1928987,
1226266,urn:gleaner.io:oih:bodc:data:b7cd47eb2e77f092e9d3cd50bcf5530124764224,none,False,False,,,,,0,0,https://api.linked-systems.uk/api/schema-org/dataset/1226266,
1816936,urn:gleaner.io:oih:bodc:data:15cf865fc95e0a8124ebb767981171da2760a5ec,tier2,False,False,Start_depth,https://vocab.nerc.ac.uk/collection/P01/current/DEPHPRST/,4.96,1001.98,0,1,https://api.linked-systems.uk/api/schema-org/dataset/1816936,
1759923,urn:gleaner.io:oih:bodc:data:2e8c185ad22a4e4e40a1c29e4fab94eaa6f5c65d,none,False,False,,,,,0,0,https://api.linked-systems.uk/api/schema-org/dataset/1759923,
1928127,urn:gleaner.io:oih:bodc:data:cc0695e648fdf227db0aadde4ad6738ab8f0423f,none,False,False,,,,,0,0,https://api.linked-systems.uk/api/schema-org/dataset/1928127,
1177437,urn:gleaner.io:oih:bodc:data:3bbb11858be85112c6943a65d7e58296a9e7fa89,none,False,False,,,,,0,0,https://api.linked-systems.uk/api/schema-org/dataset/1177437,
1346963,urn:gleaner.io:oih:bodc:data:0089f5038f4fbcae89334b9c3f664dac94608efd,tier1,True,False,DepBelowSurf,https://vocab.nerc.ac.uk/collection/P01/current/ADEPZZ01/,6.3,998.5,1,0,https://api.linked-systems.uk/api/schema-org/dataset/1346963,
2111891,urn:gleaner.io:oih:bodc:data:bbc66af5b70572575dc8cc013760f2a2900ffd1f,none,False,False,,,,,0,0,https://api.linked-systems.uk/api/schema-org/dataset/2111891,
2118957,urn:gleaner.io:oih:bodc:data:02b91173c788217d6acb57d0d74538ce6932910a,none,False,False,,,,,0,0,https://api.linked-systems.uk/api/schema-org/dataset/2118957,
2148399,urn:gleaner.io:oih:bodc:data:c5295fb7c7a8c5076f837c536f46682da3721439,none,False,False,,,,,0,0,https://api.linked-systems.uk/api/schema-org/dataset/2148399,
2115892,urn:gleaner.io:oih:bodc:data:c5fd019fa89804ad244bf97d3f854e6736a829ad,tier1,True,False,DepBelowSurf,https://vocab.nerc.ac.uk/collection/P01/current/ADEPZZ01/,5.1,4827.5,1,0,https://api.linked-systems.uk/api/schema-org/dataset/2115892,
1347327,urn:gleaner.io:oih:bodc:data:ce55440cb982e841103c24cb7673985577972cf6,tier1,True,False,DepBelowSurf,https://vocab.nerc.ac.uk/collection/P01/current/ADEPZZ01/,5.8,126.2,1,0,https://api.linked-systems.uk/api/schema-org/dataset/1347327,
2148418,urn:gleaner.io:oih:bodc:data:57bc20cdd6da978f81771518a7abb188dee3583b,tier1,True,False,DepBelowSurf,https://vocab.nerc.ac.uk/collection/P01/current/ADEPZZ01/,,,1,0,https://api.linked-systems.uk/api/schema-org/dataset/2148418,
1346987,urn:gleaner.io:oih:bodc:data:1502cb88137a735e3c0ea2afdd61dbfdc1c65039,tier1,True,False,DepBelowSurf,https://vocab.nerc.ac.uk/collection/P01/current/ADEPZZ01/,5.9,999.5,1,0,https://api.linked-systems.uk/api/schema-org/dataset/1346987,
2148904,urn:gleaner.io:oih:bodc:data:32fbde1ea286364c375e322cdc1892f7b545da1f,tier1,True,False,DepBelowSurf,https://vocab.nerc.ac.uk/collection/P01/current/ADEPZZ01/,7.2,102.1,1,0,https://api.linked-systems.uk/api/schema-org/dataset/2148904,
2107799,urn:gleaner.io:oih:bodc:data:0d59e79741cb0c642d3cadfafe8ad137438e7db5,none,False,False,,,,,0,0,https://api.linked-systems.uk/api/schema-org/dataset/2107799,
1880613,urn:gleaner.io:oih:bodc:data:df0aaa78b5fd5045d2b19da605883dce9f2d82ef,none,False,False,,,,,0,0,https://api.linked-systems.uk/api/schema-org/dataset/1880613,
2148142,urn:gleaner.io:oih:bodc:data:36534289e4094a77bc69263fcdf4da50a3fc7b49,tier1,True,False,DepBelowSurf,https://vocab.nerc.ac.uk/collection/P01/current/ADEPZZ01/,7.1,302.2,1,0,https://api.linked-systems.uk/api/schema-org/dataset/2148142,
876500,urn:gleaner.io:oih:bodc:data:3b2f4fc6646b8182b97b17d2f4f6f9150ef277da,none,False,False,,,,,0,0,https://api.linked-systems.uk/api/schema-org/dataset/876500,
2051806,urn:gleaner.io:oih:bodc:data:56dc6ea3bf7e18a90df68c02838fd2fe83a7bd34,tier1,True,False,DepBelowSurf,https://vocab.nerc.ac.uk/collection/P01/current/ADEPZZ01/,8.2,453.1,1,0,https://api.linked-systems.uk/api/schema-org/dataset/2051806,
2004150,urn:gleaner.io:oih:bodc:data:59c797b2d28ebfa10e0ca2aae423d003822ec241,none,False,False,,,,,0,0,https://api.linked-systems.uk/api/schema-org/dataset/2004150,
888181,urn:gleaner.io:oih:bodc:data:7005891d2fbb8359d74ebd08acaaff9ece1378e4,none,False,False,,,,,0,0,https://api.linked-systems.uk/api/schema-org/dataset/888181,
2022433,urn:gleaner.io:oih:bodc:data:9be1cd8247f2cd88a72ba7e3effd7de33df53f8a,none,False,False,,,,,0,0,https://api.linked-systems.uk/api/schema-org/dataset/2022433,
1928047,urn:gleaner.io:oih:bodc:data:da76e37cd10e7416de1f766091a08e1e8b0d707b,none,False,False,,,,,0,0,https://api.linked-systems.uk/api/schema-org/dataset/1928047,
1225865,urn:gleaner.io:oih:bodc:data:83f699379320d55d76a1aca046d1792412ac490e,none,False,False,,,,,0,0,https://api.linked-systems.uk/api/schema-org/dataset/1225865,
1927960,urn:gleaner.io:oih:bodc:data:d4456a7508d46b7618a360001c084893e31b47ee,none,False,False,,,,,0,0,https://api.linked-systems.uk/api/schema-org/dataset/1927960,
1927806,urn:gleaner.io:oih:bodc:data:19047b65b93c50fcd75b925cc83ad9750cba81fa,none,False,False,,,,,0,0,https://api.linked-systems.uk/api/schema-org/dataset/1927806,
1170832,urn:gleaner.io:oih:bodc:data:10e7c14dd78f5fbdb8df480fd1d41c3b2d80f2df,tier2,False,False,BinDep,https://vocab.nerc.ac.uk/collection/P01/current/DBINAA01/,11,407,0,1,https://api.linked-systems.uk/api/schema-org/dataset/1170832,
2027843,urn:gleaner.io:oih:bodc:data:d4069fd3b46f8929bdb8c4a9a7fc8c25331c41b2,tier2,False,False,SFPG,https://vocab.nerc.ac.uk/collection/P01/current/DEPHFP01/,,,0,1,https://api.linked-systems.uk/api/schema-org/dataset/2027843,
2046411,urn:gleaner.io:oih:bodc:data:522807257e2489dec2c4603745486f89fe50e4f1,none,False,False,,,,,0,0,https://api.linked-systems.uk/api/schema-org/dataset/2046411,
1880810,urn:gleaner.io:oih:bodc:data:3e2ef259336822505169dbaf3f4ce4bfec5a09f0,tier1,True,False,DepBelowSurf,https://vocab.nerc.ac.uk/collection/P01/current/ADEPZZ01/,2,500,1,0,https://api.linked-systems.uk/api/schema-org/dataset/1880810,
2074670,urn:gleaner.io:oih:bodc:data:7a5e01073e4f7221ac6169fee25b2d048c5d6720,none,False,False,,,,,0,0,https://api.linked-systems.uk/api/schema-org/dataset/2074670,
1876626,urn:gleaner.io:oih:bodc:data:6441fb254fd2d7c46af26131c02bb379acdaa5e1,tier1,True,False,DepBelowSurf,https://vocab.nerc.ac.uk/collection/P01/current/ADEPZZ01/,9.3,3997.6,1,0,https://api.linked-systems.uk/api/schema-org/dataset/1876626,
1347211,urn:gleaner.io:oih:bodc:data:47a8e27d9ecb1109162135d05cb0f921756e4850,none,False,False,,,,,0,0,https://api.linked-systems.uk/api/schema-org/dataset/1347211,
1347419,urn:gleaner.io:oih:bodc:data:e5bbdcfa1a3358fc9eeb1e4c2195ecefd68ec73f,none,False,False,,,,,0,0,https://api.linked-systems.uk/api/schema-org/dataset/1347419,
1989693,urn:gleaner.io:oih:bodc:data:54a957df4b7fb64f2a40ccef89a8e082301c6b76,tier1,True,False,DepBelowSurf,https://vocab.nerc.ac.uk/collection/P01/current/ADEPZZ01/,9.7,4729.6,1,0,https://api.linked-systems.uk/api/schema-org/dataset/1989693,
1839394,urn:gleaner.io:oih:bodc:data:568a30534e42fcb5c704223bf45cb6c048651f33,none,False,False,,,,,0,0,https://api.linked-systems.uk/api/schema-org/dataset/1839394,
1346902,urn:gleaner.io:oih:bodc:data:0364ae1ab6bf05009387e2ad5821d3751272ba2c,none,False,False,,,,,0,0,https://api.linked-systems.uk/api/schema-org/dataset/1346902,
1989620,urn:gleaner.io:oih:bodc:data:1b71702f02981a6027aee52fc3ba4e626a966675,tier1,True,False,DepBelowSurf,https://vocab.nerc.ac.uk/collection/P01/current/ADEPZZ01/,9.9,199.4,1,0,https://api.linked-systems.uk/api/schema-org/dataset/1989620,
2107658,urn:gleaner.io:oih:bodc:data:333363bb0466cd0774f849e27f53443cd4f6e6a5,tier1,True,False,DepBelowSurf,https://vocab.nerc.ac.uk/collection/P01/current/ADEPZZ01/,15,200,1,0,https://api.linked-systems.uk/api/schema-org/dataset/2107658,
1927702,urn:gleaner.io:oih:bodc:data:37353180fc77c2da8259fab26651bcc5e4be97aa,tier1,True,False,DepBelowSurf,https://vocab.nerc.ac.uk/collection/P01/current/ADEPZZ01/,0,150,1,0,https://api.linked-systems.uk/api/schema-org/dataset/1927702,
2001674,urn:gleaner.io:oih:bodc:data:65336db26603517bb260337c472af712bc423fbf,tier1,True,False,DepBelowSurf,https://vocab.nerc.ac.uk/collection/P01/current/ADEPZZ01/,9.2,103.4,1,0,https://api.linked-systems.uk/api/schema-org/dataset/2001674,
1928035,urn:gleaner.io:oih:bodc:data:474a6a095efa6b35623986a1210851b90f200102,none,False,False,,,,,0,0,https://api.linked-systems.uk/api/schema-org/dataset/1928035,
1929087,urn:gleaner.io:oih:bodc:data:8e1df4a06c49b904a2f299745ac9a6d8158a4163,tier1,True,False,DepBelowSurf,https://vocab.nerc.ac.uk/collection/P01/current/ADEPZZ01/,6,504,1,0,https://api.linked-systems.uk/api/schema-org/dataset/1929087,
2048859,urn:gleaner.io:oih:bodc:data:a182aae57eed297f2f57f4784991dc999f141481,tier2,False,False,SFPG,https://vocab.nerc.ac.uk/collection/P01/current/DEPHFP01/,,,0,1,https://api.linked-systems.uk/api/schema-org/dataset/2048859,
1170807,urn:gleaner.io:oih:bodc:data:c408e4a66d967d761d8c2e5d2e65052fd5c84783,none,False,False,,,,,0,0,https://api.linked-systems.uk/api/schema-org/dataset/1170807,
1347026,urn:gleaner.io:oih:bodc:data:c343cd134494e3d6b1831a03ffa5e9f1b9e6acae,none,False,False,,,,,0,0,https://api.linked-systems.uk/api/schema-org/dataset/1347026,
2148480,urn:gleaner.io:oih:bodc:data:a4a0db0ab9d273d1033b557ce5b8a4b19aaa5954,tier1,True,False,DepBelowSurf,https://vocab.nerc.ac.uk/collection/P01/current/ADEPZZ01/,6.7,301.4,1,0,https://api.linked-systems.uk/api/schema-org/dataset/2148480,
2148129,urn:gleaner.io:oih:bodc:data:d717cb08ab16a5f0ecaa2c424b804c939cb204d2,none,False,False,,,,,0,0,https://api.linked-systems.uk/api/schema-org/dataset/2148129,
1177321,urn:gleaner.io:oih:bodc:data:d8303a6e338a06e1ceb4ddf72513adbc96804ce8,none,False,False,,,,,0,0,https://api.linked-systems.uk/api/schema-org/dataset/1177321,
2022992,urn:gleaner.io:oih:bodc:data:3f7d2e1355375ee82f77d15332e830526f92ef97,none,False,False,,,,,0,0,https://api.linked-systems.uk/api/schema-org/dataset/2022992,
2074682,urn:gleaner.io:oih:bodc:data:14c25a58fe637e0353ff3eebdcc1229d9568fe3a,tier_instrument,False,True,,,,,0,0,https://api.linked-systems.uk/api/schema-org/dataset/2074682,
2138798,urn:gleaner.io:oih:bodc:data:275272fcd9827b5847f03cf41affd513ac56b80b,none,False,False,,,,,0,0,https://api.linked-systems.uk/api/schema-org/dataset/2138798,
1177505,urn:gleaner.io:oih:bodc:data:3445eee849bd922cea1dab0d8fa49e36acf7d71e,none,False,False,,,,,0,0,https://api.linked-systems.uk/api/schema-org/dataset/1177505,
1170961,urn:gleaner.io:oih:bodc:data:73fcd83e74490ec52005e9011ec8dd2431d8f5d5,none,False,False,,,,,0,0,https://api.linked-systems.uk/api/schema-org/dataset/1170961,
2138749,urn:gleaner.io:oih:bodc:data:d46eba9443ad0e85bad2bd759fd4df4e9fa37ac2,tier1,True,False,DepBelowSurf,https://vocab.nerc.ac.uk/collection/P01/current/ADEPZZ01/,11.6,101.9,1,0,https://api.linked-systems.uk/api/schema-org/dataset/2138749,
2138725,urn:gleaner.io:oih:bodc:data:e4c8f9efd747e337830d4a41977dcffec5348ea8,none,False,False,,,,,0,0,https://api.linked-systems.uk/api/schema-org/dataset/2138725,
1760008,urn:gleaner.io:oih:bodc:data:a42791b3f2a7ef144021f73a9ea1756d5bdf29d0,none,False,False,,,,,0,0,https://api.linked-systems.uk/api/schema-org/dataset/1760008,
1347143,urn:gleaner.io:oih:bodc:data:e6ed1eb6bc2da1207f63f3534f5ca83fc74dd24a,none,False,False,,,,,0,0,https://api.linked-systems.uk/api/schema-org/dataset/1347143,
2022433,urn:gleaner.io:oih:bodc:data:7979d8ae5674304b24c71ad68c422e4b8516a684,none,False,False,,,,,0,0,https://api.linked-systems.uk/api/schema-org/dataset/2022433,
1225969,urn:gleaner.io:oih:bodc:data:26487156be9337b5fbc70b329a32aed41081c0ee,tier_instrument,False,True,,,,,0,0,https://api.linked-systems.uk/api/schema-org/dataset/1225969,
2115879,urn:gleaner.io:oih:bodc:data:c80686b57a5603a570f1dd57aeb1ae11fd286093,none,False,False,,,,,0,0,https://api.linked-systems.uk/api/schema-org/dataset/2115879,
1177671,urn:gleaner.io:oih:bodc:data:e80b4c8269c550d71a618f66b95ce10f3df2c000,none,False,False,,,,,0,0,https://api.linked-systems.uk/api/schema-org/dataset/1177671,
1170881,urn:gleaner.io:oih:bodc:data:e7b1439a500e8c4a44105ad5bae668dbd8ec7ba3,tier2,False,False,BinDep,https://vocab.nerc.ac.uk/collection/P01/current/DBINAA01/,11,407,0,1,https://api.linked-systems.uk/api/schema-org/dataset/1170881,
1226309,urn:gleaner.io:oih:bodc:data:5af5b62f3c3f7094b9ba7125387c3ad9a58ffcca,none,False,False,,,,,0,0,https://api.linked-systems.uk/api/schema-org/dataset/1226309,
2051843,urn:gleaner.io:oih:bodc:data:a28be0d2f5d4f9ee76f387fa95ab356c112b8fd3,tier1,True,False,DepBelowSurf,https://vocab.nerc.ac.uk/collection/P01/current/ADEPZZ01/,6,4706.3,1,0,https://api.linked-systems.uk/api/schema-org/dataset/2051843,
2048780,urn:gleaner.io:oih:bodc:data:3cc53af7b5e4086e36b2ba983444c9a1c51ed531,none,False,False,,,,,0,0,https://api.linked-systems.uk/api/schema-org/dataset/2048780,
1177751,urn:gleaner.io:oih:bodc:data:b562e4c17907e98cfb5ccd94648d8b07d98fe096,none,False,False,,,,,0,0,https://api.linked-systems.uk/api/schema-org/dataset/1177751,
2046238,urn:gleaner.io:oih:bodc:data:c2e1150ee6faf477a73a39c1412723600cca53a4,none,False,False,,,,,0,0,https://api.linked-systems.uk/api/schema-org/dataset/2046238,
2073261,urn:gleaner.io:oih:bodc:data:97d922d371bb90eb6bf7bdf82309bf624ee5c14a,none,False,False,,,,,0,0,https://api.linked-systems.uk/api/schema-org/dataset/2073261,
1177972,urn:gleaner.io:oih:bodc:data:a3f22b244422c4de73eac465405342d87e0bd7f7,none,False,False,,,,,0,0,https://api.linked-systems.uk/api/schema-org/dataset/1177972,
1880730,urn:gleaner.io:oih:bodc:data:f9a36b2cb9535794a6954464b2d7ff25520fbc67,none,False,False,,,,,0,0,https://api.linked-systems.uk/api/schema-org/dataset/1880730,
2046343,urn:gleaner.io:oih:bodc:data:04f31ec68174e838497339add9b42f223b2baf66,none,False,False,,,,,0,0,https://api.linked-systems.uk/api/schema-org/dataset/2046343,
2048872,urn:gleaner.io:oih:bodc:data:520167a4e99f99d7b6733566ccac3fed835e2a4d,none,False,False,,,,,0,0,https://api.linked-systems.uk/api/schema-org/dataset/2048872,
2107751,urn:gleaner.io:oih:bodc:data:3748e08b04926b57aa1ee7407a6b8caf1c946f88,none,False,False,,,,,0,0,https://api.linked-systems.uk/api/schema-org/dataset/2107751,
1171104,urn:gleaner.io:oih:bodc:data:563bb816c34befd65281d10863f2c7f4278d91cd,none,False,False,,,,,0,0,https://api.linked-systems.uk/api/schema-org/dataset/1171104,
1170820,urn:gleaner.io:oih:bodc:data:b1100a1a19c21d405b5406197f885ccfce14e00c,none,False,False,,,,,0,0,https://api.linked-systems.uk/api/schema-org/dataset/1170820,
1816832,urn:gleaner.io:oih:bodc:data:25233b6c502ff011cb8f051d2aaa8d1acc8fa854,none,False,False,,,,,0,0,https://api.linked-systems.uk/api/schema-org/dataset/1816832,
1920820,urn:gleaner.io:oih:bodc:data:78ae9a96b0e8ad9df558493c54d6ee73f5b5ccce,none,False,False,,,,,0,0,https://api.linked-systems.uk/api/schema-org/dataset/1920820,
2001729,urn:gleaner.io:oih:bodc:data:aacae684ca8188ffc2b1e316d3407afeb353fe4e,none,False,False,,,,,0,0,https://api.linked-systems.uk/api/schema-org/dataset/2001729,
1759923,urn:gleaner.io:oih:bodc:data:e05473fe716c313d86b8663eeab7324e4f2670e4,none,False,False,,,,,0,0,https://api.linked-systems.uk/api/schema-org/dataset/1759923,
1177622,urn:gleaner.io:oih:bodc:data:8b9c256462d73018c5181b8c84da269723bf08b7,none,False,False,,,,,0,0,https://api.linked-systems.uk/api/schema-org/dataset/1177622,
1171073,urn:gleaner.io:oih:bodc:data:20d079c35469c5970f2d107974ed5af2681f957a,none,False,False,,,,,0,0,https://api.linked-systems.uk/api/schema-org/dataset/1171073,
2014710,urn:gleaner.io:oih:bodc:data:d5288427624b699a88d3b4cc0c2d215ba64ba369,none,False,False,,,,,0,0,https://api.linked-systems.uk/api/schema-org/dataset/2014710,
2153550,urn:gleaner.io:oih:bodc:data:4a668c5639aba06f4ae64b3a6aee9b2a3915779a,none,False,False,,,,,0,0,https://api.linked-systems.uk/api/schema-org/dataset/2153550,
2107855,urn:gleaner.io:oih:bodc:data:acde1f0af9d3d8d4999580a437f16ccefc2bb38f,tier1,True,False,DepBelowSurf,https://vocab.nerc.ac.uk/collection/P01/current/ADEPZZ01/,15,500,1,0,https://api.linked-systems.uk/api/schema-org/dataset/2107855,
1171000,urn:gleaner.io:oih:bodc:data:704c419e213e7ff91fda8c189f191456f8f0380b,none,False,False,,,,,0,0,https://api.linked-systems.uk/api/schema-org/dataset/1171000,
1347259,urn:gleaner.io:oih:bodc:data:d115f782b1ee5382d6f27b07abaf9accbb014a7d,tier1,True,False,DepBelowSurf,https://vocab.nerc.ac.uk/collection/P01/current/ADEPZZ01/,8.6,1983.8,1,0,https://api.linked-systems.uk/api/schema-org/dataset/1347259,
1848188,urn:gleaner.io:oih:bodc:data:dbdf2f7353464d4e8794789bf8fc88f235bdd08d,none,False,False,,,,,0,0,https://api.linked-systems.uk/api/schema-org/dataset/1848188,
2052103,urn:gleaner.io:oih:bodc:data:f2248eb698307bec8dd55e31de949255f5d94683,none,False,False,,,,,0,0,https://api.linked-systems.uk/api/schema-org/dataset/2052103,
1177333,urn:gleaner.io:oih:bodc:data:0a275c51549ec5570b2c11e99aaa5c3382c3feb7,none,False,False,,,,,0,0,https://api.linked-systems.uk/api/schema-org/dataset/1177333,
2026723,urn:gleaner.io:oih:bodc:data:19176f4802f92e178ad0ff84aa0bb7d443f4721f,none,False,False,,,,,0,0,https://api.linked-systems.uk/api/schema-org/dataset/2026723,
876407,urn:gleaner.io:oih:bodc:data:24f3fc28562c72ad1dbe21224bcfa2c3cee280fc,none,False,False,,,,,0,0,https://api.linked-systems.uk/api/schema-org/dataset/876407,
2115799,urn:gleaner.io:oih:bodc:data:7d8be37e0db5810c73f1267a52a21bbb884dcf44,none,False,False,,,,,0,0,https://api.linked-systems.uk/api/schema-org/dataset/2115799,
2004125,urn:gleaner.io:oih:bodc:data:f905f30eaf6636c77bfa052a7b446a104137ec6b,none,False,False,,,,,0,0,https://api.linked-systems.uk/api/schema-org/dataset/2004125,
2153574,urn:gleaner.io:oih:bodc:data:dd9cb60ad7006e1b065dc2ea352e44b23353dc12,tier1,True,False,DepBelowSurf,https://vocab.nerc.ac.uk/collection/P01/current/ADEPZZ01/,5,4825,1,0,https://api.linked-systems.uk/api/schema-org/dataset/2153574,
2148885,urn:gleaner.io:oih:bodc:data:085d4afdb6a96c8ac6b8f683c976730e1f30469e,tier1,True,False,DepBelowSurf,https://vocab.nerc.ac.uk/collection/P01/current/ADEPZZ01/,6,51.2,1,0,https://api.linked-systems.uk/api/schema-org/dataset/2148885,
1836556,urn:gleaner.io:oih:bodc:data:a6edeca4c41c53ad38f1b0f8dcbd880f2da47201,none,False,False,,,,,0,0,https://api.linked-systems.uk/api/schema-org/dataset/1836556,
1759996,urn:gleaner.io:oih:bodc:data:5a99c653abe2954862ffdd0e0dd094ab04b8c84b,none,False,False,,,,,0,0,https://api.linked-systems.uk/api/schema-org/dataset/1759996,
1927984,urn:gleaner.io:oih:bodc:data:3625257e5ea07b0d7399e1ed010e79c14adf2d5f,none,False,False,,,,,0,0,https://api.linked-systems.uk/api/schema-org/dataset/1927984,
1171085,urn:gleaner.io:oih:bodc:data:9a5bb3870257444e7d21b38ad3ef43d7987e1a1a,none,False,False,,,,,0,0,https://api.linked-systems.uk/api/schema-org/dataset/1171085,
2014709,urn:gleaner.io:oih:bodc:data:6a6d4d7b7790997d31f275f0f5c1d4a133e7072d,tier2,False,False,Start_depth,https://vocab.nerc.ac.uk/collection/P01/current/DEPHPRST/,0.99,4819.83,0,1,https://api.linked-systems.uk/api/schema-org/dataset/2014709,
888156,urn:gleaner.io:oih:bodc:data:88eb629e9720e4f416fcc00bae3ae9d7e87877a6,none,False,False,,,,,0,0,https://api.linked-systems.uk/api/schema-org/dataset/888156,
2148720,urn:gleaner.io:oih:bodc:data:f7dff10793c66a8afc8c762f7acf9aa0dd003ace,none,False,False,,,,,0,0,https://api.linked-systems.uk/api/schema-org/dataset/2148720,
2046195,urn:gleaner.io:oih:bodc:data:78958229fefdcc1d0dbc91b7fc5306fb68d921da,tier1,True,False,DepBelowSurf,https://vocab.nerc.ac.uk/collection/P01/current/ADEPZZ01/,12.8,202.9,1,0,https://api.linked-systems.uk/api/schema-org/dataset/2046195,
1170948,urn:gleaner.io:oih:bodc:data:043917b6f9a6654d90999839002c5795c4c8e995,none,False,False,,,,,0,0,https://api.linked-systems.uk/api/schema-org/dataset/1170948,
1350777,urn:gleaner.io:oih:bodc:data:1605b64b56b63384a380de40f0463ea67c89f516,tier1,True,False,DepBelowSurf,https://vocab.nerc.ac.uk/collection/P01/current/ADEPZZ01/,13.9,286.4,1,0,https://api.linked-systems.uk/api/schema-org/dataset/1350777,
2027818,urn:gleaner.io:oih:bodc:data:95bb05396e87843da06cd7e24eab1b0f9fbb6ea2,none,False,False,,,,,0,0,https://api.linked-systems.uk/api/schema-org/dataset/2027818,
1880698,urn:gleaner.io:oih:bodc:data:6ec777f2f3d3ab10cd6670df5d5386438b9fda7f,tier1,True,False,DepBelowSurf,https://vocab.nerc.ac.uk/collection/P01/current/ADEPZZ01/,2,65,1,0,https://api.linked-systems.uk/api/schema-org/dataset/1880698,
2148154,urn:gleaner.io:oih:bodc:data:96c4bc218be5bc89c020a827d1e847955c719d32,tier1,True,False,DepBelowSurf,https://vocab.nerc.ac.uk/collection/P01/current/ADEPZZ01/,5.3,298.5,1,0,https://api.linked-systems.uk/api/schema-org/dataset/2148154,
2110678,urn:gleaner.io:oih:bodc:data:58db550018a7c04a6b7473ad9400c57937819275,none,False,False,,,,,0,0,https://api.linked-systems.uk/api/schema-org/dataset/2110678,
1816832,urn:gleaner.io:oih:bodc:data:181e08c7a251267ec35cb544dc27400585f26951,tier2,False,False,Start_depth,https://vocab.nerc.ac.uk/collection/P01/current/DEPHPRST/,4.96,351.69,0,1,https://api.linked-systems.uk/api/schema-org/dataset/1816832,
1225841,urn:gleaner.io:oih:bodc:data:60130d34827ebe4a5b58ec9983dd93000897c8b2,none,False,False,,,,,0,0,https://api.linked-systems.uk/api/schema-org/dataset/1225841,
1177996,urn:gleaner.io:oih:bodc:data:f7e75e5047daa132787c85182200081faa508e37,none,False,False,,,,,0,0,https://api.linked-systems.uk/api/schema-org/dataset/1177996,
2153525,urn:gleaner.io:oih:bodc:data:13a387fd3d0aca110faf3daaf95219c4e8f4cb0b,none,False,False,,,,,0,0,https://api.linked-systems.uk/api/schema-org/dataset/2153525,
2046226,urn:gleaner.io:oih:bodc:data:1568157f394e8b8e847a7cd24f81a0e78013427a,tier1,True,False,DepBelowSurf,https://vocab.nerc.ac.uk/collection/P01/current/ADEPZZ01/,13.1,801.4,1,0,https://api.linked-systems.uk/api/schema-org/dataset/2046226,
1347364,urn:gleaner.io:oih:bodc:data:e7f72f98e027f8e0ee58cd98eb271ecd6f1da52f,none,False,False,,,,,0,0,https://api.linked-systems.uk/api/schema-org/dataset/1347364,
2148418,urn:gleaner.io:oih:bodc:data:8b5f113566341a338e9968fa3378dbe9285e3cc9,tier1,True,False,DepBelowSurf,https://vocab.nerc.ac.uk/collection/P01/current/ADEPZZ01/,,,1,0,https://api.linked-systems.uk/api/schema-org/dataset/2148418,
2148873,urn:gleaner.io:oih:bodc:data:deb09779a5210c683d2fee8ce2c0fe95fb2c0104,tier1,True,False,DepBelowSurf,https://vocab.nerc.ac.uk/collection/P01/current/ADEPZZ01/,6.4,301.8,1,0,https://api.linked-systems.uk/api/schema-org/dataset/2148873,
1177831,urn:gleaner.io:oih:bodc:data:4491a2d8043ec13fd609c1a5b752cd6e3141d8e9,none,False,False,,,,,0,0,https://api.linked-systems.uk/api/schema-org/dataset/1177831,
1226205,urn:gleaner.io:oih:bodc:data:a90234eb1520b898245d0578564cc2ffdff35878,none,False,False,,,,,0,0,https://api.linked-systems.uk/api/schema-org/dataset/1226205,
2046343,urn:gleaner.io:oih:bodc:data:efea631beb3e02a5d2d0f9d94e5ea4fd7f0525d4,none,False,False,,,,,0,0,https://api.linked-systems.uk/api/schema-org/dataset/2046343,
2004174,urn:gleaner.io:oih:bodc:data:4da89e91bad88bfe05b95909d0c6df592a01039c,tier1,True,False,DepBelowSurf,https://vocab.nerc.ac.uk/collection/P01/current/ADEPZZ01/,9.7,4705.6,1,0,https://api.linked-systems.uk/api/schema-org/dataset/2004174,
2027831,urn:gleaner.io:oih:bodc:data:0b6cb26ae23f0f57aa7ca7a7108f74add76c4022,tier2,False,False,SFPG,https://vocab.nerc.ac.uk/collection/P01/current/DEPHFP01/,,,0,1,https://api.linked-systems.uk/api/schema-org/dataset/2027831,
2148037,urn:gleaner.io:oih:bodc:data:eccc4f31bde529b40826bfe9073cb087a265c89a,tier1,True,False,DepBelowSurf,https://vocab.nerc.ac.uk/collection/P01/current/ADEPZZ01/,9.8,304.4,1,0,https://api.linked-systems.uk/api/schema-org/dataset/2148037,
2046969,urn:gleaner.io:oih:bodc:data:d365f71956f85c96c0cad7bf72ad026db013791f,none,False,False,,,,,0,0,https://api.linked-systems.uk/api/schema-org/dataset/2046969,
2119021,urn:gleaner.io:oih:bodc:data:3fd761d3e6ecde2e0c4f20a3a0159b27ef99c2b4,none,False,False,,,,,0,0,https://api.linked-systems.uk/api/schema-org/dataset/2119021,
1170752,urn:gleaner.io:oih:bodc:data:92cf3313c59e317171a35074b420c55e205ed065,none,False,False,,,,,0,0,https://api.linked-systems.uk/api/schema-org/dataset/1170752,
888168,urn:gleaner.io:oih:bodc:data:f47fcb88a1b45f5086fb4379efbeb1935023e8da,none,False,False,,,,,0,0,https://api.linked-systems.uk/api/schema-org/dataset/888168,
1759935,urn:gleaner.io:oih:bodc:data:c98b27028223b9ecff58e9e5ee04b9b8cd596e2f,none,False,False,,,,,0,0,https://api.linked-systems.uk/api/schema-org/dataset/1759935,
2148222,urn:gleaner.io:oih:bodc:data:97eab499d4bcbebafd86586ce355ccb380844c68,tier1,True,False,DepBelowSurf,https://vocab.nerc.ac.uk/collection/P01/current/ADEPZZ01/,50.2,300,1,0,https://api.linked-systems.uk/api/schema-org/dataset/2148222,
2048731,urn:gleaner.io:oih:bodc:data:7a7fbead21807b1f018e35985c9554cc58391616,tier1,True,False,DepBelowSurf,https://vocab.nerc.ac.uk/collection/P01/current/ADEPZZ01/,12.8,202.9,1,0,https://api.linked-systems.uk/api/schema-org/dataset/2048731,
1226309,urn:gleaner.io:oih:bodc:data:544d62fbd32bf6228343eb14b52edd6efa0d9fc1,tier_instrument,False,True,,,,,0,0,https://api.linked-systems.uk/api/schema-org/dataset/1226309,
2107683,urn:gleaner.io:oih:bodc:data:34872955287c4c80057ef4ead7db543f2c30c46d,tier1,True,False,DepBelowSurf,https://vocab.nerc.ac.uk/collection/P01/current/ADEPZZ01/,15,150,1,0,https://api.linked-systems.uk/api/schema-org/dataset/2107683,
2107609,urn:gleaner.io:oih:bodc:data:6236ff0226d4e999d7f0fe5e546956d798a1c77f,tier1,True,False,DepBelowSurf,https://vocab.nerc.ac.uk/collection/P01/current/ADEPZZ01/,27.3,994.7,1,0,https://api.linked-systems.uk/api/schema-org/dataset/2107609,
1225828,urn:gleaner.io:oih:bodc:data:628404ee3d3b62099db084ff9b6e33e79e716f6c,tier_instrument,False,True,,,,,0,0,https://api.linked-systems.uk/api/schema-org/dataset/1225828,
2111842,urn:gleaner.io:oih:bodc:data:f4dfa7a53d814814cf365b34ac19289ca20c0a4c,tier1,True,False,DepBelowSurf,https://vocab.nerc.ac.uk/collection/P01/current/ADEPZZ01/,2.8,279.5,1,0,https://api.linked-systems.uk/api/schema-org/dataset/2111842,
1170893,urn:gleaner.io:oih:bodc:data:7ca45547cc64377786f016c2cfdd075800ad0460,tier2,False,False,BinDep,https://vocab.nerc.ac.uk/collection/P01/current/DBINAA01/,11,407,0,1,https://api.linked-systems.uk/api/schema-org/dataset/1170893,
2107843,urn:gleaner.io:oih:bodc:data:a5b0ff73c048630ac491e4fefb439cba29e45347,tier1,True,False,DepBelowSurf,https://vocab.nerc.ac.uk/collection/P01/current/ADEPZZ01/,15,80,1,0,https://api.linked-systems.uk/api/schema-org/dataset/2107843,
2148511,urn:gleaner.io:oih:bodc:data:bb472b84eeaeb9447259e4bc8516282e20a406b0,tier1,True,False,DepBelowSurf,https://vocab.nerc.ac.uk/collection/P01/current/ADEPZZ01/,7.7,103.2,1,0,https://api.linked-systems.uk/api/schema-org/dataset/2148511,
1347272,urn:gleaner.io:oih:bodc:data:15c79ad7fe90887d4f3fa1eda9c5d698499b097e,none,False,False,,,,,0,0,https://api.linked-systems.uk/api/schema-org/dataset/1347272,
1916901,urn:gleaner.io:oih:bodc:data:5072d61fac2252d7722883467e63f22d447c6d1d,tier1,True,False,DepBelowSurf,https://vocab.nerc.ac.uk/collection/P01/current/ADEPZZ01/,20.6,4826.7,1,0,https://api.linked-systems.uk/api/schema-org/dataset/1916901,
2048706,urn:gleaner.io:oih:bodc:data:c561be78415e3849aa528281449bbd67ed043e53,tier1,True,False,DepBelowSurf,https://vocab.nerc.ac.uk/collection/P01/current/ADEPZZ01/,14.2,99.2,1,0,https://api.linked-systems.uk/api/schema-org/dataset/2048706,
1989620,urn:gleaner.io:oih:bodc:data:ce353554cf754fb61e5380d0419d254975ab1018,none,False,False,,,,,0,0,https://api.linked-systems.uk/api/schema-org/dataset/1989620,
1874299,urn:gleaner.io:oih:bodc:data:5fd9f90f038e9cf44803423acac4e03dda5dba18,tier1,True,False,DepBelowSurf,https://vocab.nerc.ac.uk/collection/P01/current/ADEPZZ01/,10,201.3,1,0,https://api.linked-systems.uk/api/schema-org/dataset/1874299,
1171036,urn:gleaner.io:oih:bodc:data:133b03bc97949744a1aee0d53f85f617bbab52da,tier2,False,False,BinDep,https://vocab.nerc.ac.uk/collection/P01/current/DBINAA01/,11,407,0,1,https://api.linked-systems.uk/api/schema-org/dataset/1171036,
1170776,urn:gleaner.io:oih:bodc:data:b84af54db7068b2d2eab931dcab483693be2d2db,tier2,False,False,BinDep,https://vocab.nerc.ac.uk/collection/P01/current/DBINAA01/,11,407,0,1,https://api.linked-systems.uk/api/schema-org/dataset/1170776,
1177702,urn:gleaner.io:oih:bodc:data:cd74938f6b9f7eabda273b0c6bc81e05c7673574,none,False,False,,,,,0,0,https://api.linked-systems.uk/api/schema-org/dataset/1177702,
2051880,urn:gleaner.io:oih:bodc:data:091ec1cdde04211538d27baf08179cd5bed25712,tier1,True,False,DepBelowSurf,https://vocab.nerc.ac.uk/collection/P01/current/ADEPZZ01/,32.9,504,1,0,https://api.linked-systems.uk/api/schema-org/dataset/2051880,
1346999,urn:gleaner.io:oih:bodc:data:168b1adb358639c36dc9955068b2b82945adf87f,none,False,False,,,,,0,0,https://api.linked-systems.uk/api/schema-org/dataset/1346999,
1177450,urn:gleaner.io:oih:bodc:data:76a7ffd623ac60c2b66afa3812147e592bf3011a,none,False,False,,,,,0,0,https://api.linked-systems.uk/api/schema-org/dataset/1177450,
2105768,urn:gleaner.io:oih:bodc:data:9b56fb4b7afdb92f07b511e1d00a0e7eb81f34ef,tier1,True,False,DepBelowSurf,https://vocab.nerc.ac.uk/collection/P01/current/ADEPZZ01/,5.6,4796.6,1,0,https://api.linked-systems.uk/api/schema-org/dataset/2105768,
1989620,urn:gleaner.io:oih:bodc:data:492ed8d4c09c4cc95d4269eecd74ebc24b6bb5b9,none,False,False,,,,,0,0,https://api.linked-systems.uk/api/schema-org/dataset/1989620,
1347339,urn:gleaner.io:oih:bodc:data:735994bf84e160b7951ff5a931695649f6dba6b0,tier1,True,False,DepBelowSurf,https://vocab.nerc.ac.uk/collection/P01/current/ADEPZZ01/,7.3,202.3,1,0,https://api.linked-systems.uk/api/schema-org/dataset/1347339,
1880766,urn:gleaner.io:oih:bodc:data:b8a4fe8c93f0e2f6caeb07f5da56d7315f3f6a39,tier1,True,False,DepBelowSurf,https://vocab.nerc.ac.uk/collection/P01/current/ADEPZZ01/,2,80,1,0,https://api.linked-systems.uk/api/schema-org/dataset/1880766,
2001674,urn:gleaner.io:oih:bodc:data:20751edb4c222521ffd3ad1b97eadda8daf467f1,none,False,False,,,,,0,0,https://api.linked-systems.uk/api/schema-org/dataset/2001674,
2046251,urn:gleaner.io:oih:bodc:data:bb2f15012aeb6b1a88470be5365e0aae85464dca,tier1,True,False,DepBelowSurf,https://vocab.nerc.ac.uk/collection/P01/current/ADEPZZ01/,13,4757.2,1,0,https://api.linked-systems.uk/api/schema-org/dataset/2046251,
888200,urn:gleaner.io:oih:bodc:data:789aa9a3e44e811a076603bae1882da1e42ae99a,none,False,False,,,,,0,0,https://api.linked-systems.uk/api/schema-org/dataset/888200,
2004101,urn:gleaner.io:oih:bodc:data:d393fffb58ab8400390f567af7819476e2ca6c3b,tier1,True,False,DepBelowSurf,https://vocab.nerc.ac.uk/collection/P01/current/ADEPZZ01/,10.4,991.1,1,0,https://api.linked-systems.uk/api/schema-org/dataset/2004101,
774750,urn:gleaner.io:oih:bodc:data:1f619c465196cdf901e60887957638a61b63e5c6,none,False,False,,,,,0,0,https://api.linked-systems.uk/api/schema-org/dataset/774750,
1929063,urn:gleaner.io:oih:bodc:data:43f24180def360050e8beeac659af139ad07708b,none,False,False,,,,,0,0,https://api.linked-systems.uk/api/schema-org/dataset/1929063,
1759960,urn:gleaner.io:oih:bodc:data:4d0e17c9e29a6fafd0803b31cd7bea6b04063dbd,none,False,False,,,,,0,0,https://api.linked-systems.uk/api/schema-org/dataset/1759960,
1346999,urn:gleaner.io:oih:bodc:data:50a046241f2947dd75ae0f6b2ab323af013dc0c4,none,False,False,,,,,0,0,https://api.linked-systems.uk/api/schema-org/dataset/1346999,
2051726,urn:gleaner.io:oih:bodc:data:b7acf7fad1126a279a4b550a006f0d6f9a519f9e,none,False,False,,,,,0,0,https://api.linked-systems.uk/api/schema-org/dataset/2051726,
2051818,urn:gleaner.io:oih:bodc:data:534b937739b0a543ecc5363f4aa4a55910df9b9e,none,False,False,,,,,0,0,https://api.linked-systems.uk/api/schema-org/dataset/2051818,
2013000,urn:gleaner.io:oih:bodc:data:ea4793f697d138b001605e59d3b15fae8dfaebdd,tier_instrument,False,True,,,,,0,0,https://api.linked-systems.uk/api/schema-org/dataset/2013000,
2046411,urn:gleaner.io:oih:bodc:data:b1c0a9a36242c91a2ece99620fe846188e31fa4f,tier1,True,False,DepBelowSurf,https://vocab.nerc.ac.uk/collection/P01/current/ADEPZZ01/,12,4756.1,1,0,https://api.linked-systems.uk/api/schema-org/dataset/2046411,
2004205,urn:gleaner.io:oih:bodc:data:fe2e2540c87a232c56468a4f60606530a8098588,tier1,True,False,DepBelowSurf,https://vocab.nerc.ac.uk/collection/P01/current/ADEPZZ01/,9.9,100.6,1,0,https://api.linked-systems.uk/api/schema-org/dataset/2004205,
2148050,urn:gleaner.io:oih:bodc:data:a8aeb0ad44b3ed4f8987d58198f21361199cc3fe,tier1,True,False,DepBelowSurf,https://vocab.nerc.ac.uk/collection/P01/current/ADEPZZ01/,4.9,300.2,1,0,https://api.linked-systems.uk/api/schema-org/dataset/2148050,
1177714,urn:gleaner.io:oih:bodc:data:a895ef3251ab2c048f0826c94533f974c721b620,none,False,False,,,,,0,0,https://api.linked-systems.uk/api/schema-org/dataset/1177714,
2004229,urn:gleaner.io:oih:bodc:data:1ea0188373c902419b097f6b04e0da13a43e9400,none,False,False,,,,,0,0,https://api.linked-systems.uk/api/schema-org/dataset/2004229,
2001686,urn:gleaner.io:oih:bodc:data:5507b4311fd29119ac752602abacb57f87fd8230,none,False,False,,,,,0,0,https://api.linked-systems.uk/api/schema-org/dataset/2001686,
1759972,urn:gleaner.io:oih:bodc:data:75f0dcf897e67457498067c1153b950f59b707c5,none,False,False,,,,,0,0,https://api.linked-systems.uk/api/schema-org/dataset/1759972,
1225970,urn:gleaner.io:oih:bodc:data:c5fafa7d6eef45075b83e19fda7b1de00ed19710,none,False,False,,,,,0,0,https://api.linked-systems.uk/api/schema-org/dataset/1225970,
2014678,urn:gleaner.io:oih:bodc:data:e2043d6d5e547ad75782b6d5081caea8f4dcaca3,none,False,False,,,,,0,0,https://api.linked-systems.uk/api/schema-org/dataset/2014678,
2107818,urn:gleaner.io:oih:bodc:data:4aff4cf89832cfee3d0b8b08fe5cd8efea96f80b,tier1,True,False,DepBelowSurf,https://vocab.nerc.ac.uk/collection/P01/current/ADEPZZ01/,25,200,1,0,https://api.linked-systems.uk/api/schema-org/dataset/2107818,
1347192,urn:gleaner.io:oih:bodc:data:422fc55cac86892d11357f325c95798470303dab,tier1,True,False,DepBelowSurf,https://vocab.nerc.ac.uk/collection/P01/current/ADEPZZ01/,5,993.5,1,0,https://api.linked-systems.uk/api/schema-org/dataset/1347192,
1177695,urn:gleaner.io:oih:bodc:data:032c79165a703b4a240059e91277cd5087095020,none,False,False,,,,,0,0,https://api.linked-systems.uk/api/schema-org/dataset/1177695,
1928011,urn:gleaner.io:oih:bodc:data:5788d51c1cf8dbb1a1041ae9fd30d8e1bc1ea2db,tier1,True,False,DepBelowSurf,https://vocab.nerc.ac.uk/collection/P01/current/ADEPZZ01/,,,1,0,https://api.linked-systems.uk/api/schema-org/dataset/1928011,
1347327,urn:gleaner.io:oih:bodc:data:cfbccb899656ee0e327097bc5e155a98651444dc,none,False,False,,,,,0,0,https://api.linked-systems.uk/api/schema-org/dataset/1347327,
1928987,urn:gleaner.io:oih:bodc:data:0b31cd8c692b2a96823a5ecf0e496cd32386f771,none,False,False,,,,,0,0,https://api.linked-systems.uk/api/schema-org/dataset/1928987,
2105768,urn:gleaner.io:oih:bodc:data:19e82fd3ccb2f0761666890de64443ce95f90670,tier1,True,False,DepBelowSurf,https://vocab.nerc.ac.uk/collection/P01/current/ADEPZZ01/,5.6,4796.6,1,0,https://api.linked-systems.uk/api/schema-org/dataset/2105768,
1347106,urn:gleaner.io:oih:bodc:data:3f7684719d0f2ed3f9b3f9aa1ae5b4676e53cf8b,tier1,True,False,DepBelowSurf,https://vocab.nerc.ac.uk/collection/P01/current/ADEPZZ01/,5.8,1999.6,1,0,https://api.linked-systems.uk/api/schema-org/dataset/1347106,
1851006,urn:gleaner.io:oih:bodc:data:722aa0106d88bce17cc75607f45e12fd3b03a1ae,none,False,False,,,,,0,0,https://api.linked-systems.uk/api/schema-org/dataset/1851006,
1928060,urn:gleaner.io:oih:bodc:data:e49a23211751b066bc5f6444bbee41745ab91edc,none,False,False,,,,,0,0,https://api.linked-systems.uk/api/schema-org/dataset/1928060,
2148781,urn:gleaner.io:oih:bodc:data:01b06f762c22ee8e32f730feb1322ef92385237e,tier1,True,False,DepBelowSurf,https://vocab.nerc.ac.uk/collection/P01/current/ADEPZZ01/,5.3,300.4,1,0,https://api.linked-systems.uk/api/schema-org/dataset/2148781,
1874379,urn:gleaner.io:oih:bodc:data:2c6ed8b46836c8469ede81b0e2668663f4822908,none,False,False,,,,,0,0,https://api.linked-systems.uk/api/schema-org/dataset/1874379,
1929087,urn:gleaner.io:oih:bodc:data:a4e38fe91fe09bfe20c40d530540bd85c2ddda3c,none,False,False,,,,,0,0,https://api.linked-systems.uk/api/schema-org/dataset/1929087,
2048779,urn:gleaner.io:oih:bodc:data:f1b951230c000933db7c1ff3e1204807730b1ae5,none,False,False,,,,,0,0,https://api.linked-systems.uk/api/schema-org/dataset/2048779,
1347063,urn:gleaner.io:oih:bodc:data:bd81558425c4e1891cba7ef34474c6de6c307422,tier1,True,False,DepBelowSurf,https://vocab.nerc.ac.uk/collection/P01/current/ADEPZZ01/,5.8,300.9,1,0,https://api.linked-systems.uk/api/schema-org/dataset/1347063,
1848176,urn:gleaner.io:oih:bodc:data:7ab1ac13553e7fbec7c180cf47e34be12f9c4eec,tier1,True,False,DepBelowSurf,https://vocab.nerc.ac.uk/collection/P01/current/ADEPZZ01/,9.3,3997.6,1,0,https://api.linked-systems.uk/api/schema-org/dataset/1848176,
2107787,urn:gleaner.io:oih:bodc:data:d7be2e4ecbb0b864505188a8e4fcdc513e3d0cb0,none,False,False,,,,,0,0,https://api.linked-systems.uk/api/schema-org/dataset/2107787,
1928987,urn:gleaner.io:oih:bodc:data:f9a422846179bfb87ff4b4458c69093993232b18,tier1,True,False,DepBelowSurf,https://vocab.nerc.ac.uk/collection/P01/current/ADEPZZ01/,8,104,1,0,https://api.linked-systems.uk/api/schema-org/dataset/1928987,
1347075,urn:gleaner.io:oih:bodc:data:a273a68c8fb0e71685717f9967d2dc26d9f606d0,none,False,False,,,,,0,0,https://api.linked-systems.uk/api/schema-org/dataset/1347075,
2107646,urn:gleaner.io:oih:bodc:data:249c72e59423a8a4b79dd128bb66cf9c727189a8,none,False,False,,,,,0,0,https://api.linked-systems.uk/api/schema-org/dataset/2107646,
1177357,urn:gleaner.io:oih:bodc:data:730f0bf76b2fc5eba61ed6895231855a206388fd,none,False,False,,,,,0,0,https://api.linked-systems.uk/api/schema-org/dataset/1177357,
2004101,urn:gleaner.io:oih:bodc:data:de1ae3f995927c349bb364fd5cd02861cdb85086,tier1,True,False,DepBelowSurf,https://vocab.nerc.ac.uk/collection/P01/current/ADEPZZ01/,10.4,991.1,1,0,https://api.linked-systems.uk/api/schema-org/dataset/2004101,
2004113,urn:gleaner.io:oih:bodc:data:e6fdbaa88e9c0d0fdca16c96faba28bc6f4361cc,tier1,True,False,DepBelowSurf,https://vocab.nerc.ac.uk/collection/P01/current/ADEPZZ01/,9.1,4734.4,1,0,https://api.linked-systems.uk/api/schema-org/dataset/2004113,
2118969,urn:gleaner.io:oih:bodc:data:4e462ffe3d24bf97b07a46e16c45873d1682cb1b,none,False,False,,,,,0,0,https://api.linked-systems.uk/api/schema-org/dataset/2118969,
2048718,urn:gleaner.io:oih:bodc:data:772cde73927ab4705d71a241c6db3ea9ed6cb237,none,False,False,,,,,0,0,https://api.linked-systems.uk/api/schema-org/dataset/2048718,
895626,urn:gleaner.io:oih:bodc:data:7d2c2ca7bd825fbe9eacd56a23eb7b574064e6e7,none,False,False,,,,,0,0,https://api.linked-systems.uk/api/schema-org/dataset/895626,
1177394,urn:gleaner.io:oih:bodc:data:619604569a450007cfa984664997a1c90875e75c,none,False,False,,,,,0,0,https://api.linked-systems.uk/api/schema-org/dataset/1177394,
2026919,urn:gleaner.io:oih:bodc:data:7e8381ef93011684aaa41b2bf55bc70d3a35e566,tier_instrument,False,True,,,,,0,0,https://api.linked-systems.uk/api/schema-org/dataset/2026919,
1880778,urn:gleaner.io:oih:bodc:data:c8161e203ad2ceadaca72a60802f6ec4c09c01f7,tier1,True,False,DepBelowSurf,https://vocab.nerc.ac.uk/collection/P01/current/ADEPZZ01/,3,200,1,0,https://api.linked-systems.uk/api/schema-org/dataset/1880778,
1347419,urn:gleaner.io:oih:bodc:data:97d0bdb65f7fec2301643faaf853fc878cf1a320,tier1,True,False,DepBelowSurf,https://vocab.nerc.ac.uk/collection/P01/current/ADEPZZ01/,6.3,101.2,1,0,https://api.linked-systems.uk/api/schema-org/dataset/1347419,
1880705,urn:gleaner.io:oih:bodc:data:f2d32cafb178da47b44308fb8f9838f71eaca0e7,tier1,True,False,DepBelowSurf,https://vocab.nerc.ac.uk/collection/P01/current/ADEPZZ01/,28,4800,1,0,https://api.linked-systems.uk/api/schema-org/dataset/1880705,
1347179,urn:gleaner.io:oih:bodc:data:e61c449876f5e78375bba14eb45eb3cabd28a320,none,False,False,,,,,0,0,https://api.linked-systems.uk/api/schema-org/dataset/1347179,
1226101,urn:gleaner.io:oih:bodc:data:a282bfcd7bb07e86ec720d8e3601f2d9722849ab,none,False,False,,,,,0,0,https://api.linked-systems.uk/api/schema-org/dataset/1226101,
2001674,urn:gleaner.io:oih:bodc:data:0d2bee5f3988b56b2b27650e052b540d59a9cd85,tier1,True,False,DepBelowSurf,https://vocab.nerc.ac.uk/collection/P01/current/ADEPZZ01/,9.2,103.4,1,0,https://api.linked-systems.uk/api/schema-org/dataset/2001674,
1879600,urn:gleaner.io:oih:bodc:data:bbc97c76666ef2cbb2b223695c37cf4a26a5e03d,tier1,True,False,DepBelowSurf,https://vocab.nerc.ac.uk/collection/P01/current/ADEPZZ01/,,,1,0,https://api.linked-systems.uk/api/schema-org/dataset/1879600,
1816924,urn:gleaner.io:oih:bodc:data:2540cd86f98cf23b5ba5172708ee2ad6521702fa,tier2,False,False,Start_depth,https://vocab.nerc.ac.uk/collection/P01/current/DEPHPRST/,4.96,351.69,0,1,https://api.linked-systems.uk/api/schema-org/dataset/1816924,
2048792,urn:gleaner.io:oih:bodc:data:a1758d515220becb71f3fcba01611088f1828c3f,tier1,True,False,DepBelowSurf,https://vocab.nerc.ac.uk/collection/P01/current/ADEPZZ01/,12,4755,1,0,https://api.linked-systems.uk/api/schema-org/dataset/2048792,
1178011,urn:gleaner.io:oih:bodc:data:c61293b393f3ac294e66dd5d08398f5b454899c5,none,False,False,,,,,0,0,https://api.linked-systems.uk/api/schema-org/dataset/1178011,
2148928,urn:gleaner.io:oih:bodc:data:02e6599885bb3dc7a3568493158f3005d608eae5,none,False,False,,,,,0,0,https://api.linked-systems.uk/api/schema-org/dataset/2148928,
1816739,urn:gleaner.io:oih:bodc:data:2e3149484d521915eba9b7458f978b8cf067ec08,none,False,False,,,,,0,0,https://api.linked-systems.uk/api/schema-org/dataset/1816739,
1177289,urn:gleaner.io:oih:bodc:data:aed9e8490d3c5b795f0d577da1d00794d0cd7a8b,tier2,False,False,BathyDepES_ISL,https://vocab.nerc.ac.uk/collection/P01/current/MBANZZ01/,,,0,1,https://api.linked-systems.uk/api/schema-org/dataset/1177289,
2107566,urn:gleaner.io:oih:bodc:data:e0b8e9fb8b8aa6448aa134df9cf827ac1bdee88c,none,False,False,,,,,0,0,https://api.linked-systems.uk/api/schema-org/dataset/2107566,
1177867,urn:gleaner.io:oih:bodc:data:3cb2126a694bfa252abacbcce1501a008c9ea843,none,False,False,,,,,0,0,https://api.linked-systems.uk/api/schema-org/dataset/1177867,
2014678,urn:gleaner.io:oih:bodc:data:686137d5023c4458acb0a03940ded9662420fafe,tier2,False,False,Start_depth,https://vocab.nerc.ac.uk/collection/P01/current/DEPHPRST/,12.89,104.08,0,1,https://api.linked-systems.uk/api/schema-org/dataset/2014678,
1927892,urn:gleaner.io:oih:bodc:data:7ba20a3cea98f777bd5567bf4bfe75cb7b967ce7,tier1,True,False,DepBelowSurf,https://vocab.nerc.ac.uk/collection/P01/current/ADEPZZ01/,2,80,1,0,https://api.linked-systems.uk/api/schema-org/dataset/1927892,
2138725,urn:gleaner.io:oih:bodc:data:fb4a0e5a4f1468aa923bf4bbba9d34c5045eb4c7,none,False,False,,,,,0,0,https://api.linked-systems.uk/api/schema-org/dataset/2138725,
888132,urn:gleaner.io:oih:bodc:data:9c6d09c31e87d1bbf95f532c8c2e2e9a6580d4db,none,False,False,,,,,0,0,https://api.linked-systems.uk/api/schema-org/dataset/888132,
2004186,urn:gleaner.io:oih:bodc:data:6f4f69419116bcd6fd8d7f0edd85444f8e8efce9,none,False,False,,,,,0,0,https://api.linked-systems.uk/api/schema-org/dataset/2004186,
1347131,urn:gleaner.io:oih:bodc:data:6420d7e94cc74c6b703339e50e98ace18474e258,none,False,False,,,,,0,0,https://api.linked-systems.uk/api/schema-org/dataset/1347131,
1226322,urn:gleaner.io:oih:bodc:data:41a4e912782ad34ad1743bd5f1c5c6a6cc6cae3a,none,False,False,,,,,0,0,https://api.linked-systems.uk/api/schema-org/dataset/1226322,
1346938,urn:gleaner.io:oih:bodc:data:3e1cdf9e067163f862f5428653870c560102537f,tier1,True,False,DepBelowSurf,https://vocab.nerc.ac.uk/collection/P01/current/ADEPZZ01/,6,999,1,0,https://api.linked-systems.uk/api/schema-org/dataset/1346938,
1347223,urn:gleaner.io:oih:bodc:data:842aed5c69de7c249f2ea6e8dbbbd03661e066f4,none,False,False,,,,,0,0,https://api.linked-systems.uk/api/schema-org/dataset/1347223,
1880809,urn:gleaner.io:oih:bodc:data:764204025a9a8c8d97acc57754ce7e08cbd01676,none,False,False,,,,,0,0,https://api.linked-systems.uk/api/schema-org/dataset/1880809,
2148688,urn:gleaner.io:oih:bodc:data:45cd94e215786fa7d57efee657c56905ba408e22,none,False,False,,,,,0,0,https://api.linked-systems.uk/api/schema-org/dataset/2148688,
2107806,urn:gleaner.io:oih:bodc:data:6790a1b3ae431873148c28e69ecfcfb5f236e804,none,False,False,,,,,0,0,https://api.linked-systems.uk/api/schema-org/dataset/2107806,
2148191,urn:gleaner.io:oih:bodc:data:f179af9a2febb9ff4fb83a931cf72767be1a836d,none,False,False,,,,,0,0,https://api.linked-systems.uk/api/schema-org/dataset/2148191,
2111891,urn:gleaner.io:oih:bodc:data:a23cb4e87da334e79196db0a94ef4922f8117df4,none,False,False,,,,,0,0,https://api.linked-systems.uk/api/schema-org/dataset/2111891,
2148455,urn:gleaner.io:oih:bodc:data:d6db39ddfcdc99d67529ac456224e7c6a10e6e70,tier1,True,False,DepBelowSurf,https://vocab.nerc.ac.uk/collection/P01/current/ADEPZZ01/,5.4,294.5,1,0,https://api.linked-systems.uk/api/schema-org/dataset/2148455,
1879648,urn:gleaner.io:oih:bodc:data:fa49e6db0c6d4bae97b6e7f8a480fe370610f8c2,none,False,False,,,,,0,0,https://api.linked-systems.uk/api/schema-org/dataset/1879648,
1922826,urn:gleaner.io:oih:bodc:data:6b93ebb74f9e37d8d506b2d40ee1335bc2dde583,none,False,False,,,,,0,0,https://api.linked-systems.uk/api/schema-org/dataset/1922826,
2111866,urn:gleaner.io:oih:bodc:data:8b3c317b672d70ee6ae4f61b8957175f16b27d27,tier1,True,False,DepBelowSurf,https://vocab.nerc.ac.uk/collection/P01/current/ADEPZZ01/,10,4500,1,0,https://api.linked-systems.uk/api/schema-org/dataset/2111866,
2048706,urn:gleaner.io:oih:bodc:data:0f05c74d16c6f2f2322408e95b03a1413c9b34f0,tier1,True,False,DepBelowSurf,https://vocab.nerc.ac.uk/collection/P01/current/ADEPZZ01/,14.2,99.2,1,0,https://api.linked-systems.uk/api/schema-org/dataset/2048706,
1170997,urn:gleaner.io:oih:bodc:data:266ed8ab13049ffbd6d09634efb66f5cf5a35004,tier2,False,False,BinDep,https://vocab.nerc.ac.uk/collection/P01/current/DBINAA01/,11,407,0,1,https://api.linked-systems.uk/api/schema-org/dataset/1170997,
2148560,urn:gleaner.io:oih:bodc:data:6236e7e65dbb910b935515c074dcc91c5846006d,tier1,True,False,DepBelowSurf,https://vocab.nerc.ac.uk/collection/P01/current/ADEPZZ01/,6.8,301.8,1,0,https://api.linked-systems.uk/api/schema-org/dataset/2148560,
1927984,urn:gleaner.io:oih:bodc:data:8bfa4a0592dab9fb5adfe4b923df72fd557a4f77,none,False,False,,,,,0,0,https://api.linked-systems.uk/api/schema-org/dataset/1927984,
1226162,urn:gleaner.io:oih:bodc:data:c4ab5ba5dabed4e9e08afe2c900a1a6d05e994ad,none,False,False,,,,,0,0,https://api.linked-systems.uk/api/schema-org/dataset/1226162,
2051855,urn:gleaner.io:oih:bodc:data:faa526f63e7136df95da4087ab6707eb708bb37c,tier1,True,False,DepBelowSurf,https://vocab.nerc.ac.uk/collection/P01/current/ADEPZZ01/,9.2,4697.6,1,0,https://api.linked-systems.uk/api/schema-org/dataset/2051855,
1346914,urn:gleaner.io:oih:bodc:data:3c5b79844097923af9583a76b8bd6ffaf993d9e5,tier1,True,False,DepBelowSurf,https://vocab.nerc.ac.uk/collection/P01/current/ADEPZZ01/,5.4,999.9,1,0,https://api.linked-systems.uk/api/schema-org/dataset/1346914,
1929099,urn:gleaner.io:oih:bodc:data:c6d1cf567c03126d01911a532e1cc8259845f849,tier1,True,False,DepBelowSurf,https://vocab.nerc.ac.uk/collection/P01/current/ADEPZZ01/,5.1,4827.5,1,0,https://api.linked-systems.uk/api/schema-org/dataset/1929099,
2148406,urn:gleaner.io:oih:bodc:data:98d6ea59bbc97179ef7442577aca2d8242cd57c2,none,False,False,,,,,0,0,https://api.linked-systems.uk/api/schema-org/dataset/2148406,
1171116,urn:gleaner.io:oih:bodc:data:f433a2d62b7582c7f91810393757fba1861ca318,tier2,False,False,BinDep,https://vocab.nerc.ac.uk/collection/P01/current/DBINAA01/,11,407,0,1,https://api.linked-systems.uk/api/schema-org/dataset/1171116,
1874251,urn:gleaner.io:oih:bodc:data:18a8dfb21e7c9fc4ebf51d4c5b48afd5ebc590c3,none,False,False,,,,,0,0,https://api.linked-systems.uk/api/schema-org/dataset/1874251,
2046970,urn:gleaner.io:oih:bodc:data:9b06085905c7fadd8496760f537a5834b4df8501,none,False,False,,,,,0,0,https://api.linked-systems.uk/api/schema-org/dataset/2046970,
1839401,urn:gleaner.io:oih:bodc:data:2a71a77feddcd6590de21b801b3180d94110b407,none,False,False,,,,,0,0,https://api.linked-systems.uk/api/schema-org/dataset/1839401,
1874318,urn:gleaner.io:oih:bodc:data:49675d2e4ae489ae969b42a66a9d34e74937fdb9,tier1,True,False,DepBelowSurf,https://vocab.nerc.ac.uk/collection/P01/current/ADEPZZ01/,12.4,4799.1,1,0,https://api.linked-systems.uk/api/schema-org/dataset/1874318,
2046195,urn:gleaner.io:oih:bodc:data:733ef02c77c4d0ac44fd23dfc626076403c9fb58,tier1,True,False,DepBelowSurf,https://vocab.nerc.ac.uk/collection/P01/current/ADEPZZ01/,12.8,202.9,1,0,https://api.linked-systems.uk/api/schema-org/dataset/2046195,
1880662,urn:gleaner.io:oih:bodc:data:1f1c837ce9551f6a80cfc758d663158015bf3d8e,none,False,False,,,,,0,0,https://api.linked-systems.uk/api/schema-org/dataset/1880662,
1880754,urn:gleaner.io:oih:bodc:data:798ef64db6e80e38366f7384e840756073069628,tier1,True,False,DepBelowSurf,https://vocab.nerc.ac.uk/collection/P01/current/ADEPZZ01/,3,200,1,0,https://api.linked-systems.uk/api/schema-org/dataset/1880754,
2148050,urn:gleaner.io:oih:bodc:data:6e3444e3b7d45005e1473331704bdfe8996e37d4,none,False,False,,,,,0,0,https://api.linked-systems.uk/api/schema-org/dataset/2148050,
1874287,urn:gleaner.io:oih:bodc:data:a360eea714857ead31e0f60214e8c1da5aa7aec5,tier1,True,False,DepBelowSurf,https://vocab.nerc.ac.uk/collection/P01/current/ADEPZZ01/,13.2,4828,1,0,https://api.linked-systems.uk/api/schema-org/dataset/1874287,
1916869,urn:gleaner.io:oih:bodc:data:980e97f6f6191b73f8313b9bbe4f6de6d3a1c9f6,none,False,False,,,,,0,0,https://api.linked-systems.uk/api/schema-org/dataset/1916869,
1989632,urn:gleaner.io:oih:bodc:data:0017b0da950872eb00e6c5aea7a75e8caac12045,tier1,True,False,DepBelowSurf,https://vocab.nerc.ac.uk/collection/P01/current/ADEPZZ01/,11.6,103,1,0,https://api.linked-systems.uk/api/schema-org/dataset/1989632,
2148897,urn:gleaner.io:oih:bodc:data:3cb2c0411fcdd142eae463818fa7d8883d7709c0,tier1,True,False,DepBelowSurf,https://vocab.nerc.ac.uk/collection/P01/current/ADEPZZ01/,5.8,151.2,1,0,https://api.linked-systems.uk/api/schema-org/dataset/2148897,
1177751,urn:gleaner.io:oih:bodc:data:b5981e0764f04e6548b5ea14fbf459e6e620defe,none,False,False,,,,,0,0,https://api.linked-systems.uk/api/schema-org/dataset/1177751,
2115831,urn:gleaner.io:oih:bodc:data:3dec44a1fc1608d4abd007f5aed34e78e61f9ab8,tier1,True,False,DepBelowSurf,https://vocab.nerc.ac.uk/collection/P01/current/ADEPZZ01/,5.3,100.2,1,0,https://api.linked-systems.uk/api/schema-org/dataset/2115831,
1760008,urn:gleaner.io:oih:bodc:data:273e9681ca7757f9ed90d46475ad2547d28984d6,none,False,False,,,,,0,0,https://api.linked-systems.uk/api/schema-org/dataset/1760008,
2014678,urn:gleaner.io:oih:bodc:data:4e139c5358523afa599560f84f5e14b0f192a700,tier2,False,False,Start_depth,https://vocab.nerc.ac.uk/collection/P01/current/DEPHPRST/,12.89,104.08,0,1,https://api.linked-systems.uk/api/schema-org/dataset/2014678,
2138713,urn:gleaner.io:oih:bodc:data:f73bb1f3913761d258250f9da56e1b26e0e3eb59,tier1,True,False,DepBelowSurf,https://vocab.nerc.ac.uk/collection/P01/current/ADEPZZ01/,9.2,199.8,1,0,https://api.linked-systems.uk/api/schema-org/dataset/2138713,
2107763,urn:gleaner.io:oih:bodc:data:b92f18efa99d894199e7ee94473aac9a54776787,none,False,False,,,,,0,0,https://api.linked-systems.uk/api/schema-org/dataset/2107763,
2073248,urn:gleaner.io:oih:bodc:data:22b3720b01759c3e1a7e1d1d70b34587b0b4b7f7,none,False,False,,,,,0,0,https://api.linked-systems.uk/api/schema-org/dataset/2073248,
2148732,urn:gleaner.io:oih:bodc:data:5c255789f7d59d0e5fc90ab558bd21c85329f60d,none,False,False,,,,,0,0,https://api.linked-systems.uk/api/schema-org/dataset/2148732,
2001649,urn:gleaner.io:oih:bodc:data:b87a93b387159ff5b236114b87c22d598e72022a,none,False,False,,,,,0,0,https://api.linked-systems.uk/api/schema-org/dataset/2001649,
2110710,urn:gleaner.io:oih:bodc:data:dd7b81a659942005104a0c81360ff5ac869c4ad1,tier1,True,False,DepBelowSurf,https://vocab.nerc.ac.uk/collection/P01/current/ADEPZZ01/,5.1,212.6,1,0,https://api.linked-systems.uk/api/schema-org/dataset/2110710,
1874263,urn:gleaner.io:oih:bodc:data:ff44d493f8c85972e892a6060a0ffad9c5180a9b,tier1,True,False,DepBelowSurf,https://vocab.nerc.ac.uk/collection/P01/current/ADEPZZ01/,12.9,1499.6,1,0,https://api.linked-systems.uk/api/schema-org/dataset/1874263,
1347303,urn:gleaner.io:oih:bodc:data:1bcd282a0e071011a50b0c84e05d95a7fc682a71,tier1,True,False,DepBelowSurf,https://vocab.nerc.ac.uk/collection/P01/current/ADEPZZ01/,5,4000,1,0,https://api.linked-systems.uk/api/schema-org/dataset/1347303,
1927714,urn:gleaner.io:oih:bodc:data:742ade17f4ebe6193f80b9c440940571569b9dc8,tier1,True,False,DepBelowSurf,https://vocab.nerc.ac.uk/collection/P01/current/ADEPZZ01/,6,70,1,0,https://api.linked-systems.uk/api/schema-org/dataset/1927714,
2153470,urn:gleaner.io:oih:bodc:data:1b2074b890d8b140b719b72c0afbf90b8418efca,tier1,True,False,DepBelowSurf,https://vocab.nerc.ac.uk/collection/P01/current/ADEPZZ01/,15,1850,1,0,https://api.linked-systems.uk/api/schema-org/dataset/2153470,
2051738,urn:gleaner.io:oih:bodc:data:6ef5e34a5b2e09fe2a6ca66a889381966a5e4c36,tier1,True,False,DepBelowSurf,https://vocab.nerc.ac.uk/collection/P01/current/ADEPZZ01/,9.2,302.4,1,0,https://api.linked-systems.uk/api/schema-org/dataset/2051738,
2148443,urn:gleaner.io:oih:bodc:data:9af7fc4b90a9127e3745de52963bd190b6ab8920,tier1,True,False,DepBelowSurf,https://vocab.nerc.ac.uk/collection/P01/current/ADEPZZ01/,,,1,0,https://api.linked-systems.uk/api/schema-org/dataset/2148443,
2115843,urn:gleaner.io:oih:bodc:data:a4bd64dadf1d3dcc29ebac908ea548ec1d51439c,tier1,True,False,DepBelowSurf,https://vocab.nerc.ac.uk/collection/P01/current/ADEPZZ01/,35,2007.1,1,0,https://api.linked-systems.uk/api/schema-org/dataset/2115843,
1816776,urn:gleaner.io:oih:bodc:data:d6becae3cf59db8a2063df1f1568e7ddd177b177,none,False,False,,,,,0,0,https://api.linked-systems.uk/api/schema-org/dataset/1816776,
1874379,urn:gleaner.io:oih:bodc:data:f1b7be4524d2612957bfbdc4acbd5d1b3339f738,tier1,True,False,DepBelowSurf,https://vocab.nerc.ac.uk/collection/P01/current/ADEPZZ01/,10,350,1,0,https://api.linked-systems.uk/api/schema-org/dataset/1874379,
2048847,urn:gleaner.io:oih:bodc:data:02fe01629e94522b9ad53f84cb9a4d3f3ce083b7,tier2,False,False,SFPG,https://vocab.nerc.ac.uk/collection/P01/current/DEPHFP01/,,,0,1,https://api.linked-systems.uk/api/schema-org/dataset/2048847,
2107578,urn:gleaner.io:oih:bodc:data:832dac585d28b7fc349572095e5dc4188a17c91a,none,False,False,,,,,0,0,https://api.linked-systems.uk/api/schema-org/dataset/2107578,
2046299,urn:gleaner.io:oih:bodc:data:91112a7cb012fa6e19ccd23c0881abf142e08f53,tier1,True,False,DepBelowSurf,https://vocab.nerc.ac.uk/collection/P01/current/ADEPZZ01/,5.6,900.3,1,0,https://api.linked-systems.uk/api/schema-org/dataset/2046299,
2153549,urn:gleaner.io:oih:bodc:data:d987915b8657ed49ffb229857680be0b73b93354,tier1,True,False,DepBelowSurf,https://vocab.nerc.ac.uk/collection/P01/current/ADEPZZ01/,10,4827,1,0,https://api.linked-systems.uk/api/schema-org/dataset/2153549,
1928047,urn:gleaner.io:oih:bodc:data:837ef6d4643cd01fe8f52d16c8a2baa890fb013a,tier1,True,False,DepBelowSurf,https://vocab.nerc.ac.uk/collection/P01/current/ADEPZZ01/,70.2,497.7,1,0,https://api.linked-systems.uk/api/schema-org/dataset/1928047,
1759959,urn:gleaner.io:oih:bodc:data:10d484e6c16329d0c0e62613cf42fec40f47bfa8,none,False,False,,,,,0,0,https://api.linked-systems.uk/api/schema-org/dataset/1759959,
2026618,urn:gleaner.io:oih:bodc:data:3ef8fc307e7a8cd5c46dea696dd22851c40f77d8,tier_instrument,False,True,,,,,0,0,https://api.linked-systems.uk/api/schema-org/dataset/2026618,
1177530,urn:gleaner.io:oih:bodc:data:15d89b85fc41f1ee4b1d70903eb4d60f3530a53d,none,False,False,,,,,0,0,https://api.linked-systems.uk/api/schema-org/dataset/1177530,
1346858,urn:gleaner.io:oih:bodc:data:89aeff7b6d8687f11645a489ff26b819c0361c33,tier1,True,False,DepBelowSurf,https://vocab.nerc.ac.uk/collection/P01/current/ADEPZZ01/,5.8,201.8,1,0,https://api.linked-systems.uk/api/schema-org/dataset/1346858,
2148480,urn:gleaner.io:oih:bodc:data:d61f00e7f443ce8a0e4ac60412177c935f4ce7c5,none,False,False,,,,,0,0,https://api.linked-systems.uk/api/schema-org/dataset/2148480,
1226082,urn:gleaner.io:oih:bodc:data:000c0c736ed67e895bb4cf2e13c1891eadc6fbc6,tier_instrument,False,True,,,,,0,0,https://api.linked-systems.uk/api/schema-org/dataset/1226082,
1816936,urn:gleaner.io:oih:bodc:data:7b9a47c9063ca5e076e6113826e15f69c4de4b18,tier2,False,False,Start_depth,https://vocab.nerc.ac.uk/collection/P01/current/DEPHPRST/,4.96,1001.98,0,1,https://api.linked-systems.uk/api/schema-org/dataset/1816936,
2148781,urn:gleaner.io:oih:bodc:data:4a169e505e8f2d77ca1a3110d310aebfb7e43621,none,False,False,,,,,0,0,https://api.linked-systems.uk/api/schema-org/dataset/2148781,
2048731,urn:gleaner.io:oih:bodc:data:05e389bd0fb756e9b19c59d08894a7d6ef1b0dca,none,False,False,,,,,0,0,https://api.linked-systems.uk/api/schema-org/dataset/2048731,
1226069,urn:gleaner.io:oih:bodc:data:03ef51f92c1f4207ad05393ac75a6187cc475a3b,none,False,False,,,,,0,0,https://api.linked-systems.uk/api/schema-org/dataset/1226069,
2001698,urn:gleaner.io:oih:bodc:data:f39e9c2e6268044dc5598afa3363491eef8c73df,tier1,True,False,DepBelowSurf,https://vocab.nerc.ac.uk/collection/P01/current/ADEPZZ01/,9.7,4705.6,1,0,https://api.linked-systems.uk/api/schema-org/dataset/2001698,
2148013,urn:gleaner.io:oih:bodc:data:44c17a754a1c7f0c4f1964499e082e58ecd85024,none,False,False,,,,,0,0,https://api.linked-systems.uk/api/schema-org/dataset/2148013,
2138701,urn:gleaner.io:oih:bodc:data:1c6b69672cfdbc5d3a834b7b03a7a9f4f092141c,none,False,False,,,,,0,0,https://api.linked-systems.uk/api/schema-org/dataset/2138701,
2153525,urn:gleaner.io:oih:bodc:data:481d8ded08b05250d6622d28a0a1e9f2a25d2eb8,none,False,False,,,,,0,0,https://api.linked-systems.uk/api/schema-org/dataset/2153525,
1347235,urn:gleaner.io:oih:bodc:data:6a5404a21c5d4422836718e9a5b4778f85ec0178,tier1,True,False,DepBelowSurf,https://vocab.nerc.ac.uk/collection/P01/current/ADEPZZ01/,6.1,998.9,1,0,https://api.linked-systems.uk/api/schema-org/dataset/1347235,
2107787,urn:gleaner.io:oih:bodc:data:ee59f923abf363c13be1e79e6eb03a52e49786c9,tier1,True,False,DepBelowSurf,https://vocab.nerc.ac.uk/collection/P01/current/ADEPZZ01/,300,4799,1,0,https://api.linked-systems.uk/api/schema-org/dataset/2107787,
2148467,urn:gleaner.io:oih:bodc:data:8191827aab599ced0f7b7a1d140e34df829c1fa3,tier1,True,False,DepBelowSurf,https://vocab.nerc.ac.uk/collection/P01/current/ADEPZZ01/,5.2,300.7,1,0,https://api.linked-systems.uk/api/schema-org/dataset/2148467,
2148326,urn:gleaner.io:oih:bodc:data:3eda31e4c1d8425af32dfa71b42bc57552d36de4,none,False,False,,,,,0,0,https://api.linked-systems.uk/api/schema-org/dataset/2148326,
1880742,urn:gleaner.io:oih:bodc:data:a5ce8cfa6d41d231619d5b1756ebb31e463ee46c,tier1,True,False,DepBelowSurf,https://vocab.nerc.ac.uk/collection/P01/current/ADEPZZ01/,0,4800,1,0,https://api.linked-systems.uk/api/schema-org/dataset/1880742,
1927880,urn:gleaner.io:oih:bodc:data:fe66c24f518419621cc653d3d8deef491f3f8329,none,False,False,,,,,0,0,https://api.linked-systems.uk/api/schema-org/dataset/1927880,
1778785,urn:gleaner.io:oih:bodc:data:39394fa1d89c1f2cb0832f9c2cbc462d1e411a9a,none,False,False,,,,,0,0,https://api.linked-systems.uk/api/schema-org/dataset/1778785,
2107855,urn:gleaner.io:oih:bodc:data:8ecb2576210d28e6bd5293443e7ed45826c596ad,tier1,True,False,DepBelowSurf,https://vocab.nerc.ac.uk/collection/P01/current/ADEPZZ01/,15,500,1,0,https://api.linked-systems.uk/api/schema-org/dataset/2107855,
2110654,urn:gleaner.io:oih:bodc:data:dc086ceae0bf4ce69a4cf51d8da69d8007d09256,none,False,False,,,,,0,0,https://api.linked-systems.uk/api/schema-org/dataset/2110654,
1928164,urn:gleaner.io:oih:bodc:data:d4541479520fce9a1a31a063b2b572eae938d616,tier1,True,False,DepBelowSurf,https://vocab.nerc.ac.uk/collection/P01/current/ADEPZZ01/,7.3,994.7,1,0,https://api.linked-systems.uk/api/schema-org/dataset/1928164,
2148105,urn:gleaner.io:oih:bodc:data:a94f79eb4312b5c6d13b90347fe0f93309ed9c57,tier1,True,False,DepBelowSurf,https://vocab.nerc.ac.uk/collection/P01/current/ADEPZZ01/,6.3,301,1,0,https://api.linked-systems.uk/api/schema-org/dataset/2148105,
2001674,urn:gleaner.io:oih:bodc:data:9caa913878faccb3a6eab7a5242698eba42d003e,tier1,True,False,DepBelowSurf,https://vocab.nerc.ac.uk/collection/P01/current/ADEPZZ01/,9.2,103.4,1,0,https://api.linked-systems.uk/api/schema-org/dataset/2001674,
2051879,urn:gleaner.io:oih:bodc:data:572c1e24fdf4c21b030d926aad287d45d698d2ed,none,False,False,,,,,0,0,https://api.linked-systems.uk/api/schema-org/dataset/2051879,
1177437,urn:gleaner.io:oih:bodc:data:b745a05a9da03c8c380e0698774e47e8b87f9ff7,none,False,False,,,,,0,0,https://api.linked-systems.uk/api/schema-org/dataset/1177437,
1177911,urn:gleaner.io:oih:bodc:data:7859ddbac5886a1512a9aff37242ea7a38628a81,none,False,False,,,,,0,0,https://api.linked-systems.uk/api/schema-org/dataset/1177911,
876407,urn:gleaner.io:oih:bodc:data:665e12a61a632fecd661b49859d6d38f474021d2,none,False,False,,,,,0,0,https://api.linked-systems.uk/api/schema-org/dataset/876407,
2026655,urn:gleaner.io:oih:bodc:data:cbdde95554afbd6323b41d6393a62e5a10bd6e5b,tier_instrument,False,True,,,,,0,0,https://api.linked-systems.uk/api/schema-org/dataset/2026655,
2048792,urn:gleaner.io:oih:bodc:data:db58edc5b0de4ced73b74d96a476f57e08165f5e,none,False,False,,,,,0,0,https://api.linked-systems.uk/api/schema-org/dataset/2048792,
1927959,urn:gleaner.io:oih:bodc:data:a935a152a56e1cb20ae63ba05fff0f0662a47167,tier1,True,False,DepBelowSurf,https://vocab.nerc.ac.uk/collection/P01/current/ADEPZZ01/,11.3,4816,1,0,https://api.linked-systems.uk/api/schema-org/dataset/1927959,
2046969,urn:gleaner.io:oih:bodc:data:4d44ce9ead21150534b53494b3e612a92da5de33,none,False,False,,,,,0,0,https://api.linked-systems.uk/api/schema-org/dataset/2046969,
2148793,urn:gleaner.io:oih:bodc:data:8ea275c81a8cf8aa812f2edc6a38d6e215acbc3a,none,False,False,,,,,0,0,https://api.linked-systems.uk/api/schema-org/dataset/2148793,
1927818,urn:gleaner.io:oih:bodc:data:c28494d256624086a5c9322f99080c8a755195a3,none,False,False,,,,,0,0,https://api.linked-systems.uk/api/schema-org/dataset/1927818,
1874299,urn:gleaner.io:oih:bodc:data:f313592d305c615be78d760a5af0849adb9296df,none,False,False,,,,,0,0,https://api.linked-systems.uk/api/schema-org/dataset/1874299,
2001637,urn:gleaner.io:oih:bodc:data:7b00bc77f4505ed150500ce0543c498b422b140a,tier1,True,False,DepBelowSurf,https://vocab.nerc.ac.uk/collection/P01/current/ADEPZZ01/,9.1,4734.4,1,0,https://api.linked-systems.uk/api/schema-org/dataset/2001637,
1347303,urn:gleaner.io:oih:bodc:data:6064bac3b635735cec48b473b75dc5da54c5a835,none,False,False,,,,,0,0,https://api.linked-systems.uk/api/schema-org/dataset/1347303,
1879568,urn:gleaner.io:oih:bodc:data:9957d80f3a95e96bc54400ee9679c0aa46e2b68a,tier1,True,False,DepBelowSurf,https://vocab.nerc.ac.uk/collection/P01/current/ADEPZZ01/,5.2,202.1,1,0,https://api.linked-systems.uk/api/schema-org/dataset/1879568,
1927880,urn:gleaner.io:oih:bodc:data:f27141d668d2cc564bb92fb47347f653742b9e7e,tier1,True,False,DepBelowSurf,https://vocab.nerc.ac.uk/collection/P01/current/ADEPZZ01/,5,150,1,0,https://api.linked-systems.uk/api/schema-org/dataset/1927880,
2052754,urn:gleaner.io:oih:bodc:data:11e0feb049f3d1f9f0a357e7791be109d8950818,none,False,False,,,,,0,0,https://api.linked-systems.uk/api/schema-org/dataset/2052754,
1816807,urn:gleaner.io:oih:bodc:data:7335a2094ed03f741fea9ef991280e3b7d395da1,tier2,False,False,Start_depth,https://vocab.nerc.ac.uk/collection/P01/current/DEPHPRST/,4.96,351.68,0,1,https://api.linked-systems.uk/api/schema-org/dataset/1816807,
2107726,urn:gleaner.io:oih:bodc:data:183087e9cfdc1106d3b0d9780307199a798e623b,none,False,False,,,,,0,0,https://api.linked-systems.uk/api/schema-org/dataset/2107726,
2110642,urn:gleaner.io:oih:bodc:data:3c916f6093e12093b344d7cdf47bce3a552ce6b2,tier1,True,False,DepBelowSurf,https://vocab.nerc.ac.uk/collection/P01/current/ADEPZZ01/,9.3,3997.6,1,0,https://api.linked-systems.uk/api/schema-org/dataset/2110642,
1177935,urn:gleaner.io:oih:bodc:data:1004705261f5701595b46d8decc314dd451ce0a4,none,False,False,,,,,0,0,https://api.linked-systems.uk/api/schema-org/dataset/1177935,
2051879,urn:gleaner.io:oih:bodc:data:493ef9ebcdcab6040e4dd976963069abab2de058,tier1,True,False,DepBelowSurf,https://vocab.nerc.ac.uk/collection/P01/current/ADEPZZ01/,8.4,4706.6,1,0,https://api.linked-systems.uk/api/schema-org/dataset/2051879,
1927960,urn:gleaner.io:oih:bodc:data:56682d3d7b0a2298bd53e779a33e5f53505b5d6d,none,False,False,,,,,0,0,https://api.linked-systems.uk/api/schema-org/dataset/1927960,
2106876,urn:gleaner.io:oih:bodc:data:990c00ecebf3ba5a52c51ba6f66ce115e41bdde8,none,False,False,,,,,0,0,https://api.linked-systems.uk/api/schema-org/dataset/2106876,
1225945,urn:gleaner.io:oih:bodc:data:bc2de6358f4a9ade4e528448c3e2f613a8b31a30,none,False,False,,,,,0,0,https://api.linked-systems.uk/api/schema-org/dataset/1225945,
2138774,urn:gleaner.io:oih:bodc:data:e39f8637f8add53982422e6ce95721f8a8b96a24,none,False,False,,,,,0,0,https://api.linked-systems.uk/api/schema-org/dataset/2138774,
2148664,urn:gleaner.io:oih:bodc:data:7dc59af1a8ad6ef5c43347f1997d81d0e4aea52b,none,False,False,,,,,0,0,https://api.linked-systems.uk/api/schema-org/dataset/2148664,
1177370,urn:gleaner.io:oih:bodc:data:ced109a95756e977c3221394d067aa00f78f5327,none,False,False,,,,,0,0,https://api.linked-systems.uk/api/schema-org/dataset/1177370,
1922851,urn:gleaner.io:oih:bodc:data:e68c252efbc7c4670f68ff273d97575b07facdac,none,False,False,,,,,0,0,https://api.linked-systems.uk/api/schema-org/dataset/1922851,
1916833,urn:gleaner.io:oih:bodc:data:fdcbefe1d42856690cc1ff14a6754d85f714374b,none,False,False,,,,,0,0,https://api.linked-systems.uk/api/schema-org/dataset/1916833,
1177321,urn:gleaner.io:oih:bodc:data:f0966ba1f33d397892e58700592db8d8d845e3e6,none,False,False,,,,,0,0,https://api.linked-systems.uk/api/schema-org/dataset/1177321,
2046214,urn:gleaner.io:oih:bodc:data:19e93bfe8e757c158743826a506cf7939d5b870f,none,False,False,,,,,0,0,https://api.linked-systems.uk/api/schema-org/dataset/2046214,
2046970,urn:gleaner.io:oih:bodc:data:255903a656755c84c6b15197c9e41f64d74cb94d,tier2,False,False,BathyDepES_ISL,https://vocab.nerc.ac.uk/collection/P01/current/MBANZZ01/,,,0,1,https://api.linked-systems.uk/api/schema-org/dataset/2046970,
2027818,urn:gleaner.io:oih:bodc:data:6b6a5db93453524b199b435daaaa3e0b30568b68,tier2,False,False,SFPG,https://vocab.nerc.ac.uk/collection/P01/current/DEPHFP01/,,,0,1,https://api.linked-systems.uk/api/schema-org/dataset/2027818,
2148885,urn:gleaner.io:oih:bodc:data:574963a39b10835bbdad9bad8d6dc07895549753,none,False,False,,,,,0,0,https://api.linked-systems.uk/api/schema-org/dataset/2148885,
1880717,urn:gleaner.io:oih:bodc:data:1a6e0d83dafddce23a021ec196eb9513fcad2fa5,tier1,True,False,DepBelowSurf,https://vocab.nerc.ac.uk/collection/P01/current/ADEPZZ01/,6,200,1,0,https://api.linked-systems.uk/api/schema-org/dataset/1880717,
2014691,urn:gleaner.io:oih:bodc:data:28705ed222187f42689935579ce787bad5ad808d,none,False,False,,,,,0,0,https://api.linked-systems.uk/api/schema-org/dataset/2014691,
2014795,urn:gleaner.io:oih:bodc:data:549b425d3f2c4b54e7b81faa2cd2184fa5f7aae3,none,False,False,,,,,0,0,https://api.linked-systems.uk/api/schema-org/dataset/2014795,
1226174,urn:gleaner.io:oih:bodc:data:959727f2da42dd8c93adce27557f8270e1ef2af5,tier_instrument,False,True,,,,,0,0,https://api.linked-systems.uk/api/schema-org/dataset/1226174,
1177308,urn:gleaner.io:oih:bodc:data:40bd93d78ee698be2eb82757e44130898109e2c0,none,False,False,,,,,0,0,https://api.linked-systems.uk/api/schema-org/dataset/1177308,
1836808,urn:gleaner.io:oih:bodc:data:26d4eecc70838a12182a8430775c62f6975c07e0,none,False,False,,,,,0,0,https://api.linked-systems.uk/api/schema-org/dataset/1836808,
2153470,urn:gleaner.io:oih:bodc:data:a04a7afe95a92e219e48194975cde2b4a6848f6f,none,False,False,,,,,0,0,https://api.linked-systems.uk/api/schema-org/dataset/2153470,
1759947,urn:gleaner.io:oih:bodc:data:e7b4a6e208f8d77ecacda3bc1b8dbb5b5db2f0fd,none,False,False,,,,,0,0,https://api.linked-systems.uk/api/schema-org/dataset/1759947,
1927843,urn:gleaner.io:oih:bodc:data:0375db90d8ef4591d6b017cc2a6f9158db0be3e1,tier1,True,False,DepBelowSurf,https://vocab.nerc.ac.uk/collection/P01/current/ADEPZZ01/,60,90,1,0,https://api.linked-systems.uk/api/schema-org/dataset/1927843,
2027855,urn:gleaner.io:oih:bodc:data:718a090d7357aa35a9f683ab3183dce725ac76f5,none,False,False,,,,,0,0,https://api.linked-systems.uk/api/schema-org/dataset/2027855,
2046183,urn:gleaner.io:oih:bodc:data:1dd6d8e770ebe4b840e8848da8f4d3834d5621f4,none,False,False,,,,,0,0,https://api.linked-systems.uk/api/schema-org/dataset/2046183,
2148314,urn:gleaner.io:oih:bodc:data:8f82774b0b43cef22ca028e88d060e1993eb8962,none,False,False,,,,,0,0,https://api.linked-systems.uk/api/schema-org/dataset/2148314,
2148049,urn:gleaner.io:oih:bodc:data:66045a92e52e6f5db695796687240febec16173e,tier1,True,False,DepBelowSurf,https://vocab.nerc.ac.uk/collection/P01/current/ADEPZZ01/,6.8,301.8,1,0,https://api.linked-systems.uk/api/schema-org/dataset/2148049,
1177401,urn:gleaner.io:oih:bodc:data:7b192b3861a4689c90769e9d6ea3c51a1cddbf99,none,False,False,,,,,0,0,https://api.linked-systems.uk/api/schema-org/dataset/1177401,
2148283,urn:gleaner.io:oih:bodc:data:7b194fa10fdce9d3b092747edb662de892bb7e03,tier1,True,False,DepBelowSurf,https://vocab.nerc.ac.uk/collection/P01/current/ADEPZZ01/,6.4,301.4,1,0,https://api.linked-systems.uk/api/schema-org/dataset/2148283,
1347087,urn:gleaner.io:oih:bodc:data:f6ce3f3d5b6c3fb23f73d1efdb7fec77d350ee77,tier1,True,False,DepBelowSurf,https://vocab.nerc.ac.uk/collection/P01/current/ADEPZZ01/,5.7,60.5,1,0,https://api.linked-systems.uk/api/schema-org/dataset/1347087,
2048872,urn:gleaner.io:oih:bodc:data:d2c2c9887cbc1ae8b5afcf944836742f2303f412,none,False,False,,,,,0,0,https://api.linked-systems.uk/api/schema-org/dataset/2048872,
1876675,urn:gleaner.io:oih:bodc:data:628cec99aa92023895497c3bc6b75b800669aa7b,tier1,True,False,DepBelowSurf,https://vocab.nerc.ac.uk/collection/P01/current/ADEPZZ01/,3.4,198.9,1,0,https://api.linked-systems.uk/api/schema-org/dataset/1876675,
1177369,urn:gleaner.io:oih:bodc:data:3cdbbf61dc92da37c65b02035d8e97af44686624,none,False,False,,,,,0,0,https://api.linked-systems.uk/api/schema-org/dataset/1177369,
1927799,urn:gleaner.io:oih:bodc:data:14c07a4a406ba0cb60de6b558c3fa7d7581e4ce4,none,False,False,,,,,0,0,https://api.linked-systems.uk/api/schema-org/dataset/1927799,
1876651,urn:gleaner.io:oih:bodc:data:a4fbfde3ba9bfbac769e5546f4cddc4764aab435,tier1,True,False,DepBelowSurf,https://vocab.nerc.ac.uk/collection/P01/current/ADEPZZ01/,499.7,4820.1,1,0,https://api.linked-systems.uk/api/schema-org/dataset/1876651,
2148154,urn:gleaner.io:oih:bodc:data:ad5b32f39eacc33459df5c126ede7d9658fb61fc,none,False,False,,,,,0,0,https://api.linked-systems.uk/api/schema-org/dataset/2148154,
1346895,urn:gleaner.io:oih:bodc:data:55c2dee2ce13d6a61b9f97c9f281da22d65fd42d,tier1,True,False,DepBelowSurf,https://vocab.nerc.ac.uk/collection/P01/current/ADEPZZ01/,4.9,998.9,1,0,https://api.linked-systems.uk/api/schema-org/dataset/1346895,
1170961,urn:gleaner.io:oih:bodc:data:8d91bf2d11db5b0f3890993084603c9429d028a0,none,False,False,,,,,0,0,https://api.linked-systems.uk/api/schema-org/dataset/1170961,
1226033,urn:gleaner.io:oih:bodc:data:c1d77485f6a0c79f8f4016fbcc05e56d9a096111,tier_instrument,False,True,,,,,0,0,https://api.linked-systems.uk/api/schema-org/dataset/1226033,
2051775,urn:gleaner.io:oih:bodc:data:936e226d3ba74291f0e2585c154f8aa2bb2e655b,none,False,False,,,,,0,0,https://api.linked-systems.uk/api/schema-org/dataset/2051775,
1874355,urn:gleaner.io:oih:bodc:data:a5ddfd438377afe71a50a067067829c1cbae39ce,tier1,True,False,DepBelowSurf,https://vocab.nerc.ac.uk/collection/P01/current/ADEPZZ01/,10,4784,1,0,https://api.linked-systems.uk/api/schema-org/dataset/1874355,
2148326,urn:gleaner.io:oih:bodc:data:5fc4245a55f849a37ed91808fcb7b4c229630146,none,False,False,,,,,0,0,https://api.linked-systems.uk/api/schema-org/dataset/2148326,
1874238,urn:gleaner.io:oih:bodc:data:3d41a9daa71f7877abf8c0ed53c0e38bcafa8690,tier1,True,False,DepBelowSurf,https://vocab.nerc.ac.uk/collection/P01/current/ADEPZZ01/,9.2,4787.1,1,0,https://api.linked-systems.uk/api/schema-org/dataset/1874238,
1226174,urn:gleaner.io:oih:bodc:data:bdc4ab329705f1a7bdf15e252e9e1d3399363759,none,False,False,,,,,0,0,https://api.linked-systems.uk/api/schema-org/dataset/1226174,
2054005,urn:gleaner.io:oih:bodc:data:6ee66215e8f880dbeaf890c1345e711909b74892,tier2,False,False,SFPG,https://vocab.nerc.ac.uk/collection/P01/current/DEPHFP01/,,,0,1,https://api.linked-systems.uk/api/schema-org/dataset/2054005,
2110654,urn:gleaner.io:oih:bodc:data:c6099a5ff4bcd8fc79ad873356d3541147c11dbb,none,False,False,,,,,0,0,https://api.linked-systems.uk/api/schema-org/dataset/2110654,
2118994,urn:gleaner.io:oih:bodc:data:e0754f5d004c2e4e3996f9ed1c9eadd4d136a56a,tier1,True,False,DepBelowSurf,https://vocab.nerc.ac.uk/collection/P01/current/ADEPZZ01/,13.2,4828,1,0,https://api.linked-systems.uk/api/schema-org/dataset/2118994,
1836821,urn:gleaner.io:oih:bodc:data:c82d6ed008891dfcfb13b0f5076f70a1043af8bd,none,False,False,,,,,0,0,https://api.linked-systems.uk/api/schema-org/dataset/1836821,
2026667,urn:gleaner.io:oih:bodc:data:4462ff31095c7301cc3a313976361441d1292f6a,none,False,False,,,,,0,0,https://api.linked-systems.uk/api/schema-org/dataset/2026667,
2138750,urn:gleaner.io:oih:bodc:data:5ef4dbd5dfa9e9775bc1a3ee4062a7b87f59eec4,tier1,True,False,DepBelowSurf,https://vocab.nerc.ac.uk/collection/P01/current/ADEPZZ01/,13.2,104.4,1,0,https://api.linked-systems.uk/api/schema-org/dataset/2138750,
2051806,urn:gleaner.io:oih:bodc:data:59786ab5ba6d2947c89e0694f58e96eeeec50c73,none,False,False,,,,,0,0,https://api.linked-systems.uk/api/schema-org/dataset/2051806,
1880674,urn:gleaner.io:oih:bodc:data:2b0faae074101a8ee775df053464e9a0a8ab0ebd,tier1,True,False,DepBelowSurf,https://vocab.nerc.ac.uk/collection/P01/current/ADEPZZ01/,3,90,1,0,https://api.linked-systems.uk/api/schema-org/dataset/1880674,
1170973,urn:gleaner.io:oih:bodc:data:60df19237037f4df989598cd53553b7f56b36a33,none,False,False,,,,,0,0,https://api.linked-systems.uk/api/schema-org/dataset/1170973,
2051843,urn:gleaner.io:oih:bodc:data:14f71cc23c7f48527cf439a20e34665c4aa24013,none,False,False,,,,,0,0,https://api.linked-systems.uk/api/schema-org/dataset/2051843,
2118994,urn:gleaner.io:oih:bodc:data:1d4212faea80986de3dcea1c0321fd9995da2219,tier1,True,False,DepBelowSurf,https://vocab.nerc.ac.uk/collection/P01/current/ADEPZZ01/,13.2,4828,1,0,https://api.linked-systems.uk/api/schema-org/dataset/2118994,
1874331,urn:gleaner.io:oih:bodc:data:30cfc2b2ea0dbb8225d8e4267290c8c73a13531a,none,False,False,,,,,0,0,https://api.linked-systems.uk/api/schema-org/dataset/1874331,
1989632,urn:gleaner.io:oih:bodc:data:743a1f45589f2bf46854322255a9a6f686e88bf0,none,False,False,,,,,0,0,https://api.linked-systems.uk/api/schema-org/dataset/1989632,
1922838,urn:gleaner.io:oih:bodc:data:183775b38f2b925eccc6df3a96eac74495582941,none,False,False,,,,,0,0,https://api.linked-systems.uk/api/schema-org/dataset/1922838,
2118970,urn:gleaner.io:oih:bodc:data:5deac4dd2e5174ab99db1e6276a1a484efc2f9e6,tier1,True,False,DepBelowSurf,https://vocab.nerc.ac.uk/collection/P01/current/ADEPZZ01/,12.9,1499.6,1,0,https://api.linked-systems.uk/api/schema-org/dataset/2118970,
1346963,urn:gleaner.io:oih:bodc:data:7a4757dd88b881b7d9c8ec1ab51f8832dcf5f1a3,none,False,False,,,,,0,0,https://api.linked-systems.uk/api/schema-org/dataset/1346963,
1929014,urn:gleaner.io:oih:bodc:data:f2115cf4d73b19178f6f974e55843618d362e46d,tier1,True,False,DepBelowSurf,https://vocab.nerc.ac.uk/collection/P01/current/ADEPZZ01/,5,4827.9,1,0,https://api.linked-systems.uk/api/schema-org/dataset/1929014,
2004174,urn:gleaner.io:oih:bodc:data:11fb367706f1ea6562ed2f725555c3b8dbb97bd5,none,False,False,,,,,0,0,https://api.linked-systems.uk/api/schema-org/dataset/2004174,
2046435,urn:gleaner.io:oih:bodc:data:e0b99a7dd2d31a33bc91bed6272668b9aad12aa5,none,False,False,,,,,0,0,https://api.linked-systems.uk/api/schema-org/dataset/2046435,
1177867,urn:gleaner.io:oih:bodc:data:1e2977c49a5efcc6995fbb10d0bff3a2c5b25724,none,False,False,,,,,0,0,https://api.linked-systems.uk/api/schema-org/dataset/1177867,
2014771,urn:gleaner.io:oih:bodc:data:5e835017625f47517179c5ae9beca0338a37aac1,tier2,False,False,Start_depth,https://vocab.nerc.ac.uk/collection/P01/current/DEPHPRST/,6.94,102.1,0,1,https://api.linked-systems.uk/api/schema-org/dataset/2014771,
2004198,urn:gleaner.io:oih:bodc:data:1a4e80746d9afcd80e1426da4665909d4285671d,none,False,False,,,,,0,0,https://api.linked-systems.uk/api/schema-org/dataset/2004198,
1177634,urn:gleaner.io:oih:bodc:data:cc1883b2c25b4c5e1802825fc7ac946a339336f6,none,False,False,,,,,0,0,https://api.linked-systems.uk/api/schema-org/dataset/1177634,
1225908,urn:gleaner.io:oih:bodc:data:876941d74927d962d82c5d34d0ba1cfe55df1278,tier_instrument,False,True,,,,,0,0,https://api.linked-systems.uk/api/schema-org/dataset/1225908,
1874343,urn:gleaner.io:oih:bodc:data:39bc7c22fcac550b04bd4d047d0f2386376d1940,tier1,True,False,DepBelowSurf,https://vocab.nerc.ac.uk/collection/P01/current/ADEPZZ01/,5,100,1,0,https://api.linked-systems.uk/api/schema-org/dataset/1874343,
1347315,urn:gleaner.io:oih:bodc:data:54a8fb6847eebf20f5db077da173f327633dd631,none,False,False,,,,,0,0,https://api.linked-systems.uk/api/schema-org/dataset/1347315,
1879568,urn:gleaner.io:oih:bodc:data:32f14f72e4eceb3816589c17b09a265a66cd54a4,none,False,False,,,,,0,0,https://api.linked-systems.uk/api/schema-org/dataset/1879568,
1225908,urn:gleaner.io:oih:bodc:data:4e5d7c9475e0b73dd33d2a6cfb46f81e83c3f604,none,False,False,,,,,0,0,https://api.linked-systems.uk/api/schema-org/dataset/1225908,
888088,urn:gleaner.io:oih:bodc:data:a584c9034fb79e6e7e2b53c9c1823985ad11ec52,none,False,False,,,,,0,0,https://api.linked-systems.uk/api/schema-org/dataset/888088,
2107610,urn:gleaner.io:oih:bodc:data:2a26be79b0a86b728ef97253fc297c08d648f5e2,tier1,True,False,DepBelowSurf,https://vocab.nerc.ac.uk/collection/P01/current/ADEPZZ01/,24.7,989.1,1,0,https://api.linked-systems.uk/api/schema-org/dataset/2107610,
1927702,urn:gleaner.io:oih:bodc:data:77c9faaed2629d4fce1ea834eb627a98f85a4bec,none,False,False,,,,,0,0,https://api.linked-systems.uk/api/schema-org/dataset/1927702,
2051831,urn:gleaner.io:oih:bodc:data:eb711baa22d55b465a4ab03954297828816f1825,tier1,True,False,DepBelowSurf,https://vocab.nerc.ac.uk/collection/P01/current/ADEPZZ01/,8.2,504,1,0,https://api.linked-systems.uk/api/schema-org/dataset/2051831,
888132,urn:gleaner.io:oih:bodc:data:6257a16249db3ba050d11b1b1a3a573d394b5622,none,False,False,,,,,0,0,https://api.linked-systems.uk/api/schema-org/dataset/888132,
1346963,urn:gleaner.io:oih:bodc:data:b70d612a4282d4c76312bc6832e00fc5743dc8b9,tier1,True,False,DepBelowSurf,https://vocab.nerc.ac.uk/collection/P01/current/ADEPZZ01/,6.3,998.5,1,0,https://api.linked-systems.uk/api/schema-org/dataset/1346963,
1177806,urn:gleaner.io:oih:bodc:data:e369428e7b1bd29c7c56857b0461506bfbe24a7d,none,False,False,,,,,0,0,https://api.linked-systems.uk/api/schema-org/dataset/1177806,
1927959,urn:gleaner.io:oih:bodc:data:62017a9a1a45071f91cf21426dfd21804f1e875e,none,False,False,,,,,0,0,https://api.linked-systems.uk/api/schema-org/dataset/1927959,
1226033,urn:gleaner.io:oih:bodc:data:f985804a17781932067e8d453b0791e8be97e8b4,none,False,False,,,,,0,0,https://api.linked-systems.uk/api/schema-org/dataset/1226033,
2115831,urn:gleaner.io:oih:bodc:data:06e23817b95fe9dda3623fbd1c41a2fd9e509ff8,tier1,True,False,DepBelowSurf,https://vocab.nerc.ac.uk/collection/P01/current/ADEPZZ01/,5.3,100.2,1,0,https://api.linked-systems.uk/api/schema-org/dataset/2115831,
1177529,urn:gleaner.io:oih:bodc:data:c56f87fc66291a172267724b6c237e4e83584377,none,False,False,,,,,0,0,https://api.linked-systems.uk/api/schema-org/dataset/1177529,
1177880,urn:gleaner.io:oih:bodc:data:2b8a53c55a6a0c208ae344c3863fd2d960223cb5,none,False,False,,,,,0,0,https://api.linked-systems.uk/api/schema-org/dataset/1177880,
1171000,urn:gleaner.io:oih:bodc:data:ce0d09350612d62cb44b4ab7dfbb235a1a0c027e,tier2,False,False,BinDep,https://vocab.nerc.ac.uk/collection/P01/current/DBINAA01/,11,407,0,1,https://api.linked-systems.uk/api/schema-org/dataset/1171000,
2001705,urn:gleaner.io:oih:bodc:data:b45afdbafcea35b963d78e2b1daa584144cbe633,none,False,False,,,,,0,0,https://api.linked-systems.uk/api/schema-org/dataset/2001705,
1170740,urn:gleaner.io:oih:bodc:data:0476cf864f882fd56902a5dcefebbde34624a005,tier2,False,False,BinDep,https://vocab.nerc.ac.uk/collection/P01/current/DBINAA01/,11,407,0,1,https://api.linked-systems.uk/api/schema-org/dataset/1170740,
1927806,urn:gleaner.io:oih:bodc:data:f0a8d93f56feef75d2f22ea342ac1099176ee5ff,tier1,True,False,DepBelowSurf,https://vocab.nerc.ac.uk/collection/P01/current/ADEPZZ01/,2,25,1,0,https://api.linked-systems.uk/api/schema-org/dataset/1927806,
1177321,urn:gleaner.io:oih:bodc:data:1214f2b56fa65653f26700482b5ada382f80f85d,none,False,False,,,,,0,0,https://api.linked-systems.uk/api/schema-org/dataset/1177321,
2004217,urn:gleaner.io:oih:bodc:data:6b7cdf0f3b7455a0357ceb9776606056621e4992,none,False,False,,,,,0,0,https://api.linked-systems.uk/api/schema-org/dataset/2004217,
2148178,urn:gleaner.io:oih:bodc:data:41f1a92d7ef84d1f221167f3ec1b04d205a116c4,tier1,True,False,DepBelowSurf,https://vocab.nerc.ac.uk/collection/P01/current/ADEPZZ01/,4.7,300.7,1,0,https://api.linked-systems.uk/api/schema-org/dataset/2148178,
895651,urn:gleaner.io:oih:bodc:data:896765a1c8c3008d54c8b6b481e5bc9d8397f903,none,False,False,,,,,0,0,https://api.linked-systems.uk/api/schema-org/dataset/895651,
1225933,urn:gleaner.io:oih:bodc:data:9401a4d354edb6a8f25992a198c65dc3e2827b79,tier_instrument,False,True,,,,,0,0,https://api.linked-systems.uk/api/schema-org/dataset/1225933,
2001662,urn:gleaner.io:oih:bodc:data:e5c449f37541c4f4cf958cf429dd981ea17b3445,tier1,True,False,DepBelowSurf,https://vocab.nerc.ac.uk/collection/P01/current/ADEPZZ01/,11.7,4727,1,0,https://api.linked-systems.uk/api/schema-org/dataset/2001662,
2046214,urn:gleaner.io:oih:bodc:data:018de34d924039593defe41df175eb268b0e8711,none,False,False,,,,,0,0,https://api.linked-systems.uk/api/schema-org/dataset/2046214,
1177658,urn:gleaner.io:oih:bodc:data:35fa17c9ee193a6ff5612e5ff35906418a36db4e,none,False,False,,,,,0,0,https://api.linked-systems.uk/api/schema-org/dataset/1177658,
2148639,urn:gleaner.io:oih:bodc:data:7c24463608bdf881c1831c0c0a99db6db36d6ef1,none,False,False,,,,,0,0,https://api.linked-systems.uk/api/schema-org/dataset/2148639,
2051855,urn:gleaner.io:oih:bodc:data:8ee726ceebf6c3ca41d19def02044104af9582e2,none,False,False,,,,,0,0,https://api.linked-systems.uk/api/schema-org/dataset/2051855,
2148572,urn:gleaner.io:oih:bodc:data:8cc5813e850d516ea165a286026edd6f5654d806,none,False,False,,,,,0,0,https://api.linked-systems.uk/api/schema-org/dataset/2148572,
2004150,urn:gleaner.io:oih:bodc:data:2f9ab11c07e274b26d38e49ba5b98d6c3886b94c,tier1,True,False,DepBelowSurf,https://vocab.nerc.ac.uk/collection/P01/current/ADEPZZ01/,9.2,103.4,1,0,https://api.linked-systems.uk/api/schema-org/dataset/2004150,
2107806,urn:gleaner.io:oih:bodc:data:305bf26dfe228231d32b9dd064b40907d9f032f1,none,False,False,,,,,0,0,https://api.linked-systems.uk/api/schema-org/dataset/2107806,
1874299,urn:gleaner.io:oih:bodc:data:854e99f480393ab3e8f141ed59c0588ec4bf5e8e,none,False,False,,,,,0,0,https://api.linked-systems.uk/api/schema-org/dataset/1874299,
1874306,urn:gleaner.io:oih:bodc:data:e4eb2bea7cca67e397aa815f1ce8e4b31d5bbcfc,none,False,False,,,,,0,0,https://api.linked-systems.uk/api/schema-org/dataset/1874306,
2106876,urn:gleaner.io:oih:bodc:data:1a4b36920c272b3614896ca4cb19042a153de3ea,none,False,False,,,,,0,0,https://api.linked-systems.uk/api/schema-org/dataset/2106876,
1346858,urn:gleaner.io:oih:bodc:data:6b3005cb5b55432a8c0dd41ed208d1c7c45ec118,none,False,False,,,,,0,0,https://api.linked-systems.uk/api/schema-org/dataset/1346858,
1170739,urn:gleaner.io:oih:bodc:data:20f09199139c68a4a824a357838806a928152bf1,none,False,False,,,,,0,0,https://api.linked-systems.uk/api/schema-org/dataset/1170739,
2148479,urn:gleaner.io:oih:bodc:data:51b60c99ad5360b3186ae8df772f1f96b3b2dd04,tier1,True,False,DepBelowSurf,https://vocab.nerc.ac.uk/collection/P01/current/ADEPZZ01/,5.5,301.2,1,0,https://api.linked-systems.uk/api/schema-org/dataset/2148479,
1347388,urn:gleaner.io:oih:bodc:data:9aa06b87cd2ee3994c2f0cb91142133425c103a4,none,False,False,,,,,0,0,https://api.linked-systems.uk/api/schema-org/dataset/1347388,
2053991,urn:gleaner.io:oih:bodc:data:d814ccbfafa04779e5fa92203c3be97729cad06a,none,False,False,,,,,0,0,https://api.linked-systems.uk/api/schema-org/dataset/2053991,
2148688,urn:gleaner.io:oih:bodc:data:af807f65a6d6a002dd6999e874ac817eaabbcf93,none,False,False,,,,,0,0,https://api.linked-systems.uk/api/schema-org/dataset/2148688,
888193,urn:gleaner.io:oih:bodc:data:b7c8de6242d669f69f12ae0b604f070e3b8b376e,none,False,False,,,,,0,0,https://api.linked-systems.uk/api/schema-org/dataset/888193,
2138749,urn:gleaner.io:oih:bodc:data:bcacc28c3e250111db8873dbda54a14995867943,tier1,True,False,DepBelowSurf,https://vocab.nerc.ac.uk/collection/P01/current/ADEPZZ01/,11.6,101.9,1,0,https://api.linked-systems.uk/api/schema-org/dataset/2138749,
1874392,urn:gleaner.io:oih:bodc:data:003f7d11d796c5fdceb33afcafa796b2fd663309,tier1,True,False,DepBelowSurf,https://vocab.nerc.ac.uk/collection/P01/current/ADEPZZ01/,5,100,1,0,https://api.linked-systems.uk/api/schema-org/dataset/1874392,
2074669,urn:gleaner.io:oih:bodc:data:8d2bf388ab68480e700521e0573d094a0e108b8c,none,False,False,,,,,0,0,https://api.linked-systems.uk/api/schema-org/dataset/2074669,
1177566,urn:gleaner.io:oih:bodc:data:d1f9ffd1ddd9a2cc41fc8c7197f95103c6d84e4a,none,False,False,,,,,0,0,https://api.linked-systems.uk/api/schema-org/dataset/1177566,
2107591,urn:gleaner.io:oih:bodc:data:ec7f0d529754ab3ca70666b86351397931c18162,tier1,True,False,DepBelowSurf,https://vocab.nerc.ac.uk/collection/P01/current/ADEPZZ01/,10.1,998,1,0,https://api.linked-systems.uk/api/schema-org/dataset/2107591,
1880662,urn:gleaner.io:oih:bodc:data:4b60dd396b428499d9f057e16556f6a65fb781e4,none,False,False,,,,,0,0,https://api.linked-systems.uk/api/schema-org/dataset/1880662,
1928060,urn:gleaner.io:oih:bodc:data:76c3fc1cb533f3ffc56f721249428306b29a3dc0,tier1,True,False,DepBelowSurf,https://vocab.nerc.ac.uk/collection/P01/current/ADEPZZ01/,10.6,69.4,1,0,https://api.linked-systems.uk/api/schema-org/dataset/1928060,
2046435,urn:gleaner.io:oih:bodc:data:9fe8afc3d26c8f4092216618bb854937bd148e37,none,False,False,,,,,0,0,https://api.linked-systems.uk/api/schema-org/dataset/2046435,
2046146,urn:gleaner.io:oih:bodc:data:05a508753cc76dfae88b8db3823a8ecbbe81ee1a,tier2,False,False,SFPG,https://vocab.nerc.ac.uk/collection/P01/current/DEPHFP01/,,,0,1,https://api.linked-systems.uk/api/schema-org/dataset/2046146,
1876651,urn:gleaner.io:oih:bodc:data:0ff3613b4e2a8c77d1a262ce5edc56869e8f6e41,none,False,False,,,,,0,0,https://api.linked-systems.uk/api/schema-org/dataset/1876651,
2148443,urn:gleaner.io:oih:bodc:data:512cddd9a4d4d64f65a9b20576adb64cd1136f8f,none,False,False,,,,,0,0,https://api.linked-systems.uk/api/schema-org/dataset/2148443,
2004137,urn:gleaner.io:oih:bodc:data:2e4cf1714904b75743510f9f303b7b049ca671fb,tier1,True,False,DepBelowSurf,https://vocab.nerc.ac.uk/collection/P01/current/ADEPZZ01/,11.6,103,1,0,https://api.linked-systems.uk/api/schema-org/dataset/2004137,
1879544,urn:gleaner.io:oih:bodc:data:688b1fe5d5099732e217f9f939012e894eb2084c,tier1,True,False,DepBelowSurf,https://vocab.nerc.ac.uk/collection/P01/current/ADEPZZ01/,4.3,4004.9,1,0,https://api.linked-systems.uk/api/schema-org/dataset/1879544,
2148129,urn:gleaner.io:oih:bodc:data:6f2c7e3fe7cd847c62048ddadb7f7ce7713a451d,tier1,True,False,DepBelowSurf,https://vocab.nerc.ac.uk/collection/P01/current/ADEPZZ01/,6,301.2,1,0,https://api.linked-systems.uk/api/schema-org/dataset/2148129,
2138725,urn:gleaner.io:oih:bodc:data:bdcaf6cf25b18c6ccb141cca61722d710462e84a,tier1,True,False,DepBelowSurf,https://vocab.nerc.ac.uk/collection/P01/current/ADEPZZ01/,12.3,501,1,0,https://api.linked-systems.uk/api/schema-org/dataset/2138725,
2138798,urn:gleaner.io:oih:bodc:data:2226a1ab46d746e990e2bc63a453236b2e191e40,tier1,True,False,DepBelowSurf,https://vocab.nerc.ac.uk/collection/P01/current/ADEPZZ01/,10.5,151.9,1,0,https://api.linked-systems.uk/api/schema-org/dataset/2138798,
1916882,urn:gleaner.io:oih:bodc:data:fd948439e046a5d07c6cb47068c1485391eea718,none,False,False,,,,,0,0,https://api.linked-systems.uk/api/schema-org/dataset/1916882,
1927947,urn:gleaner.io:oih:bodc:data:6009276d383376f5cdcd0604daf75e5c5d3a9c53,none,False,False,,,,,0,0,https://api.linked-systems.uk/api/schema-org/dataset/1927947,
1879600,urn:gleaner.io:oih:bodc:data:78dbae527b99f23a07649b5fc4f3b404d8b442f1,tier1,True,False,DepBelowSurf,https://vocab.nerc.ac.uk/collection/P01/current/ADEPZZ01/,,,1,0,https://api.linked-systems.uk/api/schema-org/dataset/1879600,
1177702,urn:gleaner.io:oih:bodc:data:d942a704139197186285d8cc3ec6e8be89bf8268,none,False,False,,,,,0,0,https://api.linked-systems.uk/api/schema-org/dataset/1177702,
2148191,urn:gleaner.io:oih:bodc:data:0f09a5655403bbe4ddd510402627618cbb1647f6,none,False,False,,,,,0,0,https://api.linked-systems.uk/api/schema-org/dataset/2148191,
1927947,urn:gleaner.io:oih:bodc:data:8bdf4ad3224149c0fe33d2af3b959849246ac8f1,tier1,True,False,DepBelowSurf,https://vocab.nerc.ac.uk/collection/P01/current/ADEPZZ01/,5.2,202.1,1,0,https://api.linked-systems.uk/api/schema-org/dataset/1927947,
2111830,urn:gleaner.io:oih:bodc:data:d7c447ce3471e4e1bf323cc400161c67ac208ed7,tier1,True,False,DepBelowSurf,https://vocab.nerc.ac.uk/collection/P01/current/ADEPZZ01/,5.6,4796.6,1,0,https://api.linked-systems.uk/api/schema-org/dataset/2111830,
1177345,urn:gleaner.io:oih:bodc:data:62f5094cb753cbc97df31e16a871d8565beba7d7,none,False,False,,,,,0,0,https://api.linked-systems.uk/api/schema-org/dataset/1177345,
2148744,urn:gleaner.io:oih:bodc:data:0a2ee79d91a7e27ac0b517c908c152e55aeb11fa,tier1,True,False,DepBelowSurf,https://vocab.nerc.ac.uk/collection/P01/current/ADEPZZ01/,4.9,300,1,0,https://api.linked-systems.uk/api/schema-org/dataset/2148744,
2148560,urn:gleaner.io:oih:bodc:data:5e5225c5b0f2a65c243598b8a64389c6378f2d4f,none,False,False,,,,,0,0,https://api.linked-systems.uk/api/schema-org/dataset/2148560,
2001650,urn:gleaner.io:oih:bodc:data:888e63c6753dec67df95ebae581f436023fce29b,none,False,False,,,,,0,0,https://api.linked-systems.uk/api/schema-org/dataset/2001650,
1177818,urn:gleaner.io:oih:bodc:data:c609580edecfde58f4764a3858e66161c61b9c67,none,False,False,,,,,0,0,https://api.linked-systems.uk/api/schema-org/dataset/1177818,
888181,urn:gleaner.io:oih:bodc:data:62cde8f63124e6281e19b9c83baf6e5d7120880f,none,False,False,,,,,0,0,https://api.linked-systems.uk/api/schema-org/dataset/888181,
2052103,urn:gleaner.io:oih:bodc:data:bec648149d9e0edbfde3b4db7d93dbe6f3e86e09,none,False,False,,,,,0,0,https://api.linked-systems.uk/api/schema-org/dataset/2052103,
2107646,urn:gleaner.io:oih:bodc:data:80494650763eefc3e9d181aec0a3aad0629b8326,tier1,True,False,DepBelowSurf,https://vocab.nerc.ac.uk/collection/P01/current/ADEPZZ01/,25,200,1,0,https://api.linked-systems.uk/api/schema-org/dataset/2107646,
1347180,urn:gleaner.io:oih:bodc:data:da4b0fbfdd735007a8310713de84ecf5ce26f807,tier1,True,False,DepBelowSurf,https://vocab.nerc.ac.uk/collection/P01/current/ADEPZZ01/,6.5,997.2,1,0,https://api.linked-systems.uk/api/schema-org/dataset/1347180,
2118982,urn:gleaner.io:oih:bodc:data:93d92a808edb020c423969983f45db38e625f50e,none,False,False,,,,,0,0,https://api.linked-systems.uk/api/schema-org/dataset/2118982,
1347352,urn:gleaner.io:oih:bodc:data:e659ed400556b32d984be7812a47a3ef69ba4509,none,False,False,,,,,0,0,https://api.linked-systems.uk/api/schema-org/dataset/1347352,
2148885,urn:gleaner.io:oih:bodc:data:e90bd2d42841e8295e6fafd5784bbe40d49c11be,none,False,False,,,,,0,0,https://api.linked-systems.uk/api/schema-org/dataset/2148885,
888200,urn:gleaner.io:oih:bodc:data:0afdc5e7218dbb03f1f3b45b76de68f403e35f72,none,False,False,,,,,0,0,https://api.linked-systems.uk/api/schema-org/dataset/888200,
2051892,urn:gleaner.io:oih:bodc:data:07c95705bdf8b976d3fefd6672a4c003ec40fc7c,none,False,False,,,,,0,0,https://api.linked-systems.uk/api/schema-org/dataset/2051892,
1347407,urn:gleaner.io:oih:bodc:data:13654ddeee37dc586648730006e4f24052487a4a,tier1,True,False,DepBelowSurf,https://vocab.nerc.ac.uk/collection/P01/current/ADEPZZ01/,6.1,152.6,1,0,https://api.linked-systems.uk/api/schema-org/dataset/1347407,
1989607,urn:gleaner.io:oih:bodc:data:a365c79d0bdcc4ef3bf54907197337443613bc8a,none,False,False,,,,,0,0,https://api.linked-systems.uk/api/schema-org/dataset/1989607,
1177751,urn:gleaner.io:oih:bodc:data:0be5aa31dd96eeb34799eafc02d2e8233d2da021,none,False,False,,,,,0,0,https://api.linked-systems.uk/api/schema-org/dataset/1177751,
2148885,urn:gleaner.io:oih:bodc:data:d5df23ebc0961c6b276f319956c43b353ef31ac8,tier1,True,False,DepBelowSurf,https://vocab.nerc.ac.uk/collection/P01/current/ADEPZZ01/,6,51.2,1,0,https://api.linked-systems.uk/api/schema-org/dataset/2148885,
2001674,urn:gleaner.io:oih:bodc:data:c287c72c2d3cfa5ab66528de9b0c507d34eaa937,none,False,False,,,,,0,0,https://api.linked-systems.uk/api/schema-org/dataset/2001674,
1880698,urn:gleaner.io:oih:bodc:data:99f46245768c733dce8289ca9486d8ea3fe588a9,none,False,False,,,,,0,0,https://api.linked-systems.uk/api/schema-org/dataset/1880698,
2074725,urn:gleaner.io:oih:bodc:data:30c723b583ca2d7be1b698bde70179a6432705c3,none,False,False,,,,,0,0,https://api.linked-systems.uk/api/schema-org/dataset/2074725,
2148431,urn:gleaner.io:oih:bodc:data:dcb9a21d27217ea4fb2617bf02e628cb8146f0a3,none,False,False,,,,,0,0,https://api.linked-systems.uk/api/schema-org/dataset/2148431,
1177880,urn:gleaner.io:oih:bodc:data:125716c89dfff7970fe62e04d0b96adefbec6572,none,False,False,,,,,0,0,https://api.linked-systems.uk/api/schema-org/dataset/1177880,
2148928,urn:gleaner.io:oih:bodc:data:c364b75cdc27568e6ca241d9c4b40360c0241611,none,False,False,,,,,0,0,https://api.linked-systems.uk/api/schema-org/dataset/2148928,
2148603,urn:gleaner.io:oih:bodc:data:2bf64ea5bd65a51ab71a20c18e8c96b5d66acc41,none,False,False,,,,,0,0,https://api.linked-systems.uk/api/schema-org/dataset/2148603,
2013012,urn:gleaner.io:oih:bodc:data:5dd041b8c5257c4f6ba232085dfe25466dccf1e4,none,False,False,,,,,0,0,https://api.linked-systems.uk/api/schema-org/dataset/2013012,
1874263,urn:gleaner.io:oih:bodc:data:c559cc05e553e9ed7fb387a7d929bcd046ed6ba8,tier1,True,False,DepBelowSurf,https://vocab.nerc.ac.uk/collection/P01/current/ADEPZZ01/,12.9,1499.6,1,0,https://api.linked-systems.uk/api/schema-org/dataset/1874263,
1347407,urn:gleaner.io:oih:bodc:data:55af4725d6e5537e0a63a3ea4cbc65c8098ee82d,none,False,False,,,,,0,0,https://api.linked-systems.uk/api/schema-org/dataset/1347407,
2046355,urn:gleaner.io:oih:bodc:data:9a228521c7a288abddd0bbea427be3e68a83997e,none,False,False,,,,,0,0,https://api.linked-systems.uk/api/schema-org/dataset/2046355,
1876687,urn:gleaner.io:oih:bodc:data:854fe56e4dc93e004e5e6d504b90818816e98771,none,False,False,,,,,0,0,https://api.linked-systems.uk/api/schema-org/dataset/1876687,
1874367,urn:gleaner.io:oih:bodc:data:faca69bbc143aee12af6f18e2d702a5819d801a9,none,False,False,,,,,0,0,https://api.linked-systems.uk/api/schema-org/dataset/1874367,
2115879,urn:gleaner.io:oih:bodc:data:542359690350e46820ed57231e1cfe2b154b50d3,tier1,True,False,DepBelowSurf,https://vocab.nerc.ac.uk/collection/P01/current/ADEPZZ01/,20.6,4826.7,1,0,https://api.linked-systems.uk/api/schema-org/dataset/2115879,
2026606,urn:gleaner.io:oih:bodc:data:7a1e1141694e3a5bea5a0c9aa10150c218b92cc9,none,False,False,,,,,0,0,https://api.linked-systems.uk/api/schema-org/dataset/2026606,
2118957,urn:gleaner.io:oih:bodc:data:e2aba2a10e195faf11eff88421a625a299a206b6,tier1,True,False,DepBelowSurf,https://vocab.nerc.ac.uk/collection/P01/current/ADEPZZ01/,9.2,4786.9,1,0,https://api.linked-systems.uk/api/schema-org/dataset/2118957,
2004186,urn:gleaner.io:oih:bodc:data:9abdaef43e4a007fb43637571f0bff5adb0e1e63,none,False,False,,,,,0,0,https://api.linked-systems.uk/api/schema-org/dataset/2004186,
1177634,urn:gleaner.io:oih:bodc:data:66f7a37a64a694058f9addaee7e9bf99d22acb9f,none,False,False,,,,,0,0,https://api.linked-systems.uk/api/schema-org/dataset/1177634,
1876638,urn:gleaner.io:oih:bodc:data:3b45511032b1244031fced67d02a25ceec9e6c09,tier1,True,False,DepBelowSurf,https://vocab.nerc.ac.uk/collection/P01/current/ADEPZZ01/,3.4,209.9,1,0,https://api.linked-systems.uk/api/schema-org/dataset/1876638,
2115879,urn:gleaner.io:oih:bodc:data:2222334c04ebe0b68be77fe0258a33c7d97ef3ff,tier1,True,False,DepBelowSurf,https://vocab.nerc.ac.uk/collection/P01/current/ADEPZZ01/,20.6,4826.7,1,0,https://api.linked-systems.uk/api/schema-org/dataset/2115879,
1225804,urn:gleaner.io:oih:bodc:data:48f94454b62ef2ae1f89a89feffe70161ace17c7,tier_instrument,False,True,,,,,0,0,https://api.linked-systems.uk/api/schema-org/dataset/1225804,
876407,urn:gleaner.io:oih:bodc:data:4fff02d9fe37591a90ccc69ff6ca8ed9a418676b,none,False,False,,,,,0,0,https://api.linked-systems.uk/api/schema-org/dataset/876407,
2004162,urn:gleaner.io:oih:bodc:data:6e2cf9cbb6959934f9cc4a34a1e1a1279cb61a9c,none,False,False,,,,,0,0,https://api.linked-systems.uk/api/schema-org/dataset/2004162,
1171048,urn:gleaner.io:oih:bodc:data:839641e1752e4d434ce43d44b301ccd4ac08800c,none,False,False,,,,,0,0,https://api.linked-systems.uk/api/schema-org/dataset/1171048,
1989712,urn:gleaner.io:oih:bodc:data:1200f59562b39bfce5ae609bef564df04e195175,none,False,False,,,,,0,0,https://api.linked-systems.uk/api/schema-org/dataset/1989712,
1927702,urn:gleaner.io:oih:bodc:data:7f9541971737e212800bd717ced0f9ea9b3cd373,tier1,True,False,DepBelowSurf,https://vocab.nerc.ac.uk/collection/P01/current/ADEPZZ01/,0,150,1,0,https://api.linked-systems.uk/api/schema-org/dataset/1927702,
2051751,urn:gleaner.io:oih:bodc:data:c4f6760d9abf285f93d40d1f96810e12b24ae2aa,tier1,True,False,DepBelowSurf,https://vocab.nerc.ac.uk/collection/P01/current/ADEPZZ01/,8.2,122.1,1,0,https://api.linked-systems.uk/api/schema-org/dataset/2051751,
2046214,urn:gleaner.io:oih:bodc:data:6e8462136a44510368a0ea1c13ae19ab80f7aa9c,tier1,True,False,DepBelowSurf,https://vocab.nerc.ac.uk/collection/P01/current/ADEPZZ01/,12.6,203.7,1,0,https://api.linked-systems.uk/api/schema-org/dataset/2046214,
1928059,urn:gleaner.io:oih:bodc:data:df54b20b2fcba9b0acefa7e7a95cfb5429a16737,tier1,True,False,DepBelowSurf,https://vocab.nerc.ac.uk/collection/P01/current/ADEPZZ01/,249.6,497.7,1,0,https://api.linked-systems.uk/api/schema-org/dataset/1928059,
2046355,urn:gleaner.io:oih:bodc:data:8d3c4c472bb14080c4796abbd4fe75f28bfe2c57,tier1,True,False,DepBelowSurf,https://vocab.nerc.ac.uk/collection/P01/current/ADEPZZ01/,12.6,1001.5,1,0,https://api.linked-systems.uk/api/schema-org/dataset/2046355,
1880686,urn:gleaner.io:oih:bodc:data:23210b1f77e8c4804dbc64271cf03213336d9d25,none,False,False,,,,,0,0,https://api.linked-systems.uk/api/schema-org/dataset/1880686,
2119021,urn:gleaner.io:oih:bodc:data:43a0481d5439b1c36c77048a5b026688608feec1,tier1,True,False,DepBelowSurf,https://vocab.nerc.ac.uk/collection/P01/current/ADEPZZ01/,12.2,103.6,1,0,https://api.linked-systems.uk/api/schema-org/dataset/2119021,
2148210,urn:gleaner.io:oih:bodc:data:04c2b0a2e2fcfaf45e2b3f8fd4d79504911c6ee9,tier1,True,False,DepBelowSurf,https://vocab.nerc.ac.uk/collection/P01/current/ADEPZZ01/,52.1,302.1,1,0,https://api.linked-systems.uk/api/schema-org/dataset/2148210,
1929026,urn:gleaner.io:oih:bodc:data:42eeb75b0870b22947f126adef54a79ef5ece99e,none,False,False,,,,,0,0,https://api.linked-systems.uk/api/schema-org/dataset/1929026,
2046994,urn:gleaner.io:oih:bodc:data:462ceeeca6ea44b41c3823c6f9c5b384fa83613b,none,False,False,,,,,0,0,https://api.linked-systems.uk/api/schema-org/dataset/2046994,
1929063,urn:gleaner.io:oih:bodc:data:626e34c6efd19bb4f72f3fbca588e3db3a310572,none,False,False,,,,,0,0,https://api.linked-systems.uk/api/schema-org/dataset/1929063,
1928023,urn:gleaner.io:oih:bodc:data:14dd2c57b0416c1bae0a20b06914ea4617aef280,tier1,True,False,DepBelowSurf,https://vocab.nerc.ac.uk/collection/P01/current/ADEPZZ01/,5.2,81.8,1,0,https://api.linked-systems.uk/api/schema-org/dataset/1928023,
2153513,urn:gleaner.io:oih:bodc:data:c0d285a6903f464522959ad79cde9f2d99796f77,none,False,False,,,,,0,0,https://api.linked-systems.uk/api/schema-org/dataset/2153513,
2148572,urn:gleaner.io:oih:bodc:data:f64cf9d8d86f1e2687f3a722037d48ed1da1af09,tier1,True,False,DepBelowSurf,https://vocab.nerc.ac.uk/collection/P01/current/ADEPZZ01/,4.9,300.2,1,0,https://api.linked-systems.uk/api/schema-org/dataset/2148572,
1927702,urn:gleaner.io:oih:bodc:data:2db85f66ea646bd340981d95c6a9cec8efc5f909,none,False,False,,,,,0,0,https://api.linked-systems.uk/api/schema-org/dataset/1927702,
1177775,urn:gleaner.io:oih:bodc:data:93b60cfaca43fa8a9182db8e331c42dcfafe67a1,none,False,False,,,,,0,0,https://api.linked-systems.uk/api/schema-org/dataset/1177775,
2148025,urn:gleaner.io:oih:bodc:data:1d5a9331c2c6490f1e8929def327a329203339d6,tier1,True,False,DepBelowSurf,https://vocab.nerc.ac.uk/collection/P01/current/ADEPZZ01/,7.3,301.2,1,0,https://api.linked-systems.uk/api/schema-org/dataset/2148025,
2046263,urn:gleaner.io:oih:bodc:data:600cd1535c418160b641d8b1c15dd8e93d038bb3,tier1,True,False,DepBelowSurf,https://vocab.nerc.ac.uk/collection/P01/current/ADEPZZ01/,12,4755,1,0,https://api.linked-systems.uk/api/schema-org/dataset/2046263,
1177831,urn:gleaner.io:oih:bodc:data:9a3f439c2799034cc910ceabb7373b3145d1b6d4,none,False,False,,,,,0,0,https://api.linked-systems.uk/api/schema-org/dataset/1177831,
2051726,urn:gleaner.io:oih:bodc:data:028bd1527defe5c1628b5658101558c84a01a5cd,tier1,True,False,DepBelowSurf,https://vocab.nerc.ac.uk/collection/P01/current/ADEPZZ01/,6,300.3,1,0,https://api.linked-systems.uk/api/schema-org/dataset/2051726,
1177843,urn:gleaner.io:oih:bodc:data:93307e3ac0095c443bcef432b5214c26a2134cf0,none,False,False,,,,,0,0,https://api.linked-systems.uk/api/schema-org/dataset/1177843,
2051787,urn:gleaner.io:oih:bodc:data:264bd003c09c2c2dfab128a6e5a01fff1e6ffc9b,none,False,False,,,,,0,0,https://api.linked-systems.uk/api/schema-org/dataset/2051787,
1920832,urn:gleaner.io:oih:bodc:data:a31ce1f5325500d06a5eac965c8dc89dcbe5daac,none,False,False,,,,,0,0,https://api.linked-systems.uk/api/schema-org/dataset/1920832,
1178011,urn:gleaner.io:oih:bodc:data:7d9cd165473a206b222c8faf6076b23a78f0536d,none,False,False,,,,,0,0,https://api.linked-systems.uk/api/schema-org/dataset/1178011,
2004174,urn:gleaner.io:oih:bodc:data:bb6c55819726d6b510ddee0b648bfbc2e310894c,none,False,False,,,,,0,0,https://api.linked-systems.uk/api/schema-org/dataset/2004174,
2048699,urn:gleaner.io:oih:bodc:data:f3a1bd803ef2995b72023b3ec8bc6642ad7dd4f3,none,False,False,,,,,0,0,https://api.linked-systems.uk/api/schema-org/dataset/2048699,
1177695,urn:gleaner.io:oih:bodc:data:f4c377c5738d56cdf47382e153a06f803ab4ae8e,none,False,False,,,,,0,0,https://api.linked-systems.uk/api/schema-org/dataset/1177695,
2001730,urn:gleaner.io:oih:bodc:data:5341eefe9b06ece85f310226574faaf8be5babbc,tier1,True,False,DepBelowSurf,https://vocab.nerc.ac.uk/collection/P01/current/ADEPZZ01/,8.2,4734.6,1,0,https://api.linked-systems.uk/api/schema-org/dataset/2001730,
1928103,urn:gleaner.io:oih:bodc:data:e0ee09de7eb0de43295a195f75b47e149a9477ae,none,False,False,,,,,0,0,https://api.linked-systems.uk/api/schema-org/dataset/1928103,
1916913,urn:gleaner.io:oih:bodc:data:5b229364b377dfc2af283a26810059b1e4d8b877,tier1,True,False,DepBelowSurf,https://vocab.nerc.ac.uk/collection/P01/current/ADEPZZ01/,6,504,1,0,https://api.linked-systems.uk/api/schema-org/dataset/1916913,
1226254,urn:gleaner.io:oih:bodc:data:ec49bd236a1169bb21aa0eca112e1238bd93c94f,none,False,False,,,,,0,0,https://api.linked-systems.uk/api/schema-org/dataset/1226254,
1177449,urn:gleaner.io:oih:bodc:data:22fcd7aaa3bfc76e0ed02088b3561a82b4ad7c15,none,False,False,,,,,0,0,https://api.linked-systems.uk/api/schema-org/dataset/1177449,
2052103,urn:gleaner.io:oih:bodc:data:d1d6d8f18626d0ac11b63577e99ff985a56312f8,none,False,False,,,,,0,0,https://api.linked-systems.uk/api/schema-org/dataset/2052103,
2115880,urn:gleaner.io:oih:bodc:data:563eec3753f6da9d225373f8b1640dbc873a6341,none,False,False,,,,,0,0,https://api.linked-systems.uk/api/schema-org/dataset/2115880,
1170844,urn:gleaner.io:oih:bodc:data:5c0c40804e8e82319f30bd87586e147a6a4c2815,tier2,False,False,BinDep,https://vocab.nerc.ac.uk/collection/P01/current/DBINAA01/,11,407,0,1,https://api.linked-systems.uk/api/schema-org/dataset/1170844,
2148897,urn:gleaner.io:oih:bodc:data:dec5e27b532edd64df38534f46fb402fad50c101,none,False,False,,,,,0,0,https://api.linked-systems.uk/api/schema-org/dataset/2148897,
1989619,urn:gleaner.io:oih:bodc:data:89e1aaccfd438ddd62608601df402127385d5edc,none,False,False,,,,,0,0,https://api.linked-systems.uk/api/schema-org/dataset/1989619,
2046969,urn:gleaner.io:oih:bodc:data:2bf444a41f29f400dcf6afdb4c6495dbf8ec7e81,none,False,False,,,,,0,0,https://api.linked-systems.uk/api/schema-org/dataset/2046969,
1759984,urn:gleaner.io:oih:bodc:data:6753312cbfd69a7b01233afe0bd9f3c9cc4e31ca,none,False,False,,,,,0,0,https://api.linked-systems.uk/api/schema-org/dataset/1759984,
1874367,urn:gleaner.io:oih:bodc:data:9eb06fb5d855076a11d7bcfe81bfe9131d635edb,tier1,True,False,DepBelowSurf,https://vocab.nerc.ac.uk/collection/P01/current/ADEPZZ01/,10,350,1,0,https://api.linked-systems.uk/api/schema-org/dataset/1874367,
1177382,urn:gleaner.io:oih:bodc:data:7b669243ca62c81a5b081c7a5d1dd2385e60844a,none,False,False,,,,,0,0,https://api.linked-systems.uk/api/schema-org/dataset/1177382,
1170807,urn:gleaner.io:oih:bodc:data:c5c0e49824a276d70a131096633cb45a7f1fec58,tier2,False,False,BinDep,https://vocab.nerc.ac.uk/collection/P01/current/DBINAA01/,11,407,0,1,https://api.linked-systems.uk/api/schema-org/dataset/1170807,
1929014,urn:gleaner.io:oih:bodc:data:57fac73b25bb18e1c01cadbca5d4d8c246b14ec9,tier1,True,False,DepBelowSurf,https://vocab.nerc.ac.uk/collection/P01/current/ADEPZZ01/,5,4827.9,1,0,https://api.linked-systems.uk/api/schema-org/dataset/1929014,
1177554,urn:gleaner.io:oih:bodc:data:b0c849f28509d07fbafd2c72b93924ef4affce95,none,False,False,,,,,0,0,https://api.linked-systems.uk/api/schema-org/dataset/1177554,
2148719,urn:gleaner.io:oih:bodc:data:941562437f9b9d5a6dec02378157ae5809c86ac6,tier1,True,False,DepBelowSurf,https://vocab.nerc.ac.uk/collection/P01/current/ADEPZZ01/,5.6,50.6,1,0,https://api.linked-systems.uk/api/schema-org/dataset/2148719,
1816740,urn:gleaner.io:oih:bodc:data:444f631c97d9f348abc047fc6a031c75d8b5bf69,none,False,False,,,,,0,0,https://api.linked-systems.uk/api/schema-org/dataset/1816740,
1225804,urn:gleaner.io:oih:bodc:data:cd5620f49ca646d25fd4005d70807e82737f56d6,tier_instrument,False,True,,,,,0,0,https://api.linked-systems.uk/api/schema-org/dataset/1225804,
1226186,urn:gleaner.io:oih:bodc:data:82bbd9e479bda4ec02a8f3b1b18c42bca8501c49,none,False,False,,,,,0,0,https://api.linked-systems.uk/api/schema-org/dataset/1226186,
2148049,urn:gleaner.io:oih:bodc:data:c5b423811cf8ebea930afa1eebee3b9ad18e190c,tier1,True,False,DepBelowSurf,https://vocab.nerc.ac.uk/collection/P01/current/ADEPZZ01/,6.8,301.8,1,0,https://api.linked-systems.uk/api/schema-org/dataset/2148049,
2046392,urn:gleaner.io:oih:bodc:data:b82be1f965c0ebfd82f0fef85f6792d70acafd47,tier1,True,False,DepBelowSurf,https://vocab.nerc.ac.uk/collection/P01/current/ADEPZZ01/,13,4757.2,1,0,https://api.linked-systems.uk/api/schema-org/dataset/2046392,
1226291,urn:gleaner.io:oih:bodc:data:ed07b97273d89cc6141e62ebe1901d2428b13782,none,False,False,,,,,0,0,https://api.linked-systems.uk/api/schema-org/dataset/1226291,
2046226,urn:gleaner.io:oih:bodc:data:9d72130c59510402d0dd15f78eb21d41fa213f60,none,False,False,,,,,0,0,https://api.linked-systems.uk/api/schema-org/dataset/2046226,
2148560,urn:gleaner.io:oih:bodc:data:ec354cbf5439529c1110ded38ae86f1d8a0fd9d3,tier1,True,False,DepBelowSurf,https://vocab.nerc.ac.uk/collection/P01/current/ADEPZZ01/,6.8,301.8,1,0,https://api.linked-systems.uk/api/schema-org/dataset/2148560,
2048706,urn:gleaner.io:oih:bodc:data:54f660a41524c09d8bdad1e624ba10da3980426b,none,False,False,,,,,0,0,https://api.linked-systems.uk/api/schema-org/dataset/2048706,
2118945,urn:gleaner.io:oih:bodc:data:d4c22fb6fa6c61d652d143a5f7d12825a985dccf,tier1,True,False,DepBelowSurf,https://vocab.nerc.ac.uk/collection/P01/current/ADEPZZ01/,20,99.5,1,0,https://api.linked-systems.uk/api/schema-org/dataset/2118945,
2148793,urn:gleaner.io:oih:bodc:data:42778401db4129cab2f367243dbca28de9dc40b8,tier1,True,False,DepBelowSurf,https://vocab.nerc.ac.uk/collection/P01/current/ADEPZZ01/,6.1,300.7,1,0,https://api.linked-systems.uk/api/schema-org/dataset/2148793,
2148295,urn:gleaner.io:oih:bodc:data:8a85a49f5eda29e4ea978650d344367cf3342984,tier1,True,False,DepBelowSurf,https://vocab.nerc.ac.uk/collection/P01/current/ADEPZZ01/,6.3,300.3,1,0,https://api.linked-systems.uk/api/schema-org/dataset/2148295,
2051775,urn:gleaner.io:oih:bodc:data:4f9fe39a9c3d9f8822011fb5df068bcc1fcff6e6,none,False,False,,,,,0,0,https://api.linked-systems.uk/api/schema-org/dataset/2051775,
2148664,urn:gleaner.io:oih:bodc:data:03490c979d79a8f98a69f7d95ba8821f798ad34c,none,False,False,,,,,0,0,https://api.linked-systems.uk/api/schema-org/dataset/2148664,
2148283,urn:gleaner.io:oih:bodc:data:bfd9313ac212fc454544630596319de4ad5a1a61,none,False,False,,,,,0,0,https://api.linked-systems.uk/api/schema-org/dataset/2148283,
2148222,urn:gleaner.io:oih:bodc:data:426f17aa126a078ecd47f185374a83ee850fc0c9,none,False,False,,,,,0,0,https://api.linked-systems.uk/api/schema-org/dataset/2148222,
1347014,urn:gleaner.io:oih:bodc:data:4d7aaf8531443b2d214ff8d38be56389962f65be,none,False,False,,,,,0,0,https://api.linked-systems.uk/api/schema-org/dataset/1347014,
2118945,urn:gleaner.io:oih:bodc:data:0349d41d3b76c9b50b48d97f4716f48bc39780dd,none,False,False,,,,,0,0,https://api.linked-systems.uk/api/schema-org/dataset/2118945,
1928188,urn:gleaner.io:oih:bodc:data:9f28fa6276c350a8e2cf90677a7b491ec8bee388,none,False,False,,,,,0,0,https://api.linked-systems.uk/api/schema-org/dataset/1928188,
2148025,urn:gleaner.io:oih:bodc:data:3ac7ab42ce5f4833c9931ac2feda30da0fae18f6,none,False,False,,,,,0,0,https://api.linked-systems.uk/api/schema-org/dataset/2148025,
2148572,urn:gleaner.io:oih:bodc:data:81b8f00c5ef0131f9ed624f06806fa74b7509bd2,none,False,False,,,,,0,0,https://api.linked-systems.uk/api/schema-org/dataset/2148572,
2115787,urn:gleaner.io:oih:bodc:data:b8bbbb7fa5576aed5183b7be7a26a3cc2a79b397,tier1,True,False,DepBelowSurf,https://vocab.nerc.ac.uk/collection/P01/current/ADEPZZ01/,8,104,1,0,https://api.linked-systems.uk/api/schema-org/dataset/2115787,
1874411,urn:gleaner.io:oih:bodc:data:563ac72444d7e79416d20f48f2f622612c1294ec,none,False,False,,,,,0,0,https://api.linked-systems.uk/api/schema-org/dataset/1874411,
2046299,urn:gleaner.io:oih:bodc:data:b3d3eb2ec658600f86a80d9613856ab0fcd8ceee,none,False,False,,,,,0,0,https://api.linked-systems.uk/api/schema-org/dataset/2046299,
2051843,urn:gleaner.io:oih:bodc:data:2569cf071596d5e2530c835e52845bf5f8b43d94,tier1,True,False,DepBelowSurf,https://vocab.nerc.ac.uk/collection/P01/current/ADEPZZ01/,6,4706.3,1,0,https://api.linked-systems.uk/api/schema-org/dataset/2051843,
895626,urn:gleaner.io:oih:bodc:data:07e2ce67d85f34b643b04f19364b3b74d9799cf5,none,False,False,,,,,0,0,https://api.linked-systems.uk/api/schema-org/dataset/895626,
1170985,urn:gleaner.io:oih:bodc:data:6d52652a53ba211aeacd0abafaa4eeccc0c752b5,none,False,False,,,,,0,0,https://api.linked-systems.uk/api/schema-org/dataset/1170985,
1170776,urn:gleaner.io:oih:bodc:data:8140bd2d708752ce007f5a9967c9ec9be1419ddf,none,False,False,,,,,0,0,https://api.linked-systems.uk/api/schema-org/dataset/1170776,
2148559,urn:gleaner.io:oih:bodc:data:c50d27fb64a701a1200bba589d6814054d700bef,none,False,False,,,,,0,0,https://api.linked-systems.uk/api/schema-org/dataset/2148559,
2107695,urn:gleaner.io:oih:bodc:data:3e030415928cb389ff9191d2e22e4d961558cbd9,none,False,False,,,,,0,0,https://api.linked-systems.uk/api/schema-org/dataset/2107695,
2046367,urn:gleaner.io:oih:bodc:data:200a6d32a99c983bbd144045e929bb4d7316300b,none,False,False,,,,,0,0,https://api.linked-systems.uk/api/schema-org/dataset/2046367,
1929038,urn:gleaner.io:oih:bodc:data:be39b4a8a0cfc795fe933f3c2e855aa93b601e2f,tier1,True,False,DepBelowSurf,https://vocab.nerc.ac.uk/collection/P01/current/ADEPZZ01/,35,2007.1,1,0,https://api.linked-systems.uk/api/schema-org/dataset/1929038,
1903804,urn:gleaner.io:oih:bodc:data:af2f4a8bf0fd0c951a3db45ef520035e45bf7e0c,none,False,False,,,,,0,0,https://api.linked-systems.uk/api/schema-org/dataset/1903804,
1226217,urn:gleaner.io:oih:bodc:data:4022065cf7b4ffbb857fabf4dc2aba4d47ca91ef,none,False,False,,,,,0,0,https://api.linked-systems.uk/api/schema-org/dataset/1226217,
888119,urn:gleaner.io:oih:bodc:data:cf315c46220026eb91dcc87fa664bd0ac0606e34,none,False,False,,,,,0,0,https://api.linked-systems.uk/api/schema-org/dataset/888119,
1759960,urn:gleaner.io:oih:bodc:data:95c6c2ad7a299110cc77dcb29f3a5f0590d97878,none,False,False,,,,,0,0,https://api.linked-systems.uk/api/schema-org/dataset/1759960,
2014802,urn:gleaner.io:oih:bodc:data:4a7f5822a074dd83158bb64451e861d8dceaf052,none,False,False,,,,,0,0,https://api.linked-systems.uk/api/schema-org/dataset/2014802,
1880766,urn:gleaner.io:oih:bodc:data:a89c3047991af9f902c06e5315846b794c89788a,tier1,True,False,DepBelowSurf,https://vocab.nerc.ac.uk/collection/P01/current/ADEPZZ01/,2,80,1,0,https://api.linked-systems.uk/api/schema-org/dataset/1880766,
1816868,urn:gleaner.io:oih:bodc:data:6bc64afbd823b42a3afea17cf228b3a7ff56c3d2,tier2,False,False,Start_depth,https://vocab.nerc.ac.uk/collection/P01/current/DEPHPRST/,4.96,349.71,0,1,https://api.linked-systems.uk/api/schema-org/dataset/1816868,
1816819,urn:gleaner.io:oih:bodc:data:d9f55ebde354ac130bf386833a91909fade4e7eb,none,False,False,,,,,0,0,https://api.linked-systems.uk/api/schema-org/dataset/1816819,
1347051,urn:gleaner.io:oih:bodc:data:e897512ff9b21b46029dd5b4c582f5b6e11c3fb8,none,False,False,,,,,0,0,https://api.linked-systems.uk/api/schema-org/dataset/1347051,
2148535,urn:gleaner.io:oih:bodc:data:7158ad917bccd9cd1fa2e9bb13cb656d3207ba2b,none,False,False,,,,,0,0,https://api.linked-systems.uk/api/schema-org/dataset/2148535,
1880686,urn:gleaner.io:oih:bodc:data:e16d3c21f6c07b68431fa568ff37cb8c1094eb09,tier1,True,False,DepBelowSurf,https://vocab.nerc.ac.uk/collection/P01/current/ADEPZZ01/,2,200,1,0,https://api.linked-systems.uk/api/schema-org/dataset/1880686,
2107843,urn:gleaner.io:oih:bodc:data:02877f83ca3462447b98c7a9d093368ccc61d566,tier1,True,False,DepBelowSurf,https://vocab.nerc.ac.uk/collection/P01/current/ADEPZZ01/,15,80,1,0,https://api.linked-systems.uk/api/schema-org/dataset/2107843,
2046263,urn:gleaner.io:oih:bodc:data:152e66ec761bba06eeacf69683a2cd2c731c63df,none,False,False,,,,,0,0,https://api.linked-systems.uk/api/schema-org/dataset/2046263,
1225994,urn:gleaner.io:oih:bodc:data:edce15f0a3d37b3f1e865441f80fdccec642af77,tier_instrument,False,True,,,,,0,0,https://api.linked-systems.uk/api/schema-org/dataset/1225994,
1868602,urn:gleaner.io:oih:bodc:data:2885f0d447f05667e4afa02ff1eca0723911ac08,none,False,False,,,,,0,0,https://api.linked-systems.uk/api/schema-org/dataset/1868602,
1850992,urn:gleaner.io:oih:bodc:data:1624346b6cc66da5c7fd9faac2047ea897c40384,none,False,False,,,,,0,0,https://api.linked-systems.uk/api/schema-org/dataset/1850992,
2148596,urn:gleaner.io:oih:bodc:data:570795d7fdccf1adbf950571e402dd125bed0d97,tier1,True,False,DepBelowSurf,https://vocab.nerc.ac.uk/collection/P01/current/ADEPZZ01/,,,1,0,https://api.linked-systems.uk/api/schema-org/dataset/2148596,
2053978,urn:gleaner.io:oih:bodc:data:49fcdf0816dfdc7f23bc7d462fd3e49ee862c8f0,none,False,False,,,,,0,0,https://api.linked-systems.uk/api/schema-org/dataset/2053978,
2014722,urn:gleaner.io:oih:bodc:data:e8e28f56d501146872bf96cfb56df9fb225589ab,none,False,False,,,,,0,0,https://api.linked-systems.uk/api/schema-org/dataset/2014722,
2115880,urn:gleaner.io:oih:bodc:data:ec4f51c15d3723f4a459fa3b2836be0218ac1461,tier1,True,False,DepBelowSurf,https://vocab.nerc.ac.uk/collection/P01/current/ADEPZZ01/,6,504,1,0,https://api.linked-systems.uk/api/schema-org/dataset/2115880,
1177892,urn:gleaner.io:oih:bodc:data:f2efcc2c0411817cd69a829940a7cfb9c046075e,none,False,False,,,,,0,0,https://api.linked-systems.uk/api/schema-org/dataset/1177892,
1083405,urn:gleaner.io:oih:bodc:data:7b8e81b1b525f9e1fdb9776124925d216f0bc7db,none,False,False,,,,,0,0,https://api.linked-systems.uk/api/schema-org/dataset/1083405,
2004205,urn:gleaner.io:oih:bodc:data:84ff82d8cdc46e77f859e70f0b36b9ec94104cfa,none,False,False,,,,,0,0,https://api.linked-systems.uk/api/schema-org/dataset/2004205,
1347099,urn:gleaner.io:oih:bodc:data:8ddb82cf10b22c3ff917586a80ac37ba3aa818af,none,False,False,,,,,0,0,https://api.linked-systems.uk/api/schema-org/dataset/1347099,
1928096,urn:gleaner.io:oih:bodc:data:e93673ca439efdeefaaeb973d0fbc64a54e6d259,none,False,False,,,,,0,0,https://api.linked-systems.uk/api/schema-org/dataset/1928096,
2148074,urn:gleaner.io:oih:bodc:data:78ee1a18b2aa5c158f4b613b51fa6d4a8755412a,none,False,False,,,,,0,0,https://api.linked-systems.uk/api/schema-org/dataset/2148074,
2046380,urn:gleaner.io:oih:bodc:data:653b1a271c1091f0190cae3f8469e9b93258c757,none,False,False,,,,,0,0,https://api.linked-systems.uk/api/schema-org/dataset/2046380,
1170868,urn:gleaner.io:oih:bodc:data:936eba0c41887f7598b9df3f715990e2d74dc5ac,none,False,False,,,,,0,0,https://api.linked-systems.uk/api/schema-org/dataset/1170868,
2148062,urn:gleaner.io:oih:bodc:data:012b0ce895f5e30c07c5043d0cf10aa707477394,none,False,False,,,,,0,0,https://api.linked-systems.uk/api/schema-org/dataset/2148062,
876420,urn:gleaner.io:oih:bodc:data:7f7990c0c046cd109c51edec9b3fc632f3f65129,none,False,False,,,,,0,0,https://api.linked-systems.uk/api/schema-org/dataset/876420,
1346858,urn:gleaner.io:oih:bodc:data:19da46757c7b87ab625f4759612ff5173d5a7b21,tier1,True,False,DepBelowSurf,https://vocab.nerc.ac.uk/collection/P01/current/ADEPZZ01/,5.8,201.8,1,0,https://api.linked-systems.uk/api/schema-org/dataset/1346858,
1225889,urn:gleaner.io:oih:bodc:data:d0e060d91ab03aeec8bd71ed96a07759732e399a,tier_instrument,False,True,,,,,0,0,https://api.linked-systems.uk/api/schema-org/dataset/1225889,
1880730,urn:gleaner.io:oih:bodc:data:063617e00f2583f7537a7dfd5ca75387b671cc55,tier1,True,False,DepBelowSurf,https://vocab.nerc.ac.uk/collection/P01/current/ADEPZZ01/,3,200,1,0,https://api.linked-systems.uk/api/schema-org/dataset/1880730,
1177996,urn:gleaner.io:oih:bodc:data:32b0bee4127e1c80b6ccee919ced062eee9a0a2f,none,False,False,,,,,0,0,https://api.linked-systems.uk/api/schema-org/dataset/1177996,
1989712,urn:gleaner.io:oih:bodc:data:cd0ca77a06391bf09956e1198c6a6099de7fc44b,tier1,True,False,DepBelowSurf,https://vocab.nerc.ac.uk/collection/P01/current/ADEPZZ01/,8.2,4734.6,1,0,https://api.linked-systems.uk/api/schema-org/dataset/1989712,
2148781,urn:gleaner.io:oih:bodc:data:37d425160ef4952ac4ede3e14c913a6dbc0a2b0b,tier1,True,False,DepBelowSurf,https://vocab.nerc.ac.uk/collection/P01/current/ADEPZZ01/,5.3,300.4,1,0,https://api.linked-systems.uk/api/schema-org/dataset/2148781,
2148904,urn:gleaner.io:oih:bodc:data:5e4978fffac634be37b3949c494826a8f964ec22,none,False,False,,,,,0,0,https://api.linked-systems.uk/api/schema-org/dataset/2148904,
1170820,urn:gleaner.io:oih:bodc:data:48605818a4b2ed1fb17dec92fdd2516a3c55d884,none,False,False,,,,,0,0,https://api.linked-systems.uk/api/schema-org/dataset/1170820,
2051799,urn:gleaner.io:oih:bodc:data:f7dee34a6a2c22d0333b28ee5149e58ddcb75d37,none,False,False,,,,,0,0,https://api.linked-systems.uk/api/schema-org/dataset/2051799,
2115880,urn:gleaner.io:oih:bodc:data:62307dda25bc19f2103e1cadab064eb28ba8c7c6,tier1,True,False,DepBelowSurf,https://vocab.nerc.ac.uk/collection/P01/current/ADEPZZ01/,6,504,1,0,https://api.linked-systems.uk/api/schema-org/dataset/2115880,
1171024,urn:gleaner.io:oih:bodc:data:17050c5081582beb6eddd4becfe96a2d4ad6e9bc,none,False,False,,,,,0,0,https://api.linked-systems.uk/api/schema-org/dataset/1171024,
1226094,urn:gleaner.io:oih:bodc:data:95a43bc7dfca7d7fb1bef04f9097f4154784c417,tier_instrument,False,True,,,,,0,0,https://api.linked-systems.uk/api/schema-org/dataset/1226094,
2048779,urn:gleaner.io:oih:bodc:data:859c87517bbe8c6d14f2448e7d830b6cae1e8964,none,False,False,,,,,0,0,https://api.linked-systems.uk/api/schema-org/dataset/2048779,
1876699,urn:gleaner.io:oih:bodc:data:204c24f9bbde770c24ad58ebcdb2097d95943b45,none,False,False,,,,,0,0,https://api.linked-systems.uk/api/schema-org/dataset/1876699,
2014783,urn:gleaner.io:oih:bodc:data:8ad1f3828bcaf712ffc858b0ae0e657c9727c009,none,False,False,,,,,0,0,https://api.linked-systems.uk/api/schema-org/dataset/2014783,
1927972,urn:gleaner.io:oih:bodc:data:b8f3dc21a681338bcb2068b9f111ea09b4f3469a,none,False,False,,,,,0,0,https://api.linked-systems.uk/api/schema-org/dataset/1927972,
1927799,urn:gleaner.io:oih:bodc:data:6bd6e1403c91cfc58733f7a6daa32536e2f704fc,none,False,False,,,,,0,0,https://api.linked-systems.uk/api/schema-org/dataset/1927799,
1929051,urn:gleaner.io:oih:bodc:data:79f63b91e56dc6c6e573b59d7939ba043ab4c22d,none,False,False,,,,,0,0,https://api.linked-systems.uk/api/schema-org/dataset/1929051,
1839425,urn:gleaner.io:oih:bodc:data:9d266dca1ff956d89e449ffe6f13902046386f89,none,False,False,,,,,0,0,https://api.linked-systems.uk/api/schema-org/dataset/1839425,
1177671,urn:gleaner.io:oih:bodc:data:0ca33edce93c6e49610fface35f342f0a70944a7,none,False,False,,,,,0,0,https://api.linked-systems.uk/api/schema-org/dataset/1177671,
1177787,urn:gleaner.io:oih:bodc:data:b06fdb3a6d35834224d7e9d6cf1e3e9a7888b787,none,False,False,,,,,0,0,https://api.linked-systems.uk/api/schema-org/dataset/1177787,
2148547,urn:gleaner.io:oih:bodc:data:364a234dda3ea86d9fcd95d1f3ea7d5931bcc949,tier1,True,False,DepBelowSurf,https://vocab.nerc.ac.uk/collection/P01/current/ADEPZZ01/,7.3,301.2,1,0,https://api.linked-systems.uk/api/schema-org/dataset/2148547,
1177529,urn:gleaner.io:oih:bodc:data:1b49c8f3da3ac066487d2617df8ea1f5a74b238d,none,False,False,,,,,0,0,https://api.linked-systems.uk/api/schema-org/dataset/1177529,
2148640,urn:gleaner.io:oih:bodc:data:eb45c7bc45f89024196a456c405fce82555a8d59,none,False,False,,,,,0,0,https://api.linked-systems.uk/api/schema-org/dataset/2148640,
2004101,urn:gleaner.io:oih:bodc:data:178e834334af26ef83ecb26db3fa537a3d0201a4,none,False,False,,,,,0,0,https://api.linked-systems.uk/api/schema-org/dataset/2004101,
1177369,urn:gleaner.io:oih:bodc:data:157569881ccea93070ab128f6dddaa12b8b28def,none,False,False,,,,,0,0,https://api.linked-systems.uk/api/schema-org/dataset/1177369,
2048835,urn:gleaner.io:oih:bodc:data:022a2a4e1eb9598856177608fc5d59617bc259ca,none,False,False,,,,,0,0,https://api.linked-systems.uk/api/schema-org/dataset/2048835,
1927799,urn:gleaner.io:oih:bodc:data:24be7df6916215b661ff638cd7d039441999ef9d,tier1,True,False,DepBelowSurf,https://vocab.nerc.ac.uk/collection/P01/current/ADEPZZ01/,2,150,1,0,https://api.linked-systems.uk/api/schema-org/dataset/1927799,
2014795,urn:gleaner.io:oih:bodc:data:401e21ed6610c66ffc68bb9723f62e3cc58a5b57,none,False,False,,,,,0,0,https://api.linked-systems.uk/api/schema-org/dataset/2014795,
1928139,urn:gleaner.io:oih:bodc:data:8578a133016316f04be988dc5cbfa5e9e628a7c5,tier1,True,False,DepBelowSurf,https://vocab.nerc.ac.uk/collection/P01/current/ADEPZZ01/,5.6,430.8,1,0,https://api.linked-systems.uk/api/schema-org/dataset/1928139,
2138774,urn:gleaner.io:oih:bodc:data:0f54f39d66a8eda6134c5db274b91e0a178e48e4,none,False,False,,,,,0,0,https://api.linked-systems.uk/api/schema-org/dataset/2138774,
2001625,urn:gleaner.io:oih:bodc:data:3f284ee698fa858d2f3a5d32f2d1a3d80f8b6f8f,tier1,True,False,DepBelowSurf,https://vocab.nerc.ac.uk/collection/P01/current/ADEPZZ01/,10.4,991.1,1,0,https://api.linked-systems.uk/api/schema-org/dataset/2001625,
1347180,urn:gleaner.io:oih:bodc:data:2b526c0627b2bc9895177cd498c07c6dc6c2763d,none,False,False,,,,,0,0,https://api.linked-systems.uk/api/schema-org/dataset/1347180,
1880613,urn:gleaner.io:oih:bodc:data:9b8445ad2c291d7d93549f4c53d1a8ebbb81bb4c,none,False,False,,,,,0,0,https://api.linked-systems.uk/api/schema-org/dataset/1880613,
1177923,urn:gleaner.io:oih:bodc:data:d84e74d833e7ac5999bb06b872b9fa4e9e9899c8,none,False,False,,,,,0,0,https://api.linked-systems.uk/api/schema-org/dataset/1177923,
1927751,urn:gleaner.io:oih:bodc:data:f602e4c47a9d874af63511055041807dcbd33852,none,False,False,,,,,0,0,https://api.linked-systems.uk/api/schema-org/dataset/1927751,
2048792,urn:gleaner.io:oih:bodc:data:282f3e664462978fd441d569b98fc9c985559f81,none,False,False,,,,,0,0,https://api.linked-systems.uk/api/schema-org/dataset/2048792,
1879544,urn:gleaner.io:oih:bodc:data:1cf6eadb73c25a1e402504a9d55031dd71a84600,none,False,False,,,,,0,0,https://api.linked-systems.uk/api/schema-org/dataset/1879544,
2148812,urn:gleaner.io:oih:bodc:data:28d0428d615652e0f80c27d7c22fd3ee40e1089b,none,False,False,,,,,0,0,https://api.linked-systems.uk/api/schema-org/dataset/2148812,
1225945,urn:gleaner.io:oih:bodc:data:f2e8f832cf05bcf260c81314b8e86d15f6a7503e,none,False,False,,,,,0,0,https://api.linked-systems.uk/api/schema-org/dataset/1225945,
2004205,urn:gleaner.io:oih:bodc:data:e7802e522eda6dc58d66c9a8171507e283bf3ee9,tier1,True,False,DepBelowSurf,https://vocab.nerc.ac.uk/collection/P01/current/ADEPZZ01/,9.9,100.6,1,0,https://api.linked-systems.uk/api/schema-org/dataset/2004205,
2001662,urn:gleaner.io:oih:bodc:data:8306aab114799b645d30ad9de3709fc62164e169,none,False,False,,,,,0,0,https://api.linked-systems.uk/api/schema-org/dataset/2001662,
2048718,urn:gleaner.io:oih:bodc:data:5fb20c0ea910225a1dfc5ac47799ec4bc5874fc8,none,False,False,,,,,0,0,https://api.linked-systems.uk/api/schema-org/dataset/2048718,
1177289,urn:gleaner.io:oih:bodc:data:7265c3d6f84ccb505e3921e2284d91c7a651e898,none,False,False,,,,,0,0,https://api.linked-systems.uk/api/schema-org/dataset/1177289,
1177517,urn:gleaner.io:oih:bodc:data:8c87ff551b132d09eb79fc49c02cadfb0389c0fd,none,False,False,,,,,0,0,https://api.linked-systems.uk/api/schema-org/dataset/1177517,
1879544,urn:gleaner.io:oih:bodc:data:8e5e6adc6a5753cd92c8b19a8a0f59fba87b7d10,none,False,False,,,,,0,0,https://api.linked-systems.uk/api/schema-org/dataset/1879544,
2107671,urn:gleaner.io:oih:bodc:data:f7f1a3587297f9c6018fb3a4446e5c0a690813cc,none,False,False,,,,,0,0,https://api.linked-systems.uk/api/schema-org/dataset/2107671,
1989656,urn:gleaner.io:oih:bodc:data:7c24b4bb79a1480cfb6d132a71fe994be52ef26f,tier1,True,False,DepBelowSurf,https://vocab.nerc.ac.uk/collection/P01/current/ADEPZZ01/,9.2,103.4,1,0,https://api.linked-systems.uk/api/schema-org/dataset/1989656,
1759935,urn:gleaner.io:oih:bodc:data:22887349497c1c4e422d152830cd5e0d42ea72f1,none,False,False,,,,,0,0,https://api.linked-systems.uk/api/schema-org/dataset/1759935,
1226045,urn:gleaner.io:oih:bodc:data:3d3c33f2f1532d0e34bb5aa3e5db10accdd63615,tier_instrument,False,True,,,,,0,0,https://api.linked-systems.uk/api/schema-org/dataset/1226045,
1759947,urn:gleaner.io:oih:bodc:data:ee9493b84709ab6d7840a505b7c2f1b6942fe152,none,False,False,,,,,0,0,https://api.linked-systems.uk/api/schema-org/dataset/1759947,
1879612,urn:gleaner.io:oih:bodc:data:3149116c1b0afdd431b1b323a97abea656b8c429,tier1,True,False,DepBelowSurf,https://vocab.nerc.ac.uk/collection/P01/current/ADEPZZ01/,,,1,0,https://api.linked-systems.uk/api/schema-org/dataset/1879612,
1177370,urn:gleaner.io:oih:bodc:data:07fab3eb52be078f8dbeb48945948207520599c1,none,False,False,,,,,0,0,https://api.linked-systems.uk/api/schema-org/dataset/1177370,
876500,urn:gleaner.io:oih:bodc:data:06862d41de7b8c92575b96c67011d773a96c8332,none,False,False,,,,,0,0,https://api.linked-systems.uk/api/schema-org/dataset/876500,
2115787,urn:gleaner.io:oih:bodc:data:e8c27cc482dbd73177308ba48e4ecd468c8445a9,none,False,False,,,,,0,0,https://api.linked-systems.uk/api/schema-org/dataset/2115787,
2148399,urn:gleaner.io:oih:bodc:data:33e326b942dc653c47662b5ed60f7a8ffa47abd3,tier1,True,False,DepBelowSurf,https://vocab.nerc.ac.uk/collection/P01/current/ADEPZZ01/,5.5,100.5,1,0,https://api.linked-systems.uk/api/schema-org/dataset/2148399,
1880729,urn:gleaner.io:oih:bodc:data:3bc6b56f351f6ef79b3c662477af2f42a3204637,tier1,True,False,DepBelowSurf,https://vocab.nerc.ac.uk/collection/P01/current/ADEPZZ01/,3,90,1,0,https://api.linked-systems.uk/api/schema-org/dataset/1880729,
2001717,urn:gleaner.io:oih:bodc:data:b71a5d1c6bf9e2ccd001dc1d017c74f19b565645,tier1,True,False,DepBelowSurf,https://vocab.nerc.ac.uk/collection/P01/current/ADEPZZ01/,9.7,4729.6,1,0,https://api.linked-systems.uk/api/schema-org/dataset/2001717,
1177591,urn:gleaner.io:oih:bodc:data:5a1d9aea46fea93463fa1001ae8818ab73851c64,none,False,False,,,,,0,0,https://api.linked-systems.uk/api/schema-org/dataset/1177591,
1171073,urn:gleaner.io:oih:bodc:data:7327b7b08b3db5354ed3c61c4e91464393b41a7f,tier2,False,False,BinDep,https://vocab.nerc.ac.uk/collection/P01/current/DBINAA01/,11,407,0,1,https://api.linked-systems.uk/api/schema-org/dataset/1171073,
1171073,urn:gleaner.io:oih:bodc:data:192912322cca83b33795d77d7ae9fdbc31902537,tier2,False,False,BinDep,https://vocab.nerc.ac.uk/collection/P01/current/DBINAA01/,11,407,0,1,https://api.linked-systems.uk/api/schema-org/dataset/1171073,
2111866,urn:gleaner.io:oih:bodc:data:0b64f3587fa479a2b4fba64082beec1484d1f188,none,False,False,,,,,0,0,https://api.linked-systems.uk/api/schema-org/dataset/2111866,
1347260,urn:gleaner.io:oih:bodc:data:0c4750e759c29c1b989174c48aad987f32101cd9,tier1,True,False,DepBelowSurf,https://vocab.nerc.ac.uk/collection/P01/current/ADEPZZ01/,6.3,101.2,1,0,https://api.linked-systems.uk/api/schema-org/dataset/1347260,
1177449,urn:gleaner.io:oih:bodc:data:854fa835b7297e80e640cfe901856b87ed519670,none,False,False,,,,,0,0,https://api.linked-systems.uk/api/schema-org/dataset/1177449,
2107855,urn:gleaner.io:oih:bodc:data:1d3ff6b01be20cb9f00177bc5845038d173db6e9,none,False,False,,,,,0,0,https://api.linked-systems.uk/api/schema-org/dataset/2107855,
2153537,urn:gleaner.io:oih:bodc:data:abff40cf0a8de35742f67c0eb88a1c66b09e7a6b,tier1,True,False,DepBelowSurf,https://vocab.nerc.ac.uk/collection/P01/current/ADEPZZ01/,5,4827,1,0,https://api.linked-systems.uk/api/schema-org/dataset/2153537,
1880637,urn:gleaner.io:oih:bodc:data:22a8186c52f5b8f845a268035b51e12e62025b13,none,False,False,,,,,0,0,https://api.linked-systems.uk/api/schema-org/dataset/1880637,
2013000,urn:gleaner.io:oih:bodc:data:c07a3ab266badc81cbe025ea0db361015055c06c,tier2,False,False,SFPG,https://vocab.nerc.ac.uk/collection/P01/current/DEPHFP01/,,,0,1,https://api.linked-systems.uk/api/schema-org/dataset/2013000,
1178011,urn:gleaner.io:oih:bodc:data:1ee01d60b8f172b7f6d575d55e73532ec1fcd144,none,False,False,,,,,0,0,https://api.linked-systems.uk/api/schema-org/dataset/1178011,
1170881,urn:gleaner.io:oih:bodc:data:39aa1efd21c1c86b400c8ef16c69069dacb7f675,none,False,False,,,,,0,0,https://api.linked-systems.uk/api/schema-org/dataset/1170881,
1347131,urn:gleaner.io:oih:bodc:data:a5a3c152b0db40198f19c3bf22454c43ee05f666,tier1,True,False,DepBelowSurf,https://vocab.nerc.ac.uk/collection/P01/current/ADEPZZ01/,4.4,997.2,1,0,https://api.linked-systems.uk/api/schema-org/dataset/1347131,
1170776,urn:gleaner.io:oih:bodc:data:d32cf08f9f5024e9eac325abfbf006227a3843ce,tier2,False,False,BinDep,https://vocab.nerc.ac.uk/collection/P01/current/DBINAA01/,11,407,0,1,https://api.linked-systems.uk/api/schema-org/dataset/1170776,
1916857,urn:gleaner.io:oih:bodc:data:cd6ac0854b1505ca28d0a290dc4ce532500090d6,none,False,False,,,,,0,0,https://api.linked-systems.uk/api/schema-org/dataset/1916857,
2001625,urn:gleaner.io:oih:bodc:data:5147ee6e1868da2f739e4de9c1935912b2d78d08,tier1,True,False,DepBelowSurf,https://vocab.nerc.ac.uk/collection/P01/current/ADEPZZ01/,10.4,991.1,1,0,https://api.linked-systems.uk/api/schema-org/dataset/2001625,
1848188,urn:gleaner.io:oih:bodc:data:76c0f00a679d1a7b3e97ee3706804e892fbc64a4,tier1,True,False,DepBelowSurf,https://vocab.nerc.ac.uk/collection/P01/current/ADEPZZ01/,10.5,170,1,0,https://api.linked-systems.uk/api/schema-org/dataset/1848188,
2148824,urn:gleaner.io:oih:bodc:data:ffe4eecb7612acb364933919111c3387d00a1fe2,none,False,False,,,,,0,0,https://api.linked-systems.uk/api/schema-org/dataset/2148824,
2046379,urn:gleaner.io:oih:bodc:data:61fa12c96d3c39e5bf47cb54da96304c3ef16ef1,tier1,True,False,DepBelowSurf,https://vocab.nerc.ac.uk/collection/P01/current/ADEPZZ01/,13.1,801.4,1,0,https://api.linked-systems.uk/api/schema-org/dataset/2046379,
1927867,urn:gleaner.io:oih:bodc:data:c3ee941a6bc523ba8ea166bfea6d12960561f4f1,none,False,False,,,,,0,0,https://api.linked-systems.uk/api/schema-org/dataset/1927867,
1874287,urn:gleaner.io:oih:bodc:data:87708c34b302838517ace902142439964595ad68,tier1,True,False,DepBelowSurf,https://vocab.nerc.ac.uk/collection/P01/current/ADEPZZ01/,13.2,4828,1,0,https://api.linked-systems.uk/api/schema-org/dataset/1874287,
888144,urn:gleaner.io:oih:bodc:data:bf801d3e56ab9c79e319f944af63df8bf353187f,none,False,False,,,,,0,0,https://api.linked-systems.uk/api/schema-org/dataset/888144,
1880649,urn:gleaner.io:oih:bodc:data:d7df6126038c132b2f32d3608152743268a0bb35,tier1,True,False,DepBelowSurf,https://vocab.nerc.ac.uk/collection/P01/current/ADEPZZ01/,2,75,1,0,https://api.linked-systems.uk/api/schema-org/dataset/1880649,
1347303,urn:gleaner.io:oih:bodc:data:1e01c655be183ffceeaabda02acce14ba7011ee5,tier1,True,False,DepBelowSurf,https://vocab.nerc.ac.uk/collection/P01/current/ADEPZZ01/,5,4000,1,0,https://api.linked-systems.uk/api/schema-org/dataset/1347303,
1083405,urn:gleaner.io:oih:bodc:data:650ca7cec4b50c15d7e6ac0585486060aa073b56,none,False,False,,,,,0,0,https://api.linked-systems.uk/api/schema-org/dataset/1083405,
2110691,urn:gleaner.io:oih:bodc:data:3786638f80f4cf79bb599255c603763f7af38c3a,tier1,True,False,DepBelowSurf,https://vocab.nerc.ac.uk/collection/P01/current/ADEPZZ01/,3.4,198.9,1,0,https://api.linked-systems.uk/api/schema-org/dataset/2110691,
1171061,urn:gleaner.io:oih:bodc:data:56c4767b30dddc8fc93e39a4744f1f1275339854,tier2,False,False,BinDep,https://vocab.nerc.ac.uk/collection/P01/current/DBINAA01/,11,407,0,1,https://api.linked-systems.uk/api/schema-org/dataset/1171061,
2052754,urn:gleaner.io:oih:bodc:data:6708cae3bb5469390a8955d1086434adac701945,none,False,False,,,,,0,0,https://api.linked-systems.uk/api/schema-org/dataset/2052754,
1177609,urn:gleaner.io:oih:bodc:data:9c787cdd5d17b96523658755db28c82883d00b72,none,False,False,,,,,0,0,https://api.linked-systems.uk/api/schema-org/dataset/1177609,
1226242,urn:gleaner.io:oih:bodc:data:c238236ab0495d12dd9085535e7678b868251b37,tier_instrument,False,True,,,,,0,0,https://api.linked-systems.uk/api/schema-org/dataset/1226242,
2048699,urn:gleaner.io:oih:bodc:data:43a3671a320ade6cd5f64211a0c285e78b7c29b4,none,False,False,,,,,0,0,https://api.linked-systems.uk/api/schema-org/dataset/2048699,
1177290,urn:gleaner.io:oih:bodc:data:602ddd52cda67a7b4c540940e242d6b78326bb8b,tier2,False,False,BathyDepES_ISL,https://vocab.nerc.ac.uk/collection/P01/current/MBANZZ01/,,,0,1,https://api.linked-systems.uk/api/schema-org/dataset/1177290,
774762,urn:gleaner.io:oih:bodc:data:8921c337663a255069129dc0d2c19e8d98ef5dac,none,False,False,,,,,0,0,https://api.linked-systems.uk/api/schema-org/dataset/774762,
2115787,urn:gleaner.io:oih:bodc:data:52a7e7e65bc7ae735140b21a0a1c77cd357f90ee,tier1,True,False,DepBelowSurf,https://vocab.nerc.ac.uk/collection/P01/current/ADEPZZ01/,8,104,1,0,https://api.linked-systems.uk/api/schema-org/dataset/2115787,
1226322,urn:gleaner.io:oih:bodc:data:14a418d823bd25ca30039b68d3b312b115285fb6,none,False,False,,,,,0,0,https://api.linked-systems.uk/api/schema-org/dataset/1226322,
2113443,urn:gleaner.io:oih:bodc:data:a1583a7b6c09de6e126a29cc0c5e9ab457a4f642,none,False,False,,,,,0,0,https://api.linked-systems.uk/api/schema-org/dataset/2113443,
2148142,urn:gleaner.io:oih:bodc:data:c8950793e58e9db675c4c166dc64a6ca946defa3,none,False,False,,,,,0,0,https://api.linked-systems.uk/api/schema-org/dataset/2148142,
2148117,urn:gleaner.io:oih:bodc:data:0f283eae9d5748201af82007e3ff39b96c5c69f8,tier1,True,False,DepBelowSurf,https://vocab.nerc.ac.uk/collection/P01/current/ADEPZZ01/,5.2,300.5,1,0,https://api.linked-systems.uk/api/schema-org/dataset/2148117,
2148117,urn:gleaner.io:oih:bodc:data:2e6f590438c2db467279db209efe0cb1b88ca825,none,False,False,,,,,0,0,https://api.linked-systems.uk/api/schema-org/dataset/2148117,
2148142,urn:gleaner.io:oih:bodc:data:74bf21bce1121c926d445a6810282c600b9792ee,tier1,True,False,DepBelowSurf,https://vocab.nerc.ac.uk/collection/P01/current/ADEPZZ01/,7.1,302.2,1,0,https://api.linked-systems.uk/api/schema-org/dataset/2148142,
2027843,urn:gleaner.io:oih:bodc:data:5fc5b1a07b0d590a6b5924d6990139d93be67352,none,False,False,,,,,0,0,https://api.linked-systems.uk/api/schema-org/dataset/2027843,
1225877,urn:gleaner.io:oih:bodc:data:e1315f7b68fff3e497ad04152deb941cc2190284,tier_instrument,False,True,,,,,0,0,https://api.linked-systems.uk/api/schema-org/dataset/1225877,
1874379,urn:gleaner.io:oih:bodc:data:5e99c4a584bab6210b591ded0fe6b0d0f41f6524,none,False,False,,,,,0,0,https://api.linked-systems.uk/api/schema-org/dataset/1874379,
2107843,urn:gleaner.io:oih:bodc:data:63d95da22f864a7ed4d2b03e265fbfc755f3e47f,tier1,True,False,DepBelowSurf,https://vocab.nerc.ac.uk/collection/P01/current/ADEPZZ01/,15,80,1,0,https://api.linked-systems.uk/api/schema-org/dataset/2107843,
2107671,urn:gleaner.io:oih:bodc:data:709188bb984cc7164458bbfc23b04c574bd10071,tier1,True,False,DepBelowSurf,https://vocab.nerc.ac.uk/collection/P01/current/ADEPZZ01/,15,75,1,0,https://api.linked-systems.uk/api/schema-org/dataset/2107671,
1225853,urn:gleaner.io:oih:bodc:data:8b56aa5d27bc6697f3b31f75d337b662bd24c2d5,none,False,False,,,,,0,0,https://api.linked-systems.uk/api/schema-org/dataset/1225853,
2026723,urn:gleaner.io:oih:bodc:data:3e3b53a980694dd07197382698e2b1fa1e607afd,none,False,False,,,,,0,0,https://api.linked-systems.uk/api/schema-org/dataset/2026723,
895638,urn:gleaner.io:oih:bodc:data:baeb9470c3a6d366c68191b272776b244eec1550,none,False,False,,,,,0,0,https://api.linked-systems.uk/api/schema-org/dataset/895638,
1171073,urn:gleaner.io:oih:bodc:data:03a143030c43e7c4210f37cc6c494930c8cab884,none,False,False,,,,,0,0,https://api.linked-systems.uk/api/schema-org/dataset/1171073,
1989668,urn:gleaner.io:oih:bodc:data:94ecd24e175decc4f6e491ea4db703a8606013d3,none,False,False,,,,,0,0,https://api.linked-systems.uk/api/schema-org/dataset/1989668,
1347063,urn:gleaner.io:oih:bodc:data:a1826a8f763e5dc3190ffa159cebba8ad7c66c72,none,False,False,,,,,0,0,https://api.linked-systems.uk/api/schema-org/dataset/1347063,
774762,urn:gleaner.io:oih:bodc:data:8f0f3ebd9013b8d478406ba22acaa5b6d2ce06c2,none,False,False,,,,,0,0,https://api.linked-systems.uk/api/schema-org/dataset/774762,
1347106,urn:gleaner.io:oih:bodc:data:e718186945fbf80d385a6b020e84aa8534d83bed,none,False,False,,,,,0,0,https://api.linked-systems.uk/api/schema-org/dataset/1347106,
2148418,urn:gleaner.io:oih:bodc:data:546bea4ef4ce0f46d53ef73328624d31a31b7851,none,False,False,,,,,0,0,https://api.linked-systems.uk/api/schema-org/dataset/2148418,
2074725,urn:gleaner.io:oih:bodc:data:8291a3b104a8f2b33483f66631fe60295379ada6,none,False,False,,,,,0,0,https://api.linked-systems.uk/api/schema-org/dataset/2074725,
1927947,urn:gleaner.io:oih:bodc:data:70d094397708f839654e3f1748f4a0593efcbee1,tier1,True,False,DepBelowSurf,https://vocab.nerc.ac.uk/collection/P01/current/ADEPZZ01/,5.2,202.1,1,0,https://api.linked-systems.uk/api/schema-org/dataset/1927947,
1347272,urn:gleaner.io:oih:bodc:data:52d4f9c95a5372756aae408282400b79f15f58de,none,False,False,,,,,0,0,https://api.linked-systems.uk/api/schema-org/dataset/1347272,
2048859,urn:gleaner.io:oih:bodc:data:9799bceeacf4e9e6d2054e00a620424338c54adc,none,False,False,,,,,0,0,https://api.linked-systems.uk/api/schema-org/dataset/2048859,
1876663,urn:gleaner.io:oih:bodc:data:2d4ba2d3b2c9a2fd4b08f9af3acfddaa4e3aea55,tier1,True,False,DepBelowSurf,https://vocab.nerc.ac.uk/collection/P01/current/ADEPZZ01/,4.8,209.1,1,0,https://api.linked-systems.uk/api/schema-org/dataset/1876663,
1927867,urn:gleaner.io:oih:bodc:data:1a8983c0e7ca420fdfc93bb58e65ef37b7dbff20,tier1,True,False,DepBelowSurf,https://vocab.nerc.ac.uk/collection/P01/current/ADEPZZ01/,3,200,1,0,https://api.linked-systems.uk/api/schema-org/dataset/1927867,
2138701,urn:gleaner.io:oih:bodc:data:5af4a899bc4ecadab2f4ef59f5a709ac046ffbc7,tier1,True,False,DepBelowSurf,https://vocab.nerc.ac.uk/collection/P01/current/ADEPZZ01/,19.7,99.2,1,0,https://api.linked-systems.uk/api/schema-org/dataset/2138701,
1879624,urn:gleaner.io:oih:bodc:data:8a1e1965522f495f6d640d730d89b3447fa84bf8,tier1,True,False,DepBelowSurf,https://vocab.nerc.ac.uk/collection/P01/current/ADEPZZ01/,,,1,0,https://api.linked-systems.uk/api/schema-org/dataset/1879624,
2118994,urn:gleaner.io:oih:bodc:data:d883ceea433265a597e038fd4c5bc721d47ce5cc,tier1,True,False,DepBelowSurf,https://vocab.nerc.ac.uk/collection/P01/current/ADEPZZ01/,13.2,4828,1,0,https://api.linked-systems.uk/api/schema-org/dataset/2118994,
1874331,urn:gleaner.io:oih:bodc:data:4046d9e7bb9105f4e4a0e8bfeb4b621175a0bb53,none,False,False,,,,,0,0,https://api.linked-systems.uk/api/schema-org/dataset/1874331,
1170752,urn:gleaner.io:oih:bodc:data:56c9c7beee51ac1d4e14339587930bc95f0dd500,none,False,False,,,,,0,0,https://api.linked-systems.uk/api/schema-org/dataset/1170752,
1879581,urn:gleaner.io:oih:bodc:data:35cc6a5d93e190128d27dd43d6c6f9f7dc462c27,tier1,True,False,DepBelowSurf,https://vocab.nerc.ac.uk/collection/P01/current/ADEPZZ01/,11.3,4814.9,1,0,https://api.linked-systems.uk/api/schema-org/dataset/1879581,
2014771,urn:gleaner.io:oih:bodc:data:68e9b90c75c99a517990043e2988c2229f01c255,tier2,False,False,Start_depth,https://vocab.nerc.ac.uk/collection/P01/current/DEPHPRST/,6.94,102.1,0,1,https://api.linked-systems.uk/api/schema-org/dataset/2014771,
1927960,urn:gleaner.io:oih:bodc:data:2556752ba1c77d3ac819b479f74001a452248f8d,tier1,True,False,DepBelowSurf,https://vocab.nerc.ac.uk/collection/P01/current/ADEPZZ01/,5,101,1,0,https://api.linked-systems.uk/api/schema-org/dataset/1927960,
1171085,urn:gleaner.io:oih:bodc:data:2c68fd8ffb12eb93d016aa07c4e2d4366bd6b453,tier2,False,False,BinDep,https://vocab.nerc.ac.uk/collection/P01/current/DBINAA01/,11,407,0,1,https://api.linked-systems.uk/api/schema-org/dataset/1171085,
1816868,urn:gleaner.io:oih:bodc:data:8124a40fb41454d4fb19e8e0d1b438a4fcb0d4ad,tier2,False,False,Start_depth,https://vocab.nerc.ac.uk/collection/P01/current/DEPHPRST/,4.96,349.71,0,1,https://api.linked-systems.uk/api/schema-org/dataset/1816868,
1927818,urn:gleaner.io:oih:bodc:data:5b5014db7834f1b7d228b96de8ac496146d31dc7,none,False,False,,,,,0,0,https://api.linked-systems.uk/api/schema-org/dataset/1927818,
1874226,urn:gleaner.io:oih:bodc:data:a39b11d2c4045026bee14f463bbbf43d9e1f6ab8,none,False,False,,,,,0,0,https://api.linked-systems.uk/api/schema-org/dataset/1874226,
2115880,urn:gleaner.io:oih:bodc:data:1ee0ac9916cf0e04227d4956080550f8758ca9e3,tier1,True,False,DepBelowSurf,https://vocab.nerc.ac.uk/collection/P01/current/ADEPZZ01/,6,504,1,0,https://api.linked-systems.uk/api/schema-org/dataset/2115880,
2138774,urn:gleaner.io:oih:bodc:data:389c27335aba5e93e0b062fd635fdbb6e3d014b2,none,False,False,,,,,0,0,https://api.linked-systems.uk/api/schema-org/dataset/2138774,
2046183,urn:gleaner.io:oih:bodc:data:5283d322c3e07d4a4c766b1d7047e6af13d6bf97,tier1,True,False,DepBelowSurf,https://vocab.nerc.ac.uk/collection/P01/current/ADEPZZ01/,13.6,4758,1,0,https://api.linked-systems.uk/api/schema-org/dataset/2046183,
2148480,urn:gleaner.io:oih:bodc:data:6d27959c26caeb1da9a7acfee16e9dee77ef4be6,tier1,True,False,DepBelowSurf,https://vocab.nerc.ac.uk/collection/P01/current/ADEPZZ01/,6.7,301.4,1,0,https://api.linked-systems.uk/api/schema-org/dataset/2148480,
1929063,urn:gleaner.io:oih:bodc:data:a83895cffc452629950c504eec74166043de710b,tier1,True,False,DepBelowSurf,https://vocab.nerc.ac.uk/collection/P01/current/ADEPZZ01/,5.2,101,1,0,https://api.linked-systems.uk/api/schema-org/dataset/1929063,
1880649,urn:gleaner.io:oih:bodc:data:d4dd731c9260e45f32b90dceaf4d6de3e1d729b9,tier1,True,False,DepBelowSurf,https://vocab.nerc.ac.uk/collection/P01/current/ADEPZZ01/,2,75,1,0,https://api.linked-systems.uk/api/schema-org/dataset/1880649,
1928999,urn:gleaner.io:oih:bodc:data:d80e89864ddbc1bc9811ce48ffcd713305166402,none,False,False,,,,,0,0,https://api.linked-systems.uk/api/schema-org/dataset/1928999,
888156,urn:gleaner.io:oih:bodc:data:eee64193edbedbc957f0c237bb85c32073cab22f,none,False,False,,,,,0,0,https://api.linked-systems.uk/api/schema-org/dataset/888156,
1225889,urn:gleaner.io:oih:bodc:data:2e5b4b9a0e398dbd712a05f8272f1dafcd110a24,none,False,False,,,,,0,0,https://api.linked-systems.uk/api/schema-org/dataset/1225889,
2051843,urn:gleaner.io:oih:bodc:data:d355ce99606fa9b87979b9c38c41e9b7154d31b0,none,False,False,,,,,0,0,https://api.linked-systems.uk/api/schema-org/dataset/2051843,
1177996,urn:gleaner.io:oih:bodc:data:1b90b521a867537da889307e00fd15bfff1147ac,none,False,False,,,,,0,0,https://api.linked-systems.uk/api/schema-org/dataset/1177996,
2048780,urn:gleaner.io:oih:bodc:data:256673e228930c723fdd36eedac5513707cc77e6,tier1,True,False,DepBelowSurf,https://vocab.nerc.ac.uk/collection/P01/current/ADEPZZ01/,13,4757.2,1,0,https://api.linked-systems.uk/api/schema-org/dataset/2048780,
1347106,urn:gleaner.io:oih:bodc:data:1839ddccb8abf72534bf5be6e92730da09128dbd,tier1,True,False,DepBelowSurf,https://vocab.nerc.ac.uk/collection/P01/current/ADEPZZ01/,5.8,1999.6,1,0,https://api.linked-systems.uk/api/schema-org/dataset/1347106,
888156,urn:gleaner.io:oih:bodc:data:80f04a7c62e9c8a970e2d8fe3f145efd7afc0ca9,none,False,False,,,,,0,0,https://api.linked-systems.uk/api/schema-org/dataset/888156,
1347235,urn:gleaner.io:oih:bodc:data:cfd59396524d485a9165c6e0a40d299145432d7d,none,False,False,,,,,0,0,https://api.linked-systems.uk/api/schema-org/dataset/1347235,
2118969,urn:gleaner.io:oih:bodc:data:38a299ac3b2d71ae902824f000a817ed08295c28,tier1,True,False,DepBelowSurf,https://vocab.nerc.ac.uk/collection/P01/current/ADEPZZ01/,12,501,1,0,https://api.linked-systems.uk/api/schema-org/dataset/2118969,
2046355,urn:gleaner.io:oih:bodc:data:c1cfa3f8c536b34a0994ed77d126edcd482fd938,tier1,True,False,DepBelowSurf,https://vocab.nerc.ac.uk/collection/P01/current/ADEPZZ01/,12.6,1001.5,1,0,https://api.linked-systems.uk/api/schema-org/dataset/2046355,
2001625,urn:gleaner.io:oih:bodc:data:03a84230a3807e05ceca74dbf78d35babe9006ab,none,False,False,,,,,0,0,https://api.linked-systems.uk/api/schema-org/dataset/2001625,
1903785,urn:gleaner.io:oih:bodc:data:ad1cf4e1490c49aad29dcdfc1aa6e9c718028aa4,tier2,False,False,SwathCBBathyDep,https://vocab.nerc.ac.uk/collection/P01/current/MBANSWCB/,,,0,1,https://api.linked-systems.uk/api/schema-org/dataset/1903785,
2053978,urn:gleaner.io:oih:bodc:data:1a5bcebaa681799cacb90278509cdbd245c57a96,none,False,False,,,,,0,0,https://api.linked-systems.uk/api/schema-org/dataset/2053978,
2001698,urn:gleaner.io:oih:bodc:data:295c2055735ff71b4d2110af9ac923301f45a20d,tier1,True,False,DepBelowSurf,https://vocab.nerc.ac.uk/collection/P01/current/ADEPZZ01/,9.7,4705.6,1,0,https://api.linked-systems.uk/api/schema-org/dataset/2001698,
1170985,urn:gleaner.io:oih:bodc:data:9a4f935d0beb273af705f14ccfbd9e56d095d329,none,False,False,,,,,0,0,https://api.linked-systems.uk/api/schema-org/dataset/1170985,
2014795,urn:gleaner.io:oih:bodc:data:378613983bea146155a76315c31fc4995e6e2981,none,False,False,,,,,0,0,https://api.linked-systems.uk/api/schema-org/dataset/2014795,
1928060,urn:gleaner.io:oih:bodc:data:b9105d4660077f8c420e6a24dd7f030c74c2109b,none,False,False,,,,,0,0,https://api.linked-systems.uk/api/schema-org/dataset/1928060,
2014783,urn:gleaner.io:oih:bodc:data:e5244948549789d287b0bb382fff97e5fc741e92,tier2,False,False,Start_depth,https://vocab.nerc.ac.uk/collection/P01/current/DEPHPRST/,20.82,4827.58,0,1,https://api.linked-systems.uk/api/schema-org/dataset/2014783,
2107818,urn:gleaner.io:oih:bodc:data:49c34139aece61cfe1a839f55d25f522a7e35716,none,False,False,,,,,0,0,https://api.linked-systems.uk/api/schema-org/dataset/2107818,
1347260,urn:gleaner.io:oih:bodc:data:3844fe051ef55c19809fdabff2cd5f03fe6208f7,none,False,False,,,,,0,0,https://api.linked-systems.uk/api/schema-org/dataset/1347260,
2014691,urn:gleaner.io:oih:bodc:data:6b3059ab0186ce604cfd9a0b42e9c35bec2c4dfc,tier2,False,False,Start_depth,https://vocab.nerc.ac.uk/collection/P01/current/DEPHPRST/,0.99,104.08,0,1,https://api.linked-systems.uk/api/schema-org/dataset/2014691,
2148246,urn:gleaner.io:oih:bodc:data:1f08b0cacf7a2dacbce0ce075f4073b8f3bd4e21,none,False,False,,,,,0,0,https://api.linked-systems.uk/api/schema-org/dataset/2148246,
1927923,urn:gleaner.io:oih:bodc:data:22c372717a4c6fcea0ff29afae6c96b0717aef51,none,False,False,,,,,0,0,https://api.linked-systems.uk/api/schema-org/dataset/1927923,
1928115,urn:gleaner.io:oih:bodc:data:26980c3f1b4b1399c8e9df78f4799f29ca175135,none,False,False,,,,,0,0,https://api.linked-systems.uk/api/schema-org/dataset/1928115,
1880791,urn:gleaner.io:oih:bodc:data:96e0254289303f0d71deeec2ac5714001ea31e90,tier1,True,False,DepBelowSurf,https://vocab.nerc.ac.uk/collection/P01/current/ADEPZZ01/,5,200,1,0,https://api.linked-systems.uk/api/schema-org/dataset/1880791,
2105793,urn:gleaner.io:oih:bodc:data:c6238f463bb760cc8b5daf6d483700f39194dbe8,none,False,False,,,,,0,0,https://api.linked-systems.uk/api/schema-org/dataset/2105793,
2148572,urn:gleaner.io:oih:bodc:data:50c65262d1a55388bb22f5e1e2d184ea8bcd6c50,tier1,True,False,DepBelowSurf,https://vocab.nerc.ac.uk/collection/P01/current/ADEPZZ01/,4.9,300.2,1,0,https://api.linked-systems.uk/api/schema-org/dataset/2148572,
1225889,urn:gleaner.io:oih:bodc:data:2286f34e5421ec758c7b1b50899d86a03dbefc2a,none,False,False,,,,,0,0,https://api.linked-systems.uk/api/schema-org/dataset/1225889,
2115799,urn:gleaner.io:oih:bodc:data:2f5a975ec7366ef00908cbfb7392a707eb4b1a17,none,False,False,,,,,0,0,https://api.linked-systems.uk/api/schema-org/dataset/2115799,
1350765,urn:gleaner.io:oih:bodc:data:0e68b1a403039eb36a670f98cb56e590cae23f1d,tier1,True,False,DepBelowSurf,https://vocab.nerc.ac.uk/collection/P01/current/ADEPZZ01/,6.3,38,1,0,https://api.linked-systems.uk/api/schema-org/dataset/1350765,
2026643,urn:gleaner.io:oih:bodc:data:258242d11c4fdfaa7b86562292d25689e0386781,none,False,False,,,,,0,0,https://api.linked-systems.uk/api/schema-org/dataset/2026643,
1880662,urn:gleaner.io:oih:bodc:data:3537b4b293ad37cdcd75dd465673997736c8623e,tier1,True,False,DepBelowSurf,https://vocab.nerc.ac.uk/collection/P01/current/ADEPZZ01/,5,200,1,0,https://api.linked-systems.uk/api/schema-org/dataset/1880662,
2119021,urn:gleaner.io:oih:bodc:data:79035fe3de6ae0be6b965adf25d70a5fd225dc40,none,False,False,,,,,0,0,https://api.linked-systems.uk/api/schema-org/dataset/2119021,
1989700,urn:gleaner.io:oih:bodc:data:9cff191d1753773e39a1f6a092e8b64039bcfde8,none,False,False,,,,,0,0,https://api.linked-systems.uk/api/schema-org/dataset/1989700,
2148117,urn:gleaner.io:oih:bodc:data:4abf4a09dab32e5ec02c00e30eaa7e9372d5841f,none,False,False,,,,,0,0,https://api.linked-systems.uk/api/schema-org/dataset/2148117,
1347327,urn:gleaner.io:oih:bodc:data:a41e67f1569c1169addfbb75500885f692a5dedf,tier1,True,False,DepBelowSurf,https://vocab.nerc.ac.uk/collection/P01/current/ADEPZZ01/,5.8,126.2,1,0,https://api.linked-systems.uk/api/schema-org/dataset/1347327,
1225970,urn:gleaner.io:oih:bodc:data:111c339ceafb27b78eaf505688a133e258c07924,tier_instrument,False,True,,,,,0,0,https://api.linked-systems.uk/api/schema-org/dataset/1225970,
1350728,urn:gleaner.io:oih:bodc:data:6e096173da5ff8079600a81fdd2792c31b28265f,none,False,False,,,,,0,0,https://api.linked-systems.uk/api/schema-org/dataset/1350728,
2012069,urn:gleaner.io:oih:bodc:data:017b8165a291dc71b8aad65cf92824b829b5be00,none,False,False,,,,,0,0,https://api.linked-systems.uk/api/schema-org/dataset/2012069,
1177806,urn:gleaner.io:oih:bodc:data:89f4b24b3b938eb112796b2bc806ba8c746a4f92,none,False,False,,,,,0,0,https://api.linked-systems.uk/api/schema-org/dataset/1177806,
2046238,urn:gleaner.io:oih:bodc:data:fb325d42bb44d146ad80d9634b05f6485569bb4b,none,False,False,,,,,0,0,https://api.linked-systems.uk/api/schema-org/dataset/2046238,
1816924,urn:gleaner.io:oih:bodc:data:441b3875d16b97d93ab06446cfbce81363adc78d,tier2,False,False,Start_depth,https://vocab.nerc.ac.uk/collection/P01/current/DEPHPRST/,4.96,351.69,0,1,https://api.linked-systems.uk/api/schema-org/dataset/1816924,
2048792,urn:gleaner.io:oih:bodc:data:f92d69cc327851791a2500c814d88d4837f37bb0,tier1,True,False,DepBelowSurf,https://vocab.nerc.ac.uk/collection/P01/current/ADEPZZ01/,12,4755,1,0,https://api.linked-systems.uk/api/schema-org/dataset/2048792,
1916901,urn:gleaner.io:oih:bodc:data:49c5fa1e4ef37eebb309eff3febd9bd5da5e064e,tier1,True,False,DepBelowSurf,https://vocab.nerc.ac.uk/collection/P01/current/ADEPZZ01/,20.6,4826.7,1,0,https://api.linked-systems.uk/api/schema-org/dataset/1916901,
2148431,urn:gleaner.io:oih:bodc:data:e5501ff61566d751dda77bbb66d98fe8b5882cf3,none,False,False,,,,,0,0,https://api.linked-systems.uk/api/schema-org/dataset/2148431,
2107714,urn:gleaner.io:oih:bodc:data:be492c14841585c986239e3adbf576a96f0ddb0b,tier1,True,False,DepBelowSurf,https://vocab.nerc.ac.uk/collection/P01/current/ADEPZZ01/,15,200,1,0,https://api.linked-systems.uk/api/schema-org/dataset/2107714,
2148688,urn:gleaner.io:oih:bodc:data:c0789a8f473edd64a82c6218a12d7ef29603b2f9,tier1,True,False,DepBelowSurf,https://vocab.nerc.ac.uk/collection/P01/current/ADEPZZ01/,4.9,300,1,0,https://api.linked-systems.uk/api/schema-org/dataset/2148688,
1226033,urn:gleaner.io:oih:bodc:data:636eb0e10a8fadf2ce03511dd355ebb2be0dea40,tier_instrument,False,True,,,,,0,0,https://api.linked-systems.uk/api/schema-org/dataset/1226033,
1226069,urn:gleaner.io:oih:bodc:data:5779872202b14195a6dcddacd1dce15b3c789522,tier_instrument,False,True,,,,,0,0,https://api.linked-systems.uk/api/schema-org/dataset/1226069,
1347014,urn:gleaner.io:oih:bodc:data:f728d94d84afeba816eb6d9d40ee82279aee027c,tier1,True,False,DepBelowSurf,https://vocab.nerc.ac.uk/collection/P01/current/ADEPZZ01/,6.4,999.9,1,0,https://api.linked-systems.uk/api/schema-org/dataset/1347014,
2148664,urn:gleaner.io:oih:bodc:data:51df62c54b88a6abece10ffa46c638c4f1e110f3,tier1,True,False,DepBelowSurf,https://vocab.nerc.ac.uk/collection/P01/current/ADEPZZ01/,51.8,302.2,1,0,https://api.linked-systems.uk/api/schema-org/dataset/2148664,
1171097,urn:gleaner.io:oih:bodc:data:c6b30007cf27e45b19999479889de5c4b9243937,tier2,False,False,BinDep,https://vocab.nerc.ac.uk/collection/P01/current/DBINAA01/,11,407,0,1,https://api.linked-systems.uk/api/schema-org/dataset/1171097,
2001637,urn:gleaner.io:oih:bodc:data:ac843c3612e4569a7a4807f72d382dfa59247927,none,False,False,,,,,0,0,https://api.linked-systems.uk/api/schema-org/dataset/2001637,
1989607,urn:gleaner.io:oih:bodc:data:3c99f911576f7d971c1f523719344a997f72886f,none,False,False,,,,,0,0,https://api.linked-systems.uk/api/schema-org/dataset/1989607,
2148916,urn:gleaner.io:oih:bodc:data:3ec6548c219a2a88ae682ccec31a51a96cbe0372,tier1,True,False,DepBelowSurf,https://vocab.nerc.ac.uk/collection/P01/current/ADEPZZ01/,5.5,100.5,1,0,https://api.linked-systems.uk/api/schema-org/dataset/2148916,
2119008,urn:gleaner.io:oih:bodc:data:ca3a49618e49672cff83c2027e2840a19289fc49,none,False,False,,,,,0,0,https://api.linked-systems.uk/api/schema-org/dataset/2119008,
1928084,urn:gleaner.io:oih:bodc:data:9cb7bcd8a2b20bc37df8ff63f9931e2742e99eef,tier1,True,False,DepBelowSurf,https://vocab.nerc.ac.uk/collection/P01/current/ADEPZZ01/,4.7,49.2,1,0,https://api.linked-systems.uk/api/schema-org/dataset/1928084,
2148295,urn:gleaner.io:oih:bodc:data:ec17e181729357e46b356761c84200e5df023740,tier1,True,False,DepBelowSurf,https://vocab.nerc.ac.uk/collection/P01/current/ADEPZZ01/,6.3,300.3,1,0,https://api.linked-systems.uk/api/schema-org/dataset/2148295,
1816807,urn:gleaner.io:oih:bodc:data:4fffe7d6e602e1b3e4e8e5b4355076d9ced0298c,tier2,False,False,Start_depth,https://vocab.nerc.ac.uk/collection/P01/current/DEPHPRST/,4.96,351.68,0,1,https://api.linked-systems.uk/api/schema-org/dataset/1816807,
2148375,urn:gleaner.io:oih:bodc:data:07335c6055c40717e0dfab3ed81c630c8c943b9f,tier1,True,False,DepBelowSurf,https://vocab.nerc.ac.uk/collection/P01/current/ADEPZZ01/,5.8,151.2,1,0,https://api.linked-systems.uk/api/schema-org/dataset/2148375,
2004186,urn:gleaner.io:oih:bodc:data:9c146fbe6e3497db5e83f6238b5f5a89eb2dc847,tier1,True,False,DepBelowSurf,https://vocab.nerc.ac.uk/collection/P01/current/ADEPZZ01/,9.9,100.6,1,0,https://api.linked-systems.uk/api/schema-org/dataset/2004186,
1171061,urn:gleaner.io:oih:bodc:data:ef8c2970ba85c0bfa21f99257c08bcea9bdfb546,none,False,False,,,,,0,0,https://api.linked-systems.uk/api/schema-org/dataset/1171061,
1177370,urn:gleaner.io:oih:bodc:data:725915b023958a6721cbba87e2ca299d3861a206,none,False,False,,,,,0,0,https://api.linked-systems.uk/api/schema-org/dataset/1177370,
2148928,urn:gleaner.io:oih:bodc:data:128e6fd03c0fbe03bf1baa5566def8765c978647,tier1,True,False,DepBelowSurf,https://vocab.nerc.ac.uk/collection/P01/current/ADEPZZ01/,4.9,99.4,1,0,https://api.linked-systems.uk/api/schema-org/dataset/2148928,
1916882,urn:gleaner.io:oih:bodc:data:332dac783c556dac51e0c28d3ffbac8683639544,tier1,True,False,DepBelowSurf,https://vocab.nerc.ac.uk/collection/P01/current/ADEPZZ01/,34.7,4829.4,1,0,https://api.linked-systems.uk/api/schema-org/dataset/1916882,
1816764,urn:gleaner.io:oih:bodc:data:226d4646d1126ba681991a9a547494a3cd9c43df,none,False,False,,,,,0,0,https://api.linked-systems.uk/api/schema-org/dataset/1816764,
1816948,urn:gleaner.io:oih:bodc:data:a53b5e9ab55d30a5f3229ce5740c275d4a3b7d35,tier2,False,False,Start_depth,https://vocab.nerc.ac.uk/collection/P01/current/DEPHPRST/,4.96,351.69,0,1,https://api.linked-systems.uk/api/schema-org/dataset/1816948,
1226291,urn:gleaner.io:oih:bodc:data:b03d3bf92e24b3cf64526b87e332a6605cf2d7da,tier_instrument,False,True,,,,,0,0,https://api.linked-systems.uk/api/schema-org/dataset/1226291,
1927879,urn:gleaner.io:oih:bodc:data:b60dccc300b0dbe8963a0a23504d4594ef93290f,tier1,True,False,DepBelowSurf,https://vocab.nerc.ac.uk/collection/P01/current/ADEPZZ01/,3,150,1,0,https://api.linked-systems.uk/api/schema-org/dataset/1927879,
2110666,urn:gleaner.io:oih:bodc:data:756976260e5fe0905e37d047743858b13c9ec0de,none,False,False,,,,,0,0,https://api.linked-systems.uk/api/schema-org/dataset/2110666,
2111866,urn:gleaner.io:oih:bodc:data:931e1bfb6f30712f6df3f9c74d1ac01d5c967c68,tier1,True,False,DepBelowSurf,https://vocab.nerc.ac.uk/collection/P01/current/ADEPZZ01/,10,4500,1,0,https://api.linked-systems.uk/api/schema-org/dataset/2111866,
2107763,urn:gleaner.io:oih:bodc:data:a26e9546d878f09be3a0ee7724a265d2369654fd,tier1,True,False,DepBelowSurf,https://vocab.nerc.ac.uk/collection/P01/current/ADEPZZ01/,25,90,1,0,https://api.linked-systems.uk/api/schema-org/dataset/2107763,
2107591,urn:gleaner.io:oih:bodc:data:ad83a579cbb9e4faf996bbacca5edb111a8ba9fe,none,False,False,,,,,0,0,https://api.linked-systems.uk/api/schema-org/dataset/2107591,
2046214,urn:gleaner.io:oih:bodc:data:187cf218b78d9fab493487a4ffffb260040d5b1f,tier1,True,False,DepBelowSurf,https://vocab.nerc.ac.uk/collection/P01/current/ADEPZZ01/,12.6,203.7,1,0,https://api.linked-systems.uk/api/schema-org/dataset/2046214,
,urn:gleaner.io:oih:bodc:data:5a4af98cd4002cd1bec24b3fd5c5cc07c20d239c,none,False,False,,,,,0,0,https://gleaner.io/xid/genid/d5qt03kih1qc738atsl0,
1927960,urn:gleaner.io:oih:bodc:data:59dc829b6542b9d745a021a2e8688f37a5b11fb9,tier1,True,False,DepBelowSurf,https://vocab.nerc.ac.uk/collection/P01/current/ADEPZZ01/,5,101,1,0,https://api.linked-systems.uk/api/schema-org/dataset/1927960,
2148363,urn:gleaner.io:oih:bodc:data:5c4d344be2cbc2b54b832a75063c6b7654b0f3a6,tier1,True,False,DepBelowSurf,https://vocab.nerc.ac.uk/collection/P01/current/ADEPZZ01/,6,301.2,1,0,https://api.linked-systems.uk/api/schema-org/dataset/2148363,
1347026,urn:gleaner.io:oih:bodc:data:5c4e26b3c608594ded34d8907f8605a7736e6d09,tier1,True,False,DepBelowSurf,https://vocab.nerc.ac.uk/collection/P01/current/ADEPZZ01/,6,996.1,1,0,https://api.linked-systems.uk/api/schema-org/dataset/1347026,
1346834,urn:gleaner.io:oih:bodc:data:cc5e74b028f6774fa8f4b443cef3cec2d38452ae,none,False,False,,,,,0,0,https://api.linked-systems.uk/api/schema-org/dataset/1346834,
1848188,urn:gleaner.io:oih:bodc:data:010ec6341d504ca1355b7c5970cc5e968b2a3f3e,none,False,False,,,,,0,0,https://api.linked-systems.uk/api/schema-org/dataset/1848188,
2053966,urn:gleaner.io:oih:bodc:data:47f56e501b86226ed7af5348b8137a40bed1ad93,tier2,False,False,SwathCBBathyDep,https://vocab.nerc.ac.uk/collection/P01/current/MBANSWCB/,,,0,1,https://api.linked-systems.uk/api/schema-org/dataset/2053966,
1929087,urn:gleaner.io:oih:bodc:data:91d759df5976307708b4c4832850f315b9b76b96,none,False,False,,,,,0,0,https://api.linked-systems.uk/api/schema-org/dataset/1929087,
1850992,urn:gleaner.io:oih:bodc:data:d277a76eddf62470b2ff41462290a56262e3e0c1,none,False,False,,,,,0,0,https://api.linked-systems.uk/api/schema-org/dataset/1850992,
2110642,urn:gleaner.io:oih:bodc:data:22d64804d3e52aa1bbd0e19162c506d147d8d863,none,False,False,,,,,0,0,https://api.linked-systems.uk/api/schema-org/dataset/2110642,
1347026,urn:gleaner.io:oih:bodc:data:58999581dd9722f648e811321dfa19b4b7468e0f,tier1,True,False,DepBelowSurf,https://vocab.nerc.ac.uk/collection/P01/current/ADEPZZ01/,6,996.1,1,0,https://api.linked-systems.uk/api/schema-org/dataset/1347026,
2053991,urn:gleaner.io:oih:bodc:data:692094edf0e7e881d62972849908a7012f2a51c4,none,False,False,,,,,0,0,https://api.linked-systems.uk/api/schema-org/dataset/2053991,
2107855,urn:gleaner.io:oih:bodc:data:c44b84f40d96b1e7c4e678f049380d5df0368d46,tier1,True,False,DepBelowSurf,https://vocab.nerc.ac.uk/collection/P01/current/ADEPZZ01/,15,500,1,0,https://api.linked-systems.uk/api/schema-org/dataset/2107855,
2048823,urn:gleaner.io:oih:bodc:data:292c97b4c5b18485cf0a94f206dc49254e09f303,tier1,True,False,DepBelowSurf,https://vocab.nerc.ac.uk/collection/P01/current/ADEPZZ01/,8,204,1,0,https://api.linked-systems.uk/api/schema-org/dataset/2048823,
1816727,urn:gleaner.io:oih:bodc:data:93ca00a4210b9574007341894c806b95652dee5e,none,False,False,,,,,0,0,https://api.linked-systems.uk/api/schema-org/dataset/1816727,
1880729,urn:gleaner.io:oih:bodc:data:d2b7fb00c0fb5aef4a434e1919e4f2128a81a2d0,none,False,False,,,,,0,0,https://api.linked-systems.uk/api/schema-org/dataset/1880729,
1170807,urn:gleaner.io:oih:bodc:data:e2ec2ea6a1706ca82cf496687faac9c601c52a26,tier2,False,False,BinDep,https://vocab.nerc.ac.uk/collection/P01/current/DBINAA01/,11,407,0,1,https://api.linked-systems.uk/api/schema-org/dataset/1170807,
1178011,urn:gleaner.io:oih:bodc:data:18e26f30600c6d7c499978cb28efe1d47b4156ee,none,False,False,,,,,0,0,https://api.linked-systems.uk/api/schema-org/dataset/1178011,
2148768,urn:gleaner.io:oih:bodc:data:7827bf9e8d7c76bb1c4dd6bdddd218314a34d19c,none,False,False,,,,,0,0,https://api.linked-systems.uk/api/schema-org/dataset/2148768,
1876687,urn:gleaner.io:oih:bodc:data:55b500c9f5588fd797de6d3f7f3a5c8c2973c429,none,False,False,,,,,0,0,https://api.linked-systems.uk/api/schema-org/dataset/1876687,
2014709,urn:gleaner.io:oih:bodc:data:314db42246cc72a7bf741467f6117233de13f20e,none,False,False,,,,,0,0,https://api.linked-systems.uk/api/schema-org/dataset/2014709,
2048779,urn:gleaner.io:oih:bodc:data:329d8f847ac6849b5d973def49cea1c40325c59e,tier1,True,False,DepBelowSurf,https://vocab.nerc.ac.uk/collection/P01/current/ADEPZZ01/,13.1,825.8,1,0,https://api.linked-systems.uk/api/schema-org/dataset/2048779,
2046331,urn:gleaner.io:oih:bodc:data:9f0cafe61306186b863ce57493e0017fce50efa0,none,False,False,,,,,0,0,https://api.linked-systems.uk/api/schema-org/dataset/2046331,
2148676,urn:gleaner.io:oih:bodc:data:8f55a9767b231dded419f00486cbe9463cfc1f5d,tier1,True,False,DepBelowSurf,https://vocab.nerc.ac.uk/collection/P01/current/ADEPZZ01/,5.3,298.5,1,0,https://api.linked-systems.uk/api/schema-org/dataset/2148676,
2013012,urn:gleaner.io:oih:bodc:data:c59af875ff601844a8e10a168cdcd46fa7b2a692,tier_instrument,False,True,,,,,0,0,https://api.linked-systems.uk/api/schema-org/dataset/2013012,
2107658,urn:gleaner.io:oih:bodc:data:8bd5667366a706a951c456802d6f01fc1790d935,none,False,False,,,,,0,0,https://api.linked-systems.uk/api/schema-org/dataset/2107658,
2053978,urn:gleaner.io:oih:bodc:data:cf9e3b2f5ebec00d1a32f7b2997269e475ee619f,none,False,False,,,,,0,0,https://api.linked-systems.uk/api/schema-org/dataset/2053978,
1839401,urn:gleaner.io:oih:bodc:data:8a843179b344467eefdb65d2856ca7eb017ac7ae,none,False,False,,,,,0,0,https://api.linked-systems.uk/api/schema-org/dataset/1839401,
2148560,urn:gleaner.io:oih:bodc:data:ecffea7db2012cf537a01cf409f29872881228a2,none,False,False,,,,,0,0,https://api.linked-systems.uk/api/schema-org/dataset/2148560,
2107634,urn:gleaner.io:oih:bodc:data:413e585555bd95312e34da1b6c4528e4a861e97b,tier1,True,False,DepBelowSurf,https://vocab.nerc.ac.uk/collection/P01/current/ADEPZZ01/,11,70,1,0,https://api.linked-systems.uk/api/schema-org/dataset/2107634,
2046251,urn:gleaner.io:oih:bodc:data:c3956544feade56b4385310d2ba038a112a35d12,tier1,True,False,DepBelowSurf,https://vocab.nerc.ac.uk/collection/P01/current/ADEPZZ01/,13,4757.2,1,0,https://api.linked-systems.uk/api/schema-org/dataset/2046251,
2107738,urn:gleaner.io:oih:bodc:data:389d197dcbf6acd19a83b2c743c50e83c8c24886,tier1,True,False,DepBelowSurf,https://vocab.nerc.ac.uk/collection/P01/current/ADEPZZ01/,40,4800,1,0,https://api.linked-systems.uk/api/schema-org/dataset/2107738,
1177892,urn:gleaner.io:oih:bodc:data:8d5adfc29ca6ece90ed94e5d003fbe4966581473,none,False,False,,,,,0,0,https://api.linked-systems.uk/api/schema-org/dataset/1177892,
1225933,urn:gleaner.io:oih:bodc:data:98f020018d80cda4f550d290724f8b78fe753833,none,False,False,,,,,0,0,https://api.linked-systems.uk/api/schema-org/dataset/1225933,
1927923,urn:gleaner.io:oih:bodc:data:73b5fbe434f19e0f0b9b812bbc4b5845a6e73b78,tier1,True,False,DepBelowSurf,https://vocab.nerc.ac.uk/collection/P01/current/ADEPZZ01/,2,150,1,0,https://api.linked-systems.uk/api/schema-org/dataset/1927923,
1876638,urn:gleaner.io:oih:bodc:data:b4a5dfc0ed61a97c6966a4660576257d0643de69,none,False,False,,,,,0,0,https://api.linked-systems.uk/api/schema-org/dataset/1876638,
2148443,urn:gleaner.io:oih:bodc:data:9d09dd63af7ad66f8ede54aab776014c82c81726,none,False,False,,,,,0,0,https://api.linked-systems.uk/api/schema-org/dataset/2148443,
2115831,urn:gleaner.io:oih:bodc:data:50202baca26a2e098a07c768c2e90843774495a9,none,False,False,,,,,0,0,https://api.linked-systems.uk/api/schema-org/dataset/2115831,
1876663,urn:gleaner.io:oih:bodc:data:a19f9b065b1645881678b8b69660907a176fc9c4,none,False,False,,,,,0,0,https://api.linked-systems.uk/api/schema-org/dataset/1876663,
1171097,urn:gleaner.io:oih:bodc:data:a99f132c4e690d12bbeaa6ae6639b062e41513cf,none,False,False,,,,,0,0,https://api.linked-systems.uk/api/schema-org/dataset/1171097,
2110709,urn:gleaner.io:oih:bodc:data:d3a178013fafcee29af9d6679362c6435c2e431d,none,False,False,,,,,0,0,https://api.linked-systems.uk/api/schema-org/dataset/2110709,
1226346,urn:gleaner.io:oih:bodc:data:02235701452d26e8fe47ce0f4bb77d10239c7fb6,none,False,False,,,,,0,0,https://api.linked-systems.uk/api/schema-org/dataset/1226346,
2004186,urn:gleaner.io:oih:bodc:data:7ebae02d1164933eabd75401150c88126ec0d914,tier1,True,False,DepBelowSurf,https://vocab.nerc.ac.uk/collection/P01/current/ADEPZZ01/,9.9,100.6,1,0,https://api.linked-systems.uk/api/schema-org/dataset/2004186,
1816820,urn:gleaner.io:oih:bodc:data:678036d191e27d7a38db8e6a24e8d48d22d29abc,none,False,False,,,,,0,0,https://api.linked-systems.uk/api/schema-org/dataset/1816820,
1177609,urn:gleaner.io:oih:bodc:data:0018ba3066cb188aee3d16950f2b2be2f205afa1,none,False,False,,,,,0,0,https://api.linked-systems.uk/api/schema-org/dataset/1177609,
888193,urn:gleaner.io:oih:bodc:data:3235f0a85ba8d84c36c183da0b9e8447e2739886,none,False,False,,,,,0,0,https://api.linked-systems.uk/api/schema-org/dataset/888193,
1927935,urn:gleaner.io:oih:bodc:data:7ce5b73ecb3d0d1495f3c492d478d7a96b3115a9,none,False,False,,,,,0,0,https://api.linked-systems.uk/api/schema-org/dataset/1927935,
1879648,urn:gleaner.io:oih:bodc:data:13d5ff821e61e247e19d8a4c96106eda24c1be56,none,False,False,,,,,0,0,https://api.linked-systems.uk/api/schema-org/dataset/1879648,
1928140,urn:gleaner.io:oih:bodc:data:89b657a7dbb10fa65ff01b89fefb2bf6bfd8cc66,none,False,False,,,,,0,0,https://api.linked-systems.uk/api/schema-org/dataset/1928140,
1876699,urn:gleaner.io:oih:bodc:data:ac1e08783498d9f101011e336b11d149d426b532,none,False,False,,,,,0,0,https://api.linked-systems.uk/api/schema-org/dataset/1876699,
2001729,urn:gleaner.io:oih:bodc:data:6b9fc4da98f430c7dddbfec529e5e848916f0247,none,False,False,,,,,0,0,https://api.linked-systems.uk/api/schema-org/dataset/2001729,
1226309,urn:gleaner.io:oih:bodc:data:1306a6f5431082be930002f262d9cbcd4da57404,tier_instrument,False,True,,,,,0,0,https://api.linked-systems.uk/api/schema-org/dataset/1226309,
2053966,urn:gleaner.io:oih:bodc:data:2785e9fb69ffb57a42dea958b8f767277cbe506d,tier2,False,False,SwathCBBathyDep,https://vocab.nerc.ac.uk/collection/P01/current/MBANSWCB/,,,0,1,https://api.linked-systems.uk/api/schema-org/dataset/2053966,
1874411,urn:gleaner.io:oih:bodc:data:a77ce1819fabe1abd02a7aa11ba8a76b0b62b32e,tier1,True,False,DepBelowSurf,https://vocab.nerc.ac.uk/collection/P01/current/ADEPZZ01/,10,4829,1,0,https://api.linked-systems.uk/api/schema-org/dataset/1874411,
1874251,urn:gleaner.io:oih:bodc:data:326c96948f5063e7eb3234f68b8dc1ccd65a784a,tier1,True,False,DepBelowSurf,https://vocab.nerc.ac.uk/collection/P01/current/ADEPZZ01/,12,501,1,0,https://api.linked-systems.uk/api/schema-org/dataset/1874251,
2153537,urn:gleaner.io:oih:bodc:data:ee43dcee5bb1ae4a67aa8d1efd51d275efb6281e,none,False,False,,,,,0,0,https://api.linked-systems.uk/api/schema-org/dataset/2153537,
1226070,urn:gleaner.io:oih:bodc:data:5e2f8f7840683570982bc0cb6a087d55041f889d,none,False,False,,,,,0,0,https://api.linked-systems.uk/api/schema-org/dataset/1226070,
1816912,urn:gleaner.io:oih:bodc:data:3af0e3335e0a185405513917a4ea82abc075aa42,tier2,False,False,Start_depth,https://vocab.nerc.ac.uk/collection/P01/current/DEPHPRST/,2.97,351.69,0,1,https://api.linked-systems.uk/api/schema-org/dataset/1816912,
2014710,urn:gleaner.io:oih:bodc:data:c6cd13d1f4dbc9d68cbb3d8243cfa16f777a9d03,none,False,False,,,,,0,0,https://api.linked-systems.uk/api/schema-org/dataset/2014710,
1347259,urn:gleaner.io:oih:bodc:data:0d8fec04a75ab503642d254817f9e246cbccacbe,none,False,False,,,,,0,0,https://api.linked-systems.uk/api/schema-org/dataset/1347259,
1225889,urn:gleaner.io:oih:bodc:data:fc51882fb92e18bb38c995efbf76a2065ca4d614,tier_instrument,False,True,,,,,0,0,https://api.linked-systems.uk/api/schema-org/dataset/1225889,
1874392,urn:gleaner.io:oih:bodc:data:1f5b20905589c4b094e9f7910cbe9290dea6d97f,none,False,False,,,,,0,0,https://api.linked-systems.uk/api/schema-org/dataset/1874392,
2026643,urn:gleaner.io:oih:bodc:data:49fb80a4f869fac577f1ddff86a951a5ca4c7f59,tier_instrument,False,True,,,,,0,0,https://api.linked-systems.uk/api/schema-org/dataset/2026643,
2153482,urn:gleaner.io:oih:bodc:data:1acec241253fc18e9153258a51e268b3e25bbbec,tier1,True,False,DepBelowSurf,https://vocab.nerc.ac.uk/collection/P01/current/ADEPZZ01/,20,4816,1,0,https://api.linked-systems.uk/api/schema-org/dataset/2153482,
2001729,urn:gleaner.io:oih:bodc:data:e2c59232ab08fe2e16a4e257906022f17c9f1095,tier1,True,False,DepBelowSurf,https://vocab.nerc.ac.uk/collection/P01/current/ADEPZZ01/,9.9,100.6,1,0,https://api.linked-systems.uk/api/schema-org/dataset/2001729,
2148258,urn:gleaner.io:oih:bodc:data:b134711f36c04860472f56ebde6ce4da390fc736,tier1,True,False,DepBelowSurf,https://vocab.nerc.ac.uk/collection/P01/current/ADEPZZ01/,5.3,300.4,1,0,https://api.linked-systems.uk/api/schema-org/dataset/2148258,
2014746,urn:gleaner.io:oih:bodc:data:5327706d4318a5c2c35eabd7c0f23178f392c578,none,False,False,,,,,0,0,https://api.linked-systems.uk/api/schema-org/dataset/2014746,
1171085,urn:gleaner.io:oih:bodc:data:e96446d947112211f76aed0438d2e118851b788d,none,False,False,,,,,0,0,https://api.linked-systems.uk/api/schema-org/dataset/1171085,
1347143,urn:gleaner.io:oih:bodc:data:97a978e370a595ebea6e8528511dad61a3602cc7,tier1,True,False,DepBelowSurf,https://vocab.nerc.ac.uk/collection/P01/current/ADEPZZ01/,6,987.8,1,0,https://api.linked-systems.uk/api/schema-org/dataset/1347143,
1350728,urn:gleaner.io:oih:bodc:data:6362997ab9a6fdb6e0c91d46bdd597914c27410b,none,False,False,,,,,0,0,https://api.linked-systems.uk/api/schema-org/dataset/1350728,
1350753,urn:gleaner.io:oih:bodc:data:f65213e0538756cd8353538c6014963824bc4f3b,none,False,False,,,,,0,0,https://api.linked-systems.uk/api/schema-org/dataset/1350753,
1226310,urn:gleaner.io:oih:bodc:data:6ab463446603fa0fc49f4b59c9314e843dfb2122,tier_instrument,False,True,,,,,0,0,https://api.linked-systems.uk/api/schema-org/dataset/1226310,
1928072,urn:gleaner.io:oih:bodc:data:9edf7202b251849cb4cdea1b11a4d7bac0f39984,tier1,True,False,DepBelowSurf,https://vocab.nerc.ac.uk/collection/P01/current/ADEPZZ01/,28.3,128.9,1,0,https://api.linked-systems.uk/api/schema-org/dataset/1928072,
1225969,urn:gleaner.io:oih:bodc:data:a0c3ec796edf453670b83c0d6a39479bb81bbe5e,tier_instrument,False,True,,,,,0,0,https://api.linked-systems.uk/api/schema-org/dataset/1225969,
2148098,urn:gleaner.io:oih:bodc:data:f306d54a4ae8d5574c664fba69bc5d2eeeb0b9ca,tier1,True,False,DepBelowSurf,https://vocab.nerc.ac.uk/collection/P01/current/ADEPZZ01/,5.6,300.7,1,0,https://api.linked-systems.uk/api/schema-org/dataset/2148098,
2107867,urn:gleaner.io:oih:bodc:data:7e0be220b8de46f3419591573d99957bc1ae0d99,none,False,False,,,,,0,0,https://api.linked-systems.uk/api/schema-org/dataset/2107867,
2148781,urn:gleaner.io:oih:bodc:data:46879d6ec23e9486110719cffdd25d6983e5cedf,none,False,False,,,,,0,0,https://api.linked-systems.uk/api/schema-org/dataset/2148781,
1880717,urn:gleaner.io:oih:bodc:data:531b867e2d4b9b0f9c3a0741e9afe69092709a16,none,False,False,,,,,0,0,https://api.linked-systems.uk/api/schema-org/dataset/1880717,
2004198,urn:gleaner.io:oih:bodc:data:8b18d02b8616ab3623da5819f30003f4495edccb,tier1,True,False,DepBelowSurf,https://vocab.nerc.ac.uk/collection/P01/current/ADEPZZ01/,9.7,4729.6,1,0,https://api.linked-systems.uk/api/schema-org/dataset/2004198,
1839425,urn:gleaner.io:oih:bodc:data:06197287024ef7be769dac3faf300105813a59c0,none,False,False,,,,,0,0,https://api.linked-systems.uk/api/schema-org/dataset/1839425,
1226229,urn:gleaner.io:oih:bodc:data:919ca1237aa0a18fc24e2344edc47945b6e356a5,none,False,False,,,,,0,0,https://api.linked-systems.uk/api/schema-org/dataset/1226229,
1880601,urn:gleaner.io:oih:bodc:data:b635f4ca37b8e19905eda52bc6c48d30974d1969,tier1,True,False,DepBelowSurf,https://vocab.nerc.ac.uk/collection/P01/current/ADEPZZ01/,0,4500,1,0,https://api.linked-systems.uk/api/schema-org/dataset/1880601,
1916845,urn:gleaner.io:oih:bodc:data:e45a6f571ae7f8b51a575191202bcc4f29205e30,none,False,False,,,,,0,0,https://api.linked-systems.uk/api/schema-org/dataset/1916845,
1170856,urn:gleaner.io:oih:bodc:data:f4667bc16df03832dc0caf6118a934b930d5d8ca,tier2,False,False,BinDep,https://vocab.nerc.ac.uk/collection/P01/current/DBINAA01/,11,407,0,1,https://api.linked-systems.uk/api/schema-org/dataset/1170856,
2148861,urn:gleaner.io:oih:bodc:data:3ed3426c398111732e23feafce8d6484f6615e02,tier1,True,False,DepBelowSurf,https://vocab.nerc.ac.uk/collection/P01/current/ADEPZZ01/,6.3,301.4,1,0,https://api.linked-systems.uk/api/schema-org/dataset/2148861,
1920832,urn:gleaner.io:oih:bodc:data:5cf702e81004d085125800112906ee1c6381601b,none,False,False,,,,,0,0,https://api.linked-systems.uk/api/schema-org/dataset/1920832,
2014734,urn:gleaner.io:oih:bodc:data:5708d0cd6d099f378ebd5607ff2b61d5b70be334,tier2,False,False,Start_depth,https://vocab.nerc.ac.uk/collection/P01/current/DEPHPRST/,6.94,100.12,0,1,https://api.linked-systems.uk/api/schema-org/dataset/2014734,
2046158,urn:gleaner.io:oih:bodc:data:44cb055af3398107afdab086ad3488f6efe3d306,none,False,False,,,,,0,0,https://api.linked-systems.uk/api/schema-org/dataset/2046158,
876512,urn:gleaner.io:oih:bodc:data:31407044524bc1f6735281c7fe069ca0518be5e4,none,False,False,,,,,0,0,https://api.linked-systems.uk/api/schema-org/dataset/876512,
2026643,urn:gleaner.io:oih:bodc:data:d1c24fe523d61df143840ea335c510266a309b96,tier_instrument,False,True,,,,,0,0,https://api.linked-systems.uk/api/schema-org/dataset/2026643,
2153574,urn:gleaner.io:oih:bodc:data:beaf0b8e371ed930441d397fc8c1553c19c7f9a0,tier1,True,False,DepBelowSurf,https://vocab.nerc.ac.uk/collection/P01/current/ADEPZZ01/,5,4825,1,0,https://api.linked-systems.uk/api/schema-org/dataset/2153574,
1816727,urn:gleaner.io:oih:bodc:data:91001ad2ffb8e48c110102bcff3661f9e617bec8,tier2,False,False,Start_depth,https://vocab.nerc.ac.uk/collection/P01/current/DEPHPRST/,0.99,52.54,0,1,https://api.linked-systems.uk/api/schema-org/dataset/1816727,
1226021,urn:gleaner.io:oih:bodc:data:46ed5b7bb515a25d095cb0d855db89f719bc1656,tier_instrument,False,True,,,,,0,0,https://api.linked-systems.uk/api/schema-org/dataset/1226021,
1170997,urn:gleaner.io:oih:bodc:data:c3aac250385d8f8a1df4a78299e10d1472fb7d19,tier2,False,False,BinDep,https://vocab.nerc.ac.uk/collection/P01/current/DBINAA01/,11,407,0,1,https://api.linked-systems.uk/api/schema-org/dataset/1170997,
2119008,urn:gleaner.io:oih:bodc:data:106f1e2e8445a26ced437932fc0dbc87637d96f0,none,False,False,,,,,0,0,https://api.linked-systems.uk/api/schema-org/dataset/2119008,
1225994,urn:gleaner.io:oih:bodc:data:90825572720cbab315aa1434f0c554c4299ec169,tier_instrument,False,True,,,,,0,0,https://api.linked-systems.uk/api/schema-org/dataset/1225994,
888132,urn:gleaner.io:oih:bodc:data:de56988972e13da34a2809f86034e45bb58586a8,none,False,False,,,,,0,0,https://api.linked-systems.uk/api/schema-org/dataset/888132,
1225841,urn:gleaner.io:oih:bodc:data:8ad6703c8841460da521449db246ec1f6c12330e,none,False,False,,,,,0,0,https://api.linked-systems.uk/api/schema-org/dataset/1225841,
1177960,urn:gleaner.io:oih:bodc:data:7b0d2eb70d35d1b8899b0486032e4fa9ac2d8fc3,none,False,False,,,,,0,0,https://api.linked-systems.uk/api/schema-org/dataset/1177960,
1226229,urn:gleaner.io:oih:bodc:data:4de55f4abfa8ebf31c794662ef3a9c802c09a967,tier_instrument,False,True,,,,,0,0,https://api.linked-systems.uk/api/schema-org/dataset/1226229,
1927763,urn:gleaner.io:oih:bodc:data:30655087aea2f44eace6ead79a3231435af3bd20,none,False,False,,,,,0,0,https://api.linked-systems.uk/api/schema-org/dataset/1927763,
1879648,urn:gleaner.io:oih:bodc:data:7bdbbfb6d642328b1025e88363d6fad5a9f6b1c8,none,False,False,,,,,0,0,https://api.linked-systems.uk/api/schema-org/dataset/1879648,
2026631,urn:gleaner.io:oih:bodc:data:7ed3624ff8ec0770caf63cc65a08d5c8ebf69467,none,False,False,,,,,0,0,https://api.linked-systems.uk/api/schema-org/dataset/2026631,
2148387,urn:gleaner.io:oih:bodc:data:5d141841bf0bdbe3a003cef80d5800bbd27c922e,none,False,False,,,,,0,0,https://api.linked-systems.uk/api/schema-org/dataset/2148387,
1170752,urn:gleaner.io:oih:bodc:data:2ee10a8a546445a850c9c8a3456aaf8d123115e0,none,False,False,,,,,0,0,https://api.linked-systems.uk/api/schema-org/dataset/1170752,
1347284,urn:gleaner.io:oih:bodc:data:b0a8746c6f468e949c91c10fca23b00d572136c8,tier1,True,False,DepBelowSurf,https://vocab.nerc.ac.uk/collection/P01/current/ADEPZZ01/,7.7,1001.4,1,0,https://api.linked-systems.uk/api/schema-org/dataset/1347284,
1927935,urn:gleaner.io:oih:bodc:data:17df7af7fcf56ab693afe26e19da531cb2c1834e,tier1,True,False,DepBelowSurf,https://vocab.nerc.ac.uk/collection/P01/current/ADEPZZ01/,2,150,1,0,https://api.linked-systems.uk/api/schema-org/dataset/1927935,
2148086,urn:gleaner.io:oih:bodc:data:4bcb59e85e907cb20672a30d61215d08d327373f,tier1,True,False,DepBelowSurf,https://vocab.nerc.ac.uk/collection/P01/current/ADEPZZ01/,5.8,300.9,1,0,https://api.linked-systems.uk/api/schema-org/dataset/2148086,
1346883,urn:gleaner.io:oih:bodc:data:0eaf3537d5db378d39e6b68ddb75d320f817694a,none,False,False,,,,,0,0,https://api.linked-systems.uk/api/schema-org/dataset/1346883,
2148037,urn:gleaner.io:oih:bodc:data:42d653e26a4b2d4915470e55a86d20520b2470d2,none,False,False,,,,,0,0,https://api.linked-systems.uk/api/schema-org/dataset/2148037,
774750,urn:gleaner.io:oih:bodc:data:cd414202b52e7db83cd6a11a19d79eeaa0c94e29,none,False,False,,,,,0,0,https://api.linked-systems.uk/api/schema-org/dataset/774750,
2046183,urn:gleaner.io:oih:bodc:data:4f59e89ff76e5b12d2a779fa5c0eab515dad15af,tier1,True,False,DepBelowSurf,https://vocab.nerc.ac.uk/collection/P01/current/ADEPZZ01/,13.6,4758,1,0,https://api.linked-systems.uk/api/schema-org/dataset/2046183,
2051775,urn:gleaner.io:oih:bodc:data:b380382d043ae7f2c133954a611fde70099de0db,tier1,True,False,DepBelowSurf,https://vocab.nerc.ac.uk/collection/P01/current/ADEPZZ01/,8.2,102.7,1,0,https://api.linked-systems.uk/api/schema-org/dataset/2051775,
774750,urn:gleaner.io:oih:bodc:data:f1cf1f6a397493ea19e8a51897960a3a75172e1c,none,False,False,,,,,0,0,https://api.linked-systems.uk/api/schema-org/dataset/774750,
2046318,urn:gleaner.io:oih:bodc:data:971cb1b6e63d5f4d8d42f72e3a4ec0f75170a0cf,none,False,False,,,,,0,0,https://api.linked-systems.uk/api/schema-org/dataset/2046318,
1928188,urn:gleaner.io:oih:bodc:data:72b48da30177fe7323c7d740a819fdfa25af1906,none,False,False,,,,,0,0,https://api.linked-systems.uk/api/schema-org/dataset/1928188,
1226113,urn:gleaner.io:oih:bodc:data:07f6b0d10e526ab391c485420116bf209b768cbc,tier_instrument,False,True,,,,,0,0,https://api.linked-systems.uk/api/schema-org/dataset/1226113,
2115843,urn:gleaner.io:oih:bodc:data:e3175671bc1f155951b4cf6542e895308760f8fd,tier1,True,False,DepBelowSurf,https://vocab.nerc.ac.uk/collection/P01/current/ADEPZZ01/,35,2007.1,1,0,https://api.linked-systems.uk/api/schema-org/dataset/2115843,
1816900,urn:gleaner.io:oih:bodc:data:04bd5d483d35663c1e1b3989ee354022c74ed44b,none,False,False,,,,,0,0,https://api.linked-systems.uk/api/schema-org/dataset/1816900,
2148627,urn:gleaner.io:oih:bodc:data:08da151feb2cd969e33e2d35415db63ddd92e500,tier1,True,False,DepBelowSurf,https://vocab.nerc.ac.uk/collection/P01/current/ADEPZZ01/,6.3,301,1,0,https://api.linked-systems.uk/api/schema-org/dataset/2148627,
1928084,urn:gleaner.io:oih:bodc:data:4aac0697aaf4c1fdc3887b5634953f82bcf7b342,none,False,False,,,,,0,0,https://api.linked-systems.uk/api/schema-org/dataset/1928084,
1177646,urn:gleaner.io:oih:bodc:data:0440593ded0dd8b580b0d2b7d9134c19690a36be,none,False,False,,,,,0,0,https://api.linked-systems.uk/api/schema-org/dataset/1177646,
2001649,urn:gleaner.io:oih:bodc:data:7d62a9eca46d3fdad86bc2d8698202f2370db1bd,tier1,True,False,DepBelowSurf,https://vocab.nerc.ac.uk/collection/P01/current/ADEPZZ01/,9.9,199.4,1,0,https://api.linked-systems.uk/api/schema-org/dataset/2001649,
2001649,urn:gleaner.io:oih:bodc:data:c3705f6e888ca89824cb93702104570deb0851ef,none,False,False,,,,,0,0,https://api.linked-systems.uk/api/schema-org/dataset/2001649,
1177622,urn:gleaner.io:oih:bodc:data:d630687106a32a53b33b08c6b5d3ce012235b5ec,none,False,False,,,,,0,0,https://api.linked-systems.uk/api/schema-org/dataset/1177622,
2004198,urn:gleaner.io:oih:bodc:data:6115217832a3107affcf634022c58057bc542690,none,False,False,,,,,0,0,https://api.linked-systems.uk/api/schema-org/dataset/2004198,
1816727,urn:gleaner.io:oih:bodc:data:6260fe585cd934b845acec01cbc20d14f3a12d83,none,False,False,,,,,0,0,https://api.linked-systems.uk/api/schema-org/dataset/1816727,
1347131,urn:gleaner.io:oih:bodc:data:45a151eec9a20bb508aff1f531eb9b1b69f54b1b,tier1,True,False,DepBelowSurf,https://vocab.nerc.ac.uk/collection/P01/current/ADEPZZ01/,4.4,997.2,1,0,https://api.linked-systems.uk/api/schema-org/dataset/1347131,
2148129,urn:gleaner.io:oih:bodc:data:fba5b3cb8e5cc3ea2ab885098a3617c85edc2e41,tier1,True,False,DepBelowSurf,https://vocab.nerc.ac.uk/collection/P01/current/ADEPZZ01/,6,301.2,1,0,https://api.linked-systems.uk/api/schema-org/dataset/2148129,
2148800,urn:gleaner.io:oih:bodc:data:bd0f8799b68c6921befb80e8f0d1b12700a83a29,tier1,True,False,DepBelowSurf,https://vocab.nerc.ac.uk/collection/P01/current/ADEPZZ01/,6.4,301.4,1,0,https://api.linked-systems.uk/api/schema-org/dataset/2148800,
2026655,urn:gleaner.io:oih:bodc:data:d77603c30db8506135c55036f76aa848a2e74e9a,none,False,False,,,,,0,0,https://api.linked-systems.uk/api/schema-org/dataset/2026655,
2153501,urn:gleaner.io:oih:bodc:data:bcb7caa9f81e28d065f909d0e9683ca9c30a5304,none,False,False,,,,,0,0,https://api.linked-systems.uk/api/schema-org/dataset/2153501,
2001730,urn:gleaner.io:oih:bodc:data:953c92205a7655263d5aba193dc96cb78af3366b,none,False,False,,,,,0,0,https://api.linked-systems.uk/api/schema-org/dataset/2001730,
1760008,urn:gleaner.io:oih:bodc:data:a8cb546637b887ccd81ea2a92a84ed4dd7913795,none,False,False,,,,,0,0,https://api.linked-systems.uk/api/schema-org/dataset/1760008,
1927843,urn:gleaner.io:oih:bodc:data:a8e16d5967e6470676f805e78fb685e49b1aaf99,tier1,True,False,DepBelowSurf,https://vocab.nerc.ac.uk/collection/P01/current/ADEPZZ01/,60,90,1,0,https://api.linked-systems.uk/api/schema-org/dataset/1927843,
1839425,urn:gleaner.io:oih:bodc:data:e26c6ba0514e20a6d5c1c9603d8131a49d90aa6a,none,False,False,,,,,0,0,https://api.linked-systems.uk/api/schema-org/dataset/1839425,
2048699,urn:gleaner.io:oih:bodc:data:e69e095ad395ef191574e83005ee65aa6640d5d0,none,False,False,,,,,0,0,https://api.linked-systems.uk/api/schema-org/dataset/2048699,
2026606,urn:gleaner.io:oih:bodc:data:f0ba64442def36c4bc43ff6ca875eaa43e62a31d,tier_instrument,False,True,,,,,0,0,https://api.linked-systems.uk/api/schema-org/dataset/2026606,
2046982,urn:gleaner.io:oih:bodc:data:437d3a906e48ccceb6ecf215b6ffcb33f7eec434,none,False,False,,,,,0,0,https://api.linked-systems.uk/api/schema-org/dataset/2046982,
2148719,urn:gleaner.io:oih:bodc:data:f04d3f63bb290f86eae44573c5305a65938ef54d,none,False,False,,,,,0,0,https://api.linked-systems.uk/api/schema-org/dataset/2148719,
2004113,urn:gleaner.io:oih:bodc:data:c566f63dbdca633399aaa37902a3f208e7b3ee42,none,False,False,,,,,0,0,https://api.linked-systems.uk/api/schema-org/dataset/2004113,
1225890,urn:gleaner.io:oih:bodc:data:2658d9ffd2bedd0f5daea2295c042c9a9936dcf0,none,False,False,,,,,0,0,https://api.linked-systems.uk/api/schema-org/dataset/1225890,
1879568,urn:gleaner.io:oih:bodc:data:a54c5a66556610117ad621bdb731ec181a63f6d3,tier1,True,False,DepBelowSurf,https://vocab.nerc.ac.uk/collection/P01/current/ADEPZZ01/,5.2,202.1,1,0,https://api.linked-systems.uk/api/schema-org/dataset/1879568,
2026655,urn:gleaner.io:oih:bodc:data:e4ac5fe3d0fbca2ecb3463dd962c66d12677ab6a,none,False,False,,,,,0,0,https://api.linked-systems.uk/api/schema-org/dataset/2026655,
1816856,urn:gleaner.io:oih:bodc:data:95a7d7fa915c8e272b278aeef0baa827158ad2d2,tier2,False,False,Start_depth,https://vocab.nerc.ac.uk/collection/P01/current/DEPHPRST/,2.97,415.03,0,1,https://api.linked-systems.uk/api/schema-org/dataset/1816856,
1879556,urn:gleaner.io:oih:bodc:data:aa86edb3925464ce87ab737ce1f93390cf1bcc59,tier1,True,False,DepBelowSurf,https://vocab.nerc.ac.uk/collection/P01/current/ADEPZZ01/,11.4,999.1,1,0,https://api.linked-systems.uk/api/schema-org/dataset/1879556,
1177683,urn:gleaner.io:oih:bodc:data:dafe5df3bc7956ca21a4821adf0b0df2bb9bcea7,none,False,False,,,,,0,0,https://api.linked-systems.uk/api/schema-org/dataset/1177683,
2014734,urn:gleaner.io:oih:bodc:data:e28e2ef05036f360d29fef209ddfafadf4b4f98c,none,False,False,,,,,0,0,https://api.linked-systems.uk/api/schema-org/dataset/2014734,
2153525,urn:gleaner.io:oih:bodc:data:e73ce3a59305602931d666f4387b0870a9b1b91c,tier1,True,False,DepBelowSurf,https://vocab.nerc.ac.uk/collection/P01/current/ADEPZZ01/,5,1000,1,0,https://api.linked-systems.uk/api/schema-org/dataset/2153525,
2001686,urn:gleaner.io:oih:bodc:data:00cce75c1d978d7af54777dd4ffa0e569df98004,none,False,False,,,,,0,0,https://api.linked-systems.uk/api/schema-org/dataset/2001686,
1928999,urn:gleaner.io:oih:bodc:data:def67c9cb2c0ce6a4e6442ef09acbb69f98f5654,tier1,True,False,DepBelowSurf,https://vocab.nerc.ac.uk/collection/P01/current/ADEPZZ01/,8.8,4819.4,1,0,https://api.linked-systems.uk/api/schema-org/dataset/1928999,
1848188,urn:gleaner.io:oih:bodc:data:df10d9d5f60b4846db2c6867602cf0dbb181b07a,tier1,True,False,DepBelowSurf,https://vocab.nerc.ac.uk/collection/P01/current/ADEPZZ01/,10.5,170,1,0,https://api.linked-systems.uk/api/schema-org/dataset/1848188,
2004149,urn:gleaner.io:oih:bodc:data:d8782d45115144fc02a812c5505b75fc65e3a265,tier1,True,False,DepBelowSurf,https://vocab.nerc.ac.uk/collection/P01/current/ADEPZZ01/,11.7,4727,1,0,https://api.linked-systems.uk/api/schema-org/dataset/2004149,
2148824,urn:gleaner.io:oih:bodc:data:4c1f5d734fa7ab35831ca79dff23e6396e01935b,tier1,True,False,DepBelowSurf,https://vocab.nerc.ac.uk/collection/P01/current/ADEPZZ01/,6.3,301.2,1,0,https://api.linked-systems.uk/api/schema-org/dataset/2148824,
1816752,urn:gleaner.io:oih:bodc:data:1c40afe633a8e06487417e9e2e51ddf98a3406e4,tier2,False,False,Start_depth,https://vocab.nerc.ac.uk/collection/P01/current/DEPHPRST/,2.97,351.69,0,1,https://api.linked-systems.uk/api/schema-org/dataset/1816752,
2107818,urn:gleaner.io:oih:bodc:data:1ed6498f723404cbc905ca8487f43c79a95ddc64,tier1,True,False,DepBelowSurf,https://vocab.nerc.ac.uk/collection/P01/current/ADEPZZ01/,25,200,1,0,https://api.linked-systems.uk/api/schema-org/dataset/2107818,
1171024,urn:gleaner.io:oih:bodc:data:675042040d13f58be25b8ccab920d42c2f8c26de,none,False,False,,,,,0,0,https://api.linked-systems.uk/api/schema-org/dataset/1171024,
1876663,urn:gleaner.io:oih:bodc:data:6bde6e895d5d316287b5d99f7996e9185c865d2f,tier1,True,False,DepBelowSurf,https://vocab.nerc.ac.uk/collection/P01/current/ADEPZZ01/,4.8,209.1,1,0,https://api.linked-systems.uk/api/schema-org/dataset/1876663,
2148603,urn:gleaner.io:oih:bodc:data:fdd295fd01ee1552e95f38faae039773dc73f14e,tier1,True,False,DepBelowSurf,https://vocab.nerc.ac.uk/collection/P01/current/ADEPZZ01/,5.8,300.9,1,0,https://api.linked-systems.uk/api/schema-org/dataset/2148603,
2054005,urn:gleaner.io:oih:bodc:data:c5a59be8da800280e4cf422dedc7b34abd56b24f,tier2,False,False,SFPG,https://vocab.nerc.ac.uk/collection/P01/current/DEPHFP01/,,,0,1,https://api.linked-systems.uk/api/schema-org/dataset/2054005,
1177646,urn:gleaner.io:oih:bodc:data:4ffbfc3058a41eeedba9ac0fafd1ead0ed21ca14,none,False,False,,,,,0,0,https://api.linked-systems.uk/api/schema-org/dataset/1177646,
2148720,urn:gleaner.io:oih:bodc:data:47a16d7ab57aedb0df138be9e75f2aa9e8ead921,tier1,True,False,DepBelowSurf,https://vocab.nerc.ac.uk/collection/P01/current/ADEPZZ01/,5,300,1,0,https://api.linked-systems.uk/api/schema-org/dataset/2148720,
2054005,urn:gleaner.io:oih:bodc:data:df6d74246aed047b42b95fed70c47cc63fda1763,none,False,False,,,,,0,0,https://api.linked-systems.uk/api/schema-org/dataset/2054005,
1346895,urn:gleaner.io:oih:bodc:data:e652a0cc884c84c954aaa65b05fea46bbc479499,tier1,True,False,DepBelowSurf,https://vocab.nerc.ac.uk/collection/P01/current/ADEPZZ01/,4.9,998.9,1,0,https://api.linked-systems.uk/api/schema-org/dataset/1346895,
2148953,urn:gleaner.io:oih:bodc:data:8b79d328a513bd849cca5170d91dd312ca794774,tier_instrument,False,True,,,,,0,0,https://api.linked-systems.uk/api/schema-org/dataset/2148953,
2148130,urn:gleaner.io:oih:bodc:data:2c921086c380ecd55c41a2819810c94b0c2bcbd4,none,False,False,,,,,0,0,https://api.linked-systems.uk/api/schema-org/dataset/2148130,
1874238,urn:gleaner.io:oih:bodc:data:7b89eeef1ee792f4b465d37a65623176c22b4cf9,none,False,False,,,,,0,0,https://api.linked-systems.uk/api/schema-org/dataset/1874238,
2012997,urn:gleaner.io:oih:bodc:data:91edf386b08b303bae55c8b57a76a53e2352d1cb,tier_instrument,False,True,,,,,0,0,https://api.linked-systems.uk/api/schema-org/dataset/2012997,
2111842,urn:gleaner.io:oih:bodc:data:81845e9d02175b066101c002c0febe3afdc1f9c2,none,False,False,,,,,0,0,https://api.linked-systems.uk/api/schema-org/dataset/2111842,
1928164,urn:gleaner.io:oih:bodc:data:a336cd234f3eb082096de278ceab12e7130b0862,none,False,False,,,,,0,0,https://api.linked-systems.uk/api/schema-org/dataset/1928164,
2148479,urn:gleaner.io:oih:bodc:data:b6f9be761fa909e2d47308e23bd90f9a82ad38be,none,False,False,,,,,0,0,https://api.linked-systems.uk/api/schema-org/dataset/2148479,
2051818,urn:gleaner.io:oih:bodc:data:213f7038df58274718ac7b4bc23a8f746930e160,none,False,False,,,,,0,0,https://api.linked-systems.uk/api/schema-org/dataset/2051818,
2027831,urn:gleaner.io:oih:bodc:data:0875a114a199c3ffe36b0e369c868b2006032c7d,none,False,False,,,,,0,0,https://api.linked-systems.uk/api/schema-org/dataset/2027831,
2046982,urn:gleaner.io:oih:bodc:data:70d8d30cee87dd07869d43facac96776859da666,none,False,False,,,,,0,0,https://api.linked-systems.uk/api/schema-org/dataset/2046982,
1928999,urn:gleaner.io:oih:bodc:data:d2687b203f4dcf87b7e7acd4c2434e165e4ed879,none,False,False,,,,,0,0,https://api.linked-systems.uk/api/schema-org/dataset/1928999,
2148130,urn:gleaner.io:oih:bodc:data:0f964dba8bcf7b4087d87c64a9a9a7190f07dfad,tier1,True,False,DepBelowSurf,https://vocab.nerc.ac.uk/collection/P01/current/ADEPZZ01/,5.9,301,1,0,https://api.linked-systems.uk/api/schema-org/dataset/2148130,
1226198,urn:gleaner.io:oih:bodc:data:197a6622076fd740abb53a0a452faaea4d89fbf0,none,False,False,,,,,0,0,https://api.linked-systems.uk/api/schema-org/dataset/1226198,
1171116,urn:gleaner.io:oih:bodc:data:98732efb8a5fde3676b356aebbba9a9e1ccba960,tier2,False,False,BinDep,https://vocab.nerc.ac.uk/collection/P01/current/DBINAA01/,11,407,0,1,https://api.linked-systems.uk/api/schema-org/dataset/1171116,
1171036,urn:gleaner.io:oih:bodc:data:2248d3bfdf90b04e3e08750af998ace1a3d5e870,none,False,False,,,,,0,0,https://api.linked-systems.uk/api/schema-org/dataset/1171036,
1347376,urn:gleaner.io:oih:bodc:data:714487a19693478b484b7aac33f92cec478a91a4,none,False,False,,,,,0,0,https://api.linked-systems.uk/api/schema-org/dataset/1347376,
1177382,urn:gleaner.io:oih:bodc:data:a1c4c1dc48f1144165136fcdd1372132727b256e,none,False,False,,,,,0,0,https://api.linked-systems.uk/api/schema-org/dataset/1177382,
2048811,urn:gleaner.io:oih:bodc:data:be53dd45f99f7ccd94d751542f82dc2cf3d37073,tier1,True,False,DepBelowSurf,https://vocab.nerc.ac.uk/collection/P01/current/ADEPZZ01/,12.4,4755.9,1,0,https://api.linked-systems.uk/api/schema-org/dataset/2048811,
1347340,urn:gleaner.io:oih:bodc:data:4b3667398c7747aca43a70f2814c2000e9a0c146,none,False,False,,,,,0,0,https://api.linked-systems.uk/api/schema-org/dataset/1347340,
2046982,urn:gleaner.io:oih:bodc:data:cb49c4c2cf553f80a0bdbf281aed2ff75f173c44,none,False,False,,,,,0,0,https://api.linked-systems.uk/api/schema-org/dataset/2046982,
2051799,urn:gleaner.io:oih:bodc:data:51bc41b0abd4fba90774679901cfe69e36a9af6f,none,False,False,,,,,0,0,https://api.linked-systems.uk/api/schema-org/dataset/2051799,
2107843,urn:gleaner.io:oih:bodc:data:7215b1d4ac5f250172a947963be697762f72c295,none,False,False,,,,,0,0,https://api.linked-systems.uk/api/schema-org/dataset/2107843,
1928139,urn:gleaner.io:oih:bodc:data:bf2362ec1d03b4932cf2cde676908bea23a6c894,none,False,False,,,,,0,0,https://api.linked-systems.uk/api/schema-org/dataset/1928139,
1989668,urn:gleaner.io:oih:bodc:data:d84c41173c8dde94d5dc1e56a5ca5d8e001d9db7,tier1,True,False,DepBelowSurf,https://vocab.nerc.ac.uk/collection/P01/current/ADEPZZ01/,9.4,4733,1,0,https://api.linked-systems.uk/api/schema-org/dataset/1989668,
1177609,urn:gleaner.io:oih:bodc:data:240e6985437a8d1ad33568e72b34de85ad8d5a66,none,False,False,,,,,0,0,https://api.linked-systems.uk/api/schema-org/dataset/1177609,
1347235,urn:gleaner.io:oih:bodc:data:8751a65fa143494c1094a7b96350f9eff92601b9,none,False,False,,,,,0,0,https://api.linked-systems.uk/api/schema-org/dataset/1347235,
1177530,urn:gleaner.io:oih:bodc:data:a59bb331bb20e592b9f224091280635c98e1fbb4,none,False,False,,,,,0,0,https://api.linked-systems.uk/api/schema-org/dataset/1177530,
2054017,urn:gleaner.io:oih:bodc:data:30ede1fccaafb9a3d4f8f6fab47f9d75b7946451,none,False,False,,,,,0,0,https://api.linked-systems.uk/api/schema-org/dataset/2054017,
1816881,urn:gleaner.io:oih:bodc:data:a742252dcbfbe3de9ed21398c1b4035523122258,none,False,False,,,,,0,0,https://api.linked-systems.uk/api/schema-org/dataset/1816881,
1347247,urn:gleaner.io:oih:bodc:data:cff10248e271736f3d521995aae7261a28e71017,none,False,False,,,,,0,0,https://api.linked-systems.uk/api/schema-org/dataset/1347247,
1177308,urn:gleaner.io:oih:bodc:data:8b884f95642b1803faef82bdae64d1d928989e4f,none,False,False,,,,,0,0,https://api.linked-systems.uk/api/schema-org/dataset/1177308,
2138749,urn:gleaner.io:oih:bodc:data:42551cd04f56c0629654ef594aab2be6ac77f05c,none,False,False,,,,,0,0,https://api.linked-systems.uk/api/schema-org/dataset/2138749,
1350741,urn:gleaner.io:oih:bodc:data:427a9bbd94ad828246f866794be6742a27e0cc52,tier1,True,False,DepBelowSurf,https://vocab.nerc.ac.uk/collection/P01/current/ADEPZZ01/,6.7,29.5,1,0,https://api.linked-systems.uk/api/schema-org/dataset/1350741,
2074701,urn:gleaner.io:oih:bodc:data:881cff1ded0ea76824c1643a0c7724d4acbbaff3,tier_instrument,False,True,,,,,0,0,https://api.linked-systems.uk/api/schema-org/dataset/2074701,
2051799,urn:gleaner.io:oih:bodc:data:66745870896bc5a2c268e797fb7f693c2074064b,tier1,True,False,DepBelowSurf,https://vocab.nerc.ac.uk/collection/P01/current/ADEPZZ01/,9.2,4697.6,1,0,https://api.linked-systems.uk/api/schema-org/dataset/2051799,
2051831,urn:gleaner.io:oih:bodc:data:5731eb434c5fec376ab40a431fea24f80f5b4ad2,none,False,False,,,,,0,0,https://api.linked-systems.uk/api/schema-org/dataset/2051831,
2148756,urn:gleaner.io:oih:bodc:data:895c2666f30ba18f85d1b199d589db287ab745ff,tier1,True,False,DepBelowSurf,https://vocab.nerc.ac.uk/collection/P01/current/ADEPZZ01/,6.1,300.7,1,0,https://api.linked-systems.uk/api/schema-org/dataset/2148756,
2046275,urn:gleaner.io:oih:bodc:data:a3c41d9c0a6531aacb8fbb7f0eee2b6fad022a62,none,False,False,,,,,0,0,https://api.linked-systems.uk/api/schema-org/dataset/2046275,
2053991,urn:gleaner.io:oih:bodc:data:a637ec619275d27fda8cc3c3f2d8bb8387d5a937,none,False,False,,,,,0,0,https://api.linked-systems.uk/api/schema-org/dataset/2053991,
1903804,urn:gleaner.io:oih:bodc:data:dd6ac050f22e816b4b73f4394b3aa25fe36b0b61,none,False,False,,,,,0,0,https://api.linked-systems.uk/api/schema-org/dataset/1903804,
2148707,urn:gleaner.io:oih:bodc:data:a094895057d65ee5d716e8124ff3fcabb4d483de,none,False,False,,,,,0,0,https://api.linked-systems.uk/api/schema-org/dataset/2148707,
1916894,urn:gleaner.io:oih:bodc:data:13879a1815fc49814a4cbc4b272b5cac4829d3b3,none,False,False,,,,,0,0,https://api.linked-systems.uk/api/schema-org/dataset/1916894,
2053991,urn:gleaner.io:oih:bodc:data:2f4aa0bb422e2fad3c9b959dfa2b3c731be1ed35,none,False,False,,,,,0,0,https://api.linked-systems.uk/api/schema-org/dataset/2053991,
1226346,urn:gleaner.io:oih:bodc:data:c58280ac573953298b8f468678c24364df1090b3,tier_instrument,False,True,,,,,0,0,https://api.linked-systems.uk/api/schema-org/dataset/1226346,
1177505,urn:gleaner.io:oih:bodc:data:dcff2200dd5af14ed9c7603b18b53ba2a6ad227c,none,False,False,,,,,0,0,https://api.linked-systems.uk/api/schema-org/dataset/1177505,
1177935,urn:gleaner.io:oih:bodc:data:5a539ab128a1fa7e4ecb8d32ab1f688d818f7e41,none,False,False,,,,,0,0,https://api.linked-systems.uk/api/schema-org/dataset/1177935,
1880766,urn:gleaner.io:oih:bodc:data:ebfd5ac83c9432bd7bc0bf2d7597dd3bcc7ed4b9,none,False,False,,,,,0,0,https://api.linked-systems.uk/api/schema-org/dataset/1880766,
2148928,urn:gleaner.io:oih:bodc:data:6d4718572a54b82c2fbcfa715a1f624346cc9e26,tier1,True,False,DepBelowSurf,https://vocab.nerc.ac.uk/collection/P01/current/ADEPZZ01/,4.9,99.4,1,0,https://api.linked-systems.uk/api/schema-org/dataset/2148928,
1177498,urn:gleaner.io:oih:bodc:data:04dbf9faaea9fca944a932e727c039c573cf0ceb,none,False,False,,,,,0,0,https://api.linked-systems.uk/api/schema-org/dataset/1177498,
1178011,urn:gleaner.io:oih:bodc:data:59c44579364598ae2481117e04810403fd1ab0d2,none,False,False,,,,,0,0,https://api.linked-systems.uk/api/schema-org/dataset/1178011,
876420,urn:gleaner.io:oih:bodc:data:05b1170c3a5b61897c6afc822e96a1e63f2ca22d,none,False,False,,,,,0,0,https://api.linked-systems.uk/api/schema-org/dataset/876420,
1927972,urn:gleaner.io:oih:bodc:data:2bb1e3c962d50e3bd3f6586f0bc2c1af52c5a0a4,none,False,False,,,,,0,0,https://api.linked-systems.uk/api/schema-org/dataset/1927972,
1177775,urn:gleaner.io:oih:bodc:data:4ca5cafe27694f7eee78a1cffb5f87308c70a199,none,False,False,,,,,0,0,https://api.linked-systems.uk/api/schema-org/dataset/1177775,
2148824,urn:gleaner.io:oih:bodc:data:7b4bd6c488f6c376a2d6f5332f21ace737f34e2f,none,False,False,,,,,0,0,https://api.linked-systems.uk/api/schema-org/dataset/2148824,
1177578,urn:gleaner.io:oih:bodc:data:937190995caa84061f54f7e13060bd87b3624d81,none,False,False,,,,,0,0,https://api.linked-systems.uk/api/schema-org/dataset/1177578,
2148560,urn:gleaner.io:oih:bodc:data:03b36543e21e8a8753cbf02ed7c742084d99ef55,tier1,True,False,DepBelowSurf,https://vocab.nerc.ac.uk/collection/P01/current/ADEPZZ01/,6.8,301.8,1,0,https://api.linked-systems.uk/api/schema-org/dataset/2148560,
1346895,urn:gleaner.io:oih:bodc:data:5172978a9d455f9d84a9847d6e6c0ace982549ab,none,False,False,,,,,0,0,https://api.linked-systems.uk/api/schema-org/dataset/1346895,
1177333,urn:gleaner.io:oih:bodc:data:584e6f3605e7187c1df0e61f5aed676d3b81e3de,none,False,False,,,,,0,0,https://api.linked-systems.uk/api/schema-org/dataset/1177333,
1177610,urn:gleaner.io:oih:bodc:data:d3a77ad6da5672f345ad893299647ad0d059eb04,none,False,False,,,,,0,0,https://api.linked-systems.uk/api/schema-org/dataset/1177610,
2107879,urn:gleaner.io:oih:bodc:data:dde6e2283ef93d0c8b38eb4a95815ca2e2b3c16d,none,False,False,,,,,0,0,https://api.linked-systems.uk/api/schema-org/dataset/2107879,
2046379,urn:gleaner.io:oih:bodc:data:de42b2633518383d562f5648ed45e2d6fa333f39,none,False,False,,,,,0,0,https://api.linked-systems.uk/api/schema-org/dataset/2046379,
2148271,urn:gleaner.io:oih:bodc:data:ea175c5808f2af71df8f5fb3d45fec3625f08e36,tier1,True,False,DepBelowSurf,https://vocab.nerc.ac.uk/collection/P01/current/ADEPZZ01/,6.1,300.7,1,0,https://api.linked-systems.uk/api/schema-org/dataset/2148271,
2026907,urn:gleaner.io:oih:bodc:data:c848bf832d4bf4170446a55a5e1b5405865bd047,tier_instrument,False,True,,,,,0,0,https://api.linked-systems.uk/api/schema-org/dataset/2026907,
2046263,urn:gleaner.io:oih:bodc:data:d0d34070fdb6d9ed09dad2c022469ae149f896ca,tier1,True,False,DepBelowSurf,https://vocab.nerc.ac.uk/collection/P01/current/ADEPZZ01/,12,4755,1,0,https://api.linked-systems.uk/api/schema-org/dataset/2046263,
1922851,urn:gleaner.io:oih:bodc:data:3208141b9f4952e196975a2f78526ca4b24b2d51,none,False,False,,,,,0,0,https://api.linked-systems.uk/api/schema-org/dataset/1922851,
1880686,urn:gleaner.io:oih:bodc:data:73cccf262937d49623ddb2249ac06d54cc0c516e,tier1,True,False,DepBelowSurf,https://vocab.nerc.ac.uk/collection/P01/current/ADEPZZ01/,2,200,1,0,https://api.linked-systems.uk/api/schema-org/dataset/1880686,
1226242,urn:gleaner.io:oih:bodc:data:27a32305c3a47a53f466bf9d5161d5e15b0deb91,tier_instrument,False,True,,,,,0,0,https://api.linked-systems.uk/api/schema-org/dataset/1226242,
1170788,urn:gleaner.io:oih:bodc:data:444dee8d8171b269c6b9ca075bf70c7afad236df,tier2,False,False,BinDep,https://vocab.nerc.ac.uk/collection/P01/current/DBINAA01/,11,407,0,1,https://api.linked-systems.uk/api/schema-org/dataset/1170788,
2115806,urn:gleaner.io:oih:bodc:data:75f874cb3cddb98ac93ea5b29478e4120a5cf012,none,False,False,,,,,0,0,https://api.linked-systems.uk/api/schema-org/dataset/2115806,
2107806,urn:gleaner.io:oih:bodc:data:257dbbf104dc5d1b9f5559ded79dcd22d9d700cd,tier1,True,False,DepBelowSurf,https://vocab.nerc.ac.uk/collection/P01/current/ADEPZZ01/,21,80,1,0,https://api.linked-systems.uk/api/schema-org/dataset/2107806,
1928023,urn:gleaner.io:oih:bodc:data:2721b3a940037f6ad2c6c77f35155f42503698ca,none,False,False,,,,,0,0,https://api.linked-systems.uk/api/schema-org/dataset/1928023,
2046392,urn:gleaner.io:oih:bodc:data:7db0cac6b97698fa277d2b5384e024bddfac26a3,tier1,True,False,DepBelowSurf,https://vocab.nerc.ac.uk/collection/P01/current/ADEPZZ01/,13,4757.2,1,0,https://api.linked-systems.uk/api/schema-org/dataset/2046392,
1170856,urn:gleaner.io:oih:bodc:data:88d3a1e2c15ded5e5e808c764f2ab83c45c6a0be,tier2,False,False,BinDep,https://vocab.nerc.ac.uk/collection/P01/current/DBINAA01/,11,407,0,1,https://api.linked-systems.uk/api/schema-org/dataset/1170856,
2148639,urn:gleaner.io:oih:bodc:data:1aaf2e4078d45598a9216daa52e7984d34ec4795,none,False,False,,,,,0,0,https://api.linked-systems.uk/api/schema-org/dataset/2148639,
1226057,urn:gleaner.io:oih:bodc:data:6e1b18179c8d4bad0cc40d7606634c2071ca7b8d,tier_instrument,False,True,,,,,0,0,https://api.linked-systems.uk/api/schema-org/dataset/1226057,
2004101,urn:gleaner.io:oih:bodc:data:e9f29af70619910048acd35be8fab840eb99bc11,none,False,False,,,,,0,0,https://api.linked-systems.uk/api/schema-org/dataset/2004101,
1347419,urn:gleaner.io:oih:bodc:data:2f33ab394c06d123aad1cd40bfcc0d94be66fafb,none,False,False,,,,,0,0,https://api.linked-systems.uk/api/schema-org/dataset/1347419,
2148074,urn:gleaner.io:oih:bodc:data:601869643bb4c1090b86d450314e6c33250a82be,tier1,True,False,DepBelowSurf,https://vocab.nerc.ac.uk/collection/P01/current/ADEPZZ01/,6.1,301.1,1,0,https://api.linked-systems.uk/api/schema-org/dataset/2148074,
2046202,urn:gleaner.io:oih:bodc:data:d21846782bab5aa8491b6c7e7b940047d43cec27,none,False,False,,,,,0,0,https://api.linked-systems.uk/api/schema-org/dataset/2046202,
2107751,urn:gleaner.io:oih:bodc:data:39572aec08c32ff4841189a408fd9679d7c8d71e,none,False,False,,,,,0,0,https://api.linked-systems.uk/api/schema-org/dataset/2107751,
1989644,urn:gleaner.io:oih:bodc:data:436ab6537bc025b6c1d04cb429c8b312d1b30b75,tier1,True,False,DepBelowSurf,https://vocab.nerc.ac.uk/collection/P01/current/ADEPZZ01/,11.7,4727,1,0,https://api.linked-systems.uk/api/schema-org/dataset/1989644,
1225994,urn:gleaner.io:oih:bodc:data:1da8440e88296d95455694fccbd79f8545290dc1,none,False,False,,,,,0,0,https://api.linked-systems.uk/api/schema-org/dataset/1225994,
2148492,urn:gleaner.io:oih:bodc:data:7749bede2de91a5167b458c96acd1ae4039ec2de,none,False,False,,,,,0,0,https://api.linked-systems.uk/api/schema-org/dataset/2148492,
1177818,urn:gleaner.io:oih:bodc:data:c41f7cdf24166435ea48b612255edfa8dfaac4aa,none,False,False,,,,,0,0,https://api.linked-systems.uk/api/schema-org/dataset/1177818,
2105793,urn:gleaner.io:oih:bodc:data:7769ae68df87f078ca96dbd7df2120040b89fdb5,tier1,True,False,DepBelowSurf,https://vocab.nerc.ac.uk/collection/P01/current/ADEPZZ01/,10.1,995.8,1,0,https://api.linked-systems.uk/api/schema-org/dataset/2105793,
2118969,urn:gleaner.io:oih:bodc:data:24a066b8d5d873f512eb88b0359c15d7e8b2230e,tier1,True,False,DepBelowSurf,https://vocab.nerc.ac.uk/collection/P01/current/ADEPZZ01/,12,501,1,0,https://api.linked-systems.uk/api/schema-org/dataset/2118969,
1177880,urn:gleaner.io:oih:bodc:data:2768e5ada7f528a75912d68c07366af8a2135be7,none,False,False,,,,,0,0,https://api.linked-systems.uk/api/schema-org/dataset/1177880,
2148302,urn:gleaner.io:oih:bodc:data:86100d1c4b446b8eb625010bf564fac648cf570a,none,False,False,,,,,0,0,https://api.linked-systems.uk/api/schema-org/dataset/2148302,
1177683,urn:gleaner.io:oih:bodc:data:793823bac0cb9113cfdf8ecc728e483e79dc63e5,none,False,False,,,,,0,0,https://api.linked-systems.uk/api/schema-org/dataset/1177683,
1226149,urn:gleaner.io:oih:bodc:data:3c93385cacee13737004216b5e44bffada7aec2e,none,False,False,,,,,0,0,https://api.linked-systems.uk/api/schema-org/dataset/1226149,
1346951,urn:gleaner.io:oih:bodc:data:65eb29d6c5c2fa0af3c84e18139810dc79ad5a52,tier1,True,False,DepBelowSurf,https://vocab.nerc.ac.uk/collection/P01/current/ADEPZZ01/,6.4,1000.7,1,0,https://api.linked-systems.uk/api/schema-org/dataset/1346951,
1347340,urn:gleaner.io:oih:bodc:data:1478b85b6345e69653ff28896678e2636af18a04,tier1,True,False,DepBelowSurf,https://vocab.nerc.ac.uk/collection/P01/current/ADEPZZ01/,7.9,66.5,1,0,https://api.linked-systems.uk/api/schema-org/dataset/1347340,
2107867,urn:gleaner.io:oih:bodc:data:067eb82ea62f62ee983794cc30836e35a9cac5b2,none,False,False,,,,,0,0,https://api.linked-systems.uk/api/schema-org/dataset/2107867,
1177634,urn:gleaner.io:oih:bodc:data:21d5ef442de3ab2fee71573e2cee264e32e22fc8,none,False,False,,,,,0,0,https://api.linked-systems.uk/api/schema-org/dataset/1177634,
1177449,urn:gleaner.io:oih:bodc:data:15525e09de34f1d69ffa44d9d52930d809ffcf6f,none,False,False,,,,,0,0,https://api.linked-systems.uk/api/schema-org/dataset/1177449,
2048731,urn:gleaner.io:oih:bodc:data:c2dde3e6154f909ecd43791c7c58efbc40a4789b,tier1,True,False,DepBelowSurf,https://vocab.nerc.ac.uk/collection/P01/current/ADEPZZ01/,12.8,202.9,1,0,https://api.linked-systems.uk/api/schema-org/dataset/2048731,
1874380,urn:gleaner.io:oih:bodc:data:608b1b7ee627864eb4dfc35c5e5545bbd705d8eb,tier1,True,False,DepBelowSurf,https://vocab.nerc.ac.uk/collection/P01/current/ADEPZZ01/,7,4822,1,0,https://api.linked-systems.uk/api/schema-org/dataset/1874380,
2110666,urn:gleaner.io:oih:bodc:data:94f4812441760f5ce990ef39842d11989cb3dbb8,none,False,False,,,,,0,0,https://api.linked-systems.uk/api/schema-org/dataset/2110666,
2026618,urn:gleaner.io:oih:bodc:data:497a8b75e2a6c321d290d28fc21d63773598f2c3,none,False,False,,,,,0,0,https://api.linked-systems.uk/api/schema-org/dataset/2026618,
1177394,urn:gleaner.io:oih:bodc:data:432848b383b18a7b70e6bf24e65522ea3fb42f66,none,False,False,,,,,0,0,https://api.linked-systems.uk/api/schema-org/dataset/1177394,
1177462,urn:gleaner.io:oih:bodc:data:423f268ab536b36769360dd4418bf664d8114d2e,none,False,False,,,,,0,0,https://api.linked-systems.uk/api/schema-org/dataset/1177462,
1916869,urn:gleaner.io:oih:bodc:data:59efd4579f9f25045134848c30eeddc1a51f54a2,tier1,True,False,DepBelowSurf,https://vocab.nerc.ac.uk/collection/P01/current/ADEPZZ01/,5.3,100.2,1,0,https://api.linked-systems.uk/api/schema-org/dataset/1916869,
1916913,urn:gleaner.io:oih:bodc:data:11ba9d2787de797a5f8bbcfc25c531fd42df2587,tier1,True,False,DepBelowSurf,https://vocab.nerc.ac.uk/collection/P01/current/ADEPZZ01/,6,504,1,0,https://api.linked-systems.uk/api/schema-org/dataset/1916913,
2148314,urn:gleaner.io:oih:bodc:data:34a4b1f7c9ce400c818f8bb247524e22cf879b4c,tier1,True,False,DepBelowSurf,https://vocab.nerc.ac.uk/collection/P01/current/ADEPZZ01/,5.9,301.3,1,0,https://api.linked-systems.uk/api/schema-org/dataset/2148314,
1874318,urn:gleaner.io:oih:bodc:data:76145caea39e75a8849932c6c9ea51b878967beb,none,False,False,,,,,0,0,https://api.linked-systems.uk/api/schema-org/dataset/1874318,
1177345,urn:gleaner.io:oih:bodc:data:7620719f62e9afbd13759d66c5f843a0487a7c4c,none,False,False,,,,,0,0,https://api.linked-systems.uk/api/schema-org/dataset/1177345,
1226346,urn:gleaner.io:oih:bodc:data:78a8130892af4548b34d53670a5b7108e42d44d3,tier_instrument,False,True,,,,,0,0,https://api.linked-systems.uk/api/schema-org/dataset/1226346,
2046171,urn:gleaner.io:oih:bodc:data:e36bee954f27b094723faecc631afdaeb77afedb,tier1,True,False,DepBelowSurf,https://vocab.nerc.ac.uk/collection/P01/current/ADEPZZ01/,14.2,99.2,1,0,https://api.linked-systems.uk/api/schema-org/dataset/2046171,
1171012,urn:gleaner.io:oih:bodc:data:28f584bf98bca170f819cbd09f1a6f71b872defd,tier2,False,False,BinDep,https://vocab.nerc.ac.uk/collection/P01/current/DBINAA01/,11,407,0,1,https://api.linked-systems.uk/api/schema-org/dataset/1171012,
1347376,urn:gleaner.io:oih:bodc:data:2f48de57cbab78177295e76ac9280e49cc271cb3,tier1,True,False,DepBelowSurf,https://vocab.nerc.ac.uk/collection/P01/current/ADEPZZ01/,5.8,151.2,1,0,https://api.linked-systems.uk/api/schema-org/dataset/1347376,
2148283,urn:gleaner.io:oih:bodc:data:536a986a8ddef70a6e0be1e43ca3fabc8edc0845,none,False,False,,,,,0,0,https://api.linked-systems.uk/api/schema-org/dataset/2148283,
1346846,urn:gleaner.io:oih:bodc:data:0437732999f0512cd0c7f4e8e728f0db968fd6f5,none,False,False,,,,,0,0,https://api.linked-systems.uk/api/schema-org/dataset/1346846,
1177437,urn:gleaner.io:oih:bodc:data:3861c0256fa9f82eb84398cb258a63f775f1bbb1,none,False,False,,,,,0,0,https://api.linked-systems.uk/api/schema-org/dataset/1177437,
1225957,urn:gleaner.io:oih:bodc:data:a6c465d987506f39152350350e1e09a3ee5440c5,none,False,False,,,,,0,0,https://api.linked-systems.uk/api/schema-org/dataset/1225957,
2148848,urn:gleaner.io:oih:bodc:data:d439bf285de4fec48606e902e0332967cfb53b88,tier1,True,False,DepBelowSurf,https://vocab.nerc.ac.uk/collection/P01/current/ADEPZZ01/,6.4,300,1,0,https://api.linked-systems.uk/api/schema-org/dataset/2148848,
1347179,urn:gleaner.io:oih:bodc:data:ee2c197c560a88b3402014bfb2b95a10797a03b3,tier1,True,False,DepBelowSurf,https://vocab.nerc.ac.uk/collection/P01/current/ADEPZZ01/,5.7,999.9,1,0,https://api.linked-systems.uk/api/schema-org/dataset/1347179,
1347155,urn:gleaner.io:oih:bodc:data:3647fa7b493c04f1935856803c027059535eaafd,none,False,False,,,,,0,0,https://api.linked-systems.uk/api/schema-org/dataset/1347155,
888144,urn:gleaner.io:oih:bodc:data:1a79df1ec63510c23ba89ece1f3473b765a93c41,none,False,False,,,,,0,0,https://api.linked-systems.uk/api/schema-org/dataset/888144,
2148547,urn:gleaner.io:oih:bodc:data:037bce0c2a228595a3086f7ddcbd3cca4084268e,none,False,False,,,,,0,0,https://api.linked-systems.uk/api/schema-org/dataset/2148547,
2004217,urn:gleaner.io:oih:bodc:data:0b91d7a5a6cb4d1e743b96a828983102c1e372af,tier1,True,False,DepBelowSurf,https://vocab.nerc.ac.uk/collection/P01/current/ADEPZZ01/,8.2,4734.6,1,0,https://api.linked-systems.uk/api/schema-org/dataset/2004217,
1816740,urn:gleaner.io:oih:bodc:data:5e61f152fd56af0b621898d8f21f9bc5eb908a5f,tier2,False,False,Start_depth,https://vocab.nerc.ac.uk/collection/P01/current/DEPHPRST/,4.96,351.69,0,1,https://api.linked-systems.uk/api/schema-org/dataset/1816740,
2046994,urn:gleaner.io:oih:bodc:data:dc69fd1bcdeb11bc0aa335cdc765a420597a8c81,none,False,False,,,,,0,0,https://api.linked-systems.uk/api/schema-org/dataset/2046994,
1927843,urn:gleaner.io:oih:bodc:data:9ddb6a007aecbf0c5b4b21b92f872d8bd82e0415,none,False,False,,,,,0,0,https://api.linked-systems.uk/api/schema-org/dataset/1927843,
1989607,urn:gleaner.io:oih:bodc:data:f3e21c5a86dac571cf0420f2976e90118d98627e,none,False,False,,,,,0,0,https://api.linked-systems.uk/api/schema-org/dataset/1989607,
2014758,urn:gleaner.io:oih:bodc:data:2c0692cf4e160c7ee4668ed85c185fecacc676e8,none,False,False,,,,,0,0,https://api.linked-systems.uk/api/schema-org/dataset/2014758,
2153494,urn:gleaner.io:oih:bodc:data:a2f1812eff898a8a07e093316f58113485e7bd95,tier1,True,False,DepBelowSurf,https://vocab.nerc.ac.uk/collection/P01/current/ADEPZZ01/,5,200,1,0,https://api.linked-systems.uk/api/schema-org/dataset/2153494,
2153574,urn:gleaner.io:oih:bodc:data:72c4527d47af70c6166e2cef33ff04b19935f4bc,none,False,False,,,,,0,0,https://api.linked-systems.uk/api/schema-org/dataset/2153574,
1927787,urn:gleaner.io:oih:bodc:data:301f05d7d7a1992d75f0ad05e0b1b0ea72b327aa,tier1,True,False,DepBelowSurf,https://vocab.nerc.ac.uk/collection/P01/current/ADEPZZ01/,3,90,1,0,https://api.linked-systems.uk/api/schema-org/dataset/1927787,
2148295,urn:gleaner.io:oih:bodc:data:892258922abcf4e657911ed85d516662f931a1a5,none,False,False,,,,,0,0,https://api.linked-systems.uk/api/schema-org/dataset/2148295,
1171036,urn:gleaner.io:oih:bodc:data:42e4654f7cde822bb3fb381dc7edb508e3f4742f,tier2,False,False,BinDep,https://vocab.nerc.ac.uk/collection/P01/current/DBINAA01/,11,407,0,1,https://api.linked-systems.uk/api/schema-org/dataset/1171036,
1880729,urn:gleaner.io:oih:bodc:data:848022b5f6b07523bedb98954ed17dd00f671bd9,none,False,False,,,,,0,0,https://api.linked-systems.uk/api/schema-org/dataset/1880729,
2153482,urn:gleaner.io:oih:bodc:data:07613192862f27cf4dee783ba978a2a8600d5603,none,False,False,,,,,0,0,https://api.linked-systems.uk/api/schema-org/dataset/2153482,
2001698,urn:gleaner.io:oih:bodc:data:8c858d64aae8b4f74fc87d535aa6ee0d6039493f,none,False,False,,,,,0,0,https://api.linked-systems.uk/api/schema-org/dataset/2001698,
1874392,urn:gleaner.io:oih:bodc:data:7946b20da9f0657daf17c1da497e655aa133fb34,none,False,False,,,,,0,0,https://api.linked-systems.uk/api/schema-org/dataset/1874392,
1170973,urn:gleaner.io:oih:bodc:data:98cdf651f88951399a8662d0c569e1ec5f792a4d,tier2,False,False,BinDep,https://vocab.nerc.ac.uk/collection/P01/current/DBINAA01/,11,407,0,1,https://api.linked-systems.uk/api/schema-org/dataset/1170973,
1928164,urn:gleaner.io:oih:bodc:data:b4c9a5da663d94ed00051f478218033bc4c5ea6c,tier1,True,False,DepBelowSurf,https://vocab.nerc.ac.uk/collection/P01/current/ADEPZZ01/,7.3,994.7,1,0,https://api.linked-systems.uk/api/schema-org/dataset/1928164,
1816776,urn:gleaner.io:oih:bodc:data:2219d200b8659190a7a912806163379f3f68b8c1,tier2,False,False,Start_depth,https://vocab.nerc.ac.uk/collection/P01/current/DEPHPRST/,10.91,4823.72,0,1,https://api.linked-systems.uk/api/schema-org/dataset/1816776,
2148105,urn:gleaner.io:oih:bodc:data:22194a8c54e3ed3563ef165350ae535915591880,none,False,False,,,,,0,0,https://api.linked-systems.uk/api/schema-org/dataset/2148105,
2107799,urn:gleaner.io:oih:bodc:data:fd9637224f076b45312d9d545bf164a508c9e304,tier1,True,False,DepBelowSurf,https://vocab.nerc.ac.uk/collection/P01/current/ADEPZZ01/,15,200,1,0,https://api.linked-systems.uk/api/schema-org/dataset/2107799,
2148049,urn:gleaner.io:oih:bodc:data:353092c1da5177bea7a0f25011aec8abe7374985,none,False,False,,,,,0,0,https://api.linked-systems.uk/api/schema-org/dataset/2148049,
2148572,urn:gleaner.io:oih:bodc:data:a139497ce472c2a56c5aa945267787c9e1e015ab,tier1,True,False,DepBelowSurf,https://vocab.nerc.ac.uk/collection/P01/current/ADEPZZ01/,4.9,300.2,1,0,https://api.linked-systems.uk/api/schema-org/dataset/2148572,
1170819,urn:gleaner.io:oih:bodc:data:232558fd8e86fb9c93f508054141f9abf50709c9,none,False,False,,,,,0,0,https://api.linked-systems.uk/api/schema-org/dataset/1170819,
2001729,urn:gleaner.io:oih:bodc:data:a92ce3a876133627fdf2d52e7a6ef682bbe0589d,none,False,False,,,,,0,0,https://api.linked-systems.uk/api/schema-org/dataset/2001729,
1346846,urn:gleaner.io:oih:bodc:data:338e3677809a57dd07bd7115d0ef5f99e526c5fc,tier1,True,False,DepBelowSurf,https://vocab.nerc.ac.uk/collection/P01/current/ADEPZZ01/,3.9,1000.6,1,0,https://api.linked-systems.uk/api/schema-org/dataset/1346846,
2148302,urn:gleaner.io:oih:bodc:data:ba5f618f2770d0f1bc38c2555c0eea313c631073,tier1,True,False,DepBelowSurf,https://vocab.nerc.ac.uk/collection/P01/current/ADEPZZ01/,6.3,301.2,1,0,https://api.linked-systems.uk/api/schema-org/dataset/2148302,
1226278,urn:gleaner.io:oih:bodc:data:34f8288074cf71332c41a8a386a1d627e897d23c,none,False,False,,,,,0,0,https://api.linked-systems.uk/api/schema-org/dataset/1226278,
2004162,urn:gleaner.io:oih:bodc:data:f719b026059fe28ef6bf2e8d94d74241f3e5c64e,tier1,True,False,DepBelowSurf,https://vocab.nerc.ac.uk/collection/P01/current/ADEPZZ01/,9.4,4733,1,0,https://api.linked-systems.uk/api/schema-org/dataset/2004162,
1874355,urn:gleaner.io:oih:bodc:data:45845892bfdbf867be8495404d935b0781660139,none,False,False,,,,,0,0,https://api.linked-systems.uk/api/schema-org/dataset/1874355,
2051787,urn:gleaner.io:oih:bodc:data:78c38e80939a924ec9842d614dad8572a96f5ed3,tier1,True,False,DepBelowSurf,https://vocab.nerc.ac.uk/collection/P01/current/ADEPZZ01/,6,4705.7,1,0,https://api.linked-systems.uk/api/schema-org/dataset/2051787,
2022992,urn:gleaner.io:oih:bodc:data:319b146f38a3b44c1497b3c8373a97835a1bfb73,tier_instrument,False,True,,,,,0,0,https://api.linked-systems.uk/api/schema-org/dataset/2022992,
1927923,urn:gleaner.io:oih:bodc:data:5ab665f64306ef30083593fd7d993dc57a926387,none,False,False,,,,,0,0,https://api.linked-systems.uk/api/schema-org/dataset/1927923,
2107609,urn:gleaner.io:oih:bodc:data:290b206cc78aac9bf4f9cde41f4da14292f47e2f,tier1,True,False,DepBelowSurf,https://vocab.nerc.ac.uk/collection/P01/current/ADEPZZ01/,27.3,994.7,1,0,https://api.linked-systems.uk/api/schema-org/dataset/2107609,
1347259,urn:gleaner.io:oih:bodc:data:77bb82cfca1fe9bde2082f9dafb15bc236241c08,tier1,True,False,DepBelowSurf,https://vocab.nerc.ac.uk/collection/P01/current/ADEPZZ01/,8.6,1983.8,1,0,https://api.linked-systems.uk/api/schema-org/dataset/1347259,
2118982,urn:gleaner.io:oih:bodc:data:84216091c120b705e67e4d58d302dc38a9ca0ffe,tier1,True,False,DepBelowSurf,https://vocab.nerc.ac.uk/collection/P01/current/ADEPZZ01/,21.6,2997.6,1,0,https://api.linked-systems.uk/api/schema-org/dataset/2118982,
2001637,urn:gleaner.io:oih:bodc:data:a10a83a4f04c166faa89edfb09cc7bf549237720,none,False,False,,,,,0,0,https://api.linked-systems.uk/api/schema-org/dataset/2001637,
2107751,urn:gleaner.io:oih:bodc:data:85f348cf6e615f4e7849c7e1935e706fab8f18d4,tier1,True,False,DepBelowSurf,https://vocab.nerc.ac.uk/collection/P01/current/ADEPZZ01/,25,200,1,0,https://api.linked-systems.uk/api/schema-org/dataset/2107751,
2111854,urn:gleaner.io:oih:bodc:data:04317748edf041cec4f1b719915f6aa5515cbf4e,tier1,True,False,DepBelowSurf,https://vocab.nerc.ac.uk/collection/P01/current/ADEPZZ01/,10.1,898.1,1,0,https://api.linked-systems.uk/api/schema-org/dataset/2111854,
2022433,urn:gleaner.io:oih:bodc:data:abbddcfa0df3734f559a8934cb852776c992566e,none,False,False,,,,,0,0,https://api.linked-systems.uk/api/schema-org/dataset/2022433,
2148916,urn:gleaner.io:oih:bodc:data:2edd7d446dc5dc9207d9d57fa337b15c307a2aac,none,False,False,,,,,0,0,https://api.linked-systems.uk/api/schema-org/dataset/2148916,
1226101,urn:gleaner.io:oih:bodc:data:41579db23822f6e028ca3cc058acffee917300cb,tier_instrument,False,True,,,,,0,0,https://api.linked-systems.uk/api/schema-org/dataset/1226101,
2046195,urn:gleaner.io:oih:bodc:data:c76b6dc00fe5fb3660ff4cb68e82bf89a41118ae,tier1,True,False,DepBelowSurf,https://vocab.nerc.ac.uk/collection/P01/current/ADEPZZ01/,12.8,202.9,1,0,https://api.linked-systems.uk/api/schema-org/dataset/2046195,
1177357,urn:gleaner.io:oih:bodc:data:cf57c0ece767a182d1dfa64e4d99883eb9a5537b,none,False,False,,,,,0,0,https://api.linked-systems.uk/api/schema-org/dataset/1177357,
1816820,urn:gleaner.io:oih:bodc:data:2a4ebeda3b9fe512758cf092a4a529569c4c3ae6,none,False,False,,,,,0,0,https://api.linked-systems.uk/api/schema-org/dataset/1816820,
888168,urn:gleaner.io:oih:bodc:data:3bef2e79752c870b6e84ef5f7efebf0bc1fccf6e,none,False,False,,,,,0,0,https://api.linked-systems.uk/api/schema-org/dataset/888168,
888156,urn:gleaner.io:oih:bodc:data:caba11d816fc2cc48fea84d23ae18c9de9b28227,none,False,False,,,,,0,0,https://api.linked-systems.uk/api/schema-org/dataset/888156,
1851006,urn:gleaner.io:oih:bodc:data:e44ae38561a93f9eafaf7e466fe2c0e8b9952deb,none,False,False,,,,,0,0,https://api.linked-systems.uk/api/schema-org/dataset/1851006,
1177382,urn:gleaner.io:oih:bodc:data:c4ef9cbae98d9e3e132f280670771f93757cb4f9,none,False,False,,,,,0,0,https://api.linked-systems.uk/api/schema-org/dataset/1177382,
1927831,urn:gleaner.io:oih:bodc:data:1006ba63afee968dbb889c98e9e78ea51905ea87,tier1,True,False,DepBelowSurf,https://vocab.nerc.ac.uk/collection/P01/current/ADEPZZ01/,6,150,1,0,https://api.linked-systems.uk/api/schema-org/dataset/1927831,
1929038,urn:gleaner.io:oih:bodc:data:9b836374c1b5d9196751394c4079986be08a5dba,none,False,False,,,,,0,0,https://api.linked-systems.uk/api/schema-org/dataset/1929038,
1929051,urn:gleaner.io:oih:bodc:data:91fff68e1edf47bc24c1fe80c55647d8cee2f876,none,False,False,,,,,0,0,https://api.linked-systems.uk/api/schema-org/dataset/1929051,
1225933,urn:gleaner.io:oih:bodc:data:8c662ca73fb7459ac88f08a9ed1bcc2e24d3a551,tier_instrument,False,True,,,,,0,0,https://api.linked-systems.uk/api/schema-org/dataset/1225933,
2051879,urn:gleaner.io:oih:bodc:data:089481a4ff1b7f60b6a264b3fa7b998ebababbce,none,False,False,,,,,0,0,https://api.linked-systems.uk/api/schema-org/dataset/2051879,
2153501,urn:gleaner.io:oih:bodc:data:6805e7859cc22bb039f36a4f75de26bfeecc5c51,none,False,False,,,,,0,0,https://api.linked-systems.uk/api/schema-org/dataset/2153501,
2004205,urn:gleaner.io:oih:bodc:data:89f88c68864e73bf3c11fc738983c6514d99514a,none,False,False,,,,,0,0,https://api.linked-systems.uk/api/schema-org/dataset/2004205,
1928999,urn:gleaner.io:oih:bodc:data:90ae0d6655d931c943d6e4bdaa34fd0dd599c340,none,False,False,,,,,0,0,https://api.linked-systems.uk/api/schema-org/dataset/1928999,
2153482,urn:gleaner.io:oih:bodc:data:cdbe114d166ad0ee6e3fc14f1a9db9fb57235aa3,none,False,False,,,,,0,0,https://api.linked-systems.uk/api/schema-org/dataset/2153482,
876500,urn:gleaner.io:oih:bodc:data:83fe4d4fba617f76da50659bd84e5ca5161b8c3a,none,False,False,,,,,0,0,https://api.linked-systems.uk/api/schema-org/dataset/876500,
2148596,urn:gleaner.io:oih:bodc:data:30fe58cad51aa85bba0d0c857e225c4884f9081b,none,False,False,,,,,0,0,https://api.linked-systems.uk/api/schema-org/dataset/2148596,
2053978,urn:gleaner.io:oih:bodc:data:abfec32a302b753edfec49060581d5d9c8ac5039,none,False,False,,,,,0,0,https://api.linked-systems.uk/api/schema-org/dataset/2053978,
1928140,urn:gleaner.io:oih:bodc:data:16462f57497fea91c3a404c5f1e09c5ff3d8b794,tier1,True,False,DepBelowSurf,https://vocab.nerc.ac.uk/collection/P01/current/ADEPZZ01/,2.8,279.5,1,0,https://api.linked-systems.uk/api/schema-org/dataset/1928140,
1347143,urn:gleaner.io:oih:bodc:data:afbcfdf7811d4f26a4c8eda8e81f5a5be593f9bc,tier1,True,False,DepBelowSurf,https://vocab.nerc.ac.uk/collection/P01/current/ADEPZZ01/,6,987.8,1,0,https://api.linked-systems.uk/api/schema-org/dataset/1347143,
1874287,urn:gleaner.io:oih:bodc:data:16526d48bfb5f6cf057a3d2c25a2dfa092544794,none,False,False,,,,,0,0,https://api.linked-systems.uk/api/schema-org/dataset/1874287,
2111842,urn:gleaner.io:oih:bodc:data:74f7738fd5b388dea657c117da1c5ec2a5f0d7d3,tier1,True,False,DepBelowSurf,https://vocab.nerc.ac.uk/collection/P01/current/ADEPZZ01/,2.8,279.5,1,0,https://api.linked-systems.uk/api/schema-org/dataset/2111842,
1347192,urn:gleaner.io:oih:bodc:data:b36c1a2b6f183a611afd6de0a2b008924e797363,tier1,True,False,DepBelowSurf,https://vocab.nerc.ac.uk/collection/P01/current/ADEPZZ01/,5,993.5,1,0,https://api.linked-systems.uk/api/schema-org/dataset/1347192,
1929026,urn:gleaner.io:oih:bodc:data:44e217d8a5321e62148da7961d1d21d8f16d8df5,tier1,True,False,DepBelowSurf,https://vocab.nerc.ac.uk/collection/P01/current/ADEPZZ01/,5.3,100.2,1,0,https://api.linked-systems.uk/api/schema-org/dataset/1929026,
2148836,urn:gleaner.io:oih:bodc:data:51e669401128f52800ab67a7676f843037e29a64,tier1,True,False,DepBelowSurf,https://vocab.nerc.ac.uk/collection/P01/current/ADEPZZ01/,5.9,301.3,1,0,https://api.linked-systems.uk/api/schema-org/dataset/2148836,
895651,urn:gleaner.io:oih:bodc:data:a49c485c2e97a4e0b0416ebbfa570d6f009fc673,none,False,False,,,,,0,0,https://api.linked-systems.uk/api/schema-org/dataset/895651,
1177984,urn:gleaner.io:oih:bodc:data:825bc1f16596cd49938e98809020d058719fef73,none,False,False,,,,,0,0,https://api.linked-systems.uk/api/schema-org/dataset/1177984,
2051806,urn:gleaner.io:oih:bodc:data:96987be2265dfcd6acbb589db9915a760d7791cd,none,False,False,,,,,0,0,https://api.linked-systems.uk/api/schema-org/dataset/2051806,
1346914,urn:gleaner.io:oih:bodc:data:02804b97a3c6e8b4007865d334bfd5a5164f6038,tier1,True,False,DepBelowSurf,https://vocab.nerc.ac.uk/collection/P01/current/ADEPZZ01/,5.4,999.9,1,0,https://api.linked-systems.uk/api/schema-org/dataset/1346914,
1874275,urn:gleaner.io:oih:bodc:data:8848643964d7db3b96612563dec740bc7f9343d1,tier1,True,False,DepBelowSurf,https://vocab.nerc.ac.uk/collection/P01/current/ADEPZZ01/,11.6,2997.6,1,0,https://api.linked-systems.uk/api/schema-org/dataset/1874275,
2148479,urn:gleaner.io:oih:bodc:data:9163d24085f4e178e4264e6f48b2cf00beb821d4,none,False,False,,,,,0,0,https://api.linked-systems.uk/api/schema-org/dataset/2148479,
1880625,urn:gleaner.io:oih:bodc:data:6b7b6f76eca1e75925ae0853cf5cec926c3c3b11,none,False,False,,,,,0,0,https://api.linked-systems.uk/api/schema-org/dataset/1880625,
2014758,urn:gleaner.io:oih:bodc:data:74e15d1834f44984113cc6c7344b89fdbf308c5e,none,False,False,,,,,0,0,https://api.linked-systems.uk/api/schema-org/dataset/2014758,
1346846,urn:gleaner.io:oih:bodc:data:77c4fb72321f8831c09b43f8bd4fa2c7e0cbf73f,none,False,False,,,,,0,0,https://api.linked-systems.uk/api/schema-org/dataset/1346846,
2046146,urn:gleaner.io:oih:bodc:data:ba66c3dc3c63116a163b0507ecfbfd0a0c5a5a0b,tier_instrument,False,True,,,,,0,0,https://api.linked-systems.uk/api/schema-org/dataset/2046146,
1928127,urn:gleaner.io:oih:bodc:data:fbd7dd9463b32877e645de1c9dd72efe754c3838,tier1,True,False,DepBelowSurf,https://vocab.nerc.ac.uk/collection/P01/current/ADEPZZ01/,25.6,599.4,1,0,https://api.linked-systems.uk/api/schema-org/dataset/1928127,
1928084,urn:gleaner.io:oih:bodc:data:4d6a24ebe99d393254d2287ad8286fba7f4d76fe,none,False,False,,,,,0,0,https://api.linked-systems.uk/api/schema-org/dataset/1928084,
2046423,urn:gleaner.io:oih:bodc:data:ff130263f257359dff7d1362fd87192db92bd491,none,False,False,,,,,0,0,https://api.linked-systems.uk/api/schema-org/dataset/2046423,
2138750,urn:gleaner.io:oih:bodc:data:4cf2149e51a9a7baca51f688ebc138ef05fa6ce6,tier1,True,False,DepBelowSurf,https://vocab.nerc.ac.uk/collection/P01/current/ADEPZZ01/,13.2,104.4,1,0,https://api.linked-systems.uk/api/schema-org/dataset/2138750,
1347002,urn:gleaner.io:oih:bodc:data:8497f4f57f05676c5e236cc70baa0fc04e2f7a7e,tier1,True,False,DepBelowSurf,https://vocab.nerc.ac.uk/collection/P01/current/ADEPZZ01/,6.2,999.6,1,0,https://api.linked-systems.uk/api/schema-org/dataset/1347002,
2107775,urn:gleaner.io:oih:bodc:data:75975f67e56c705ecc62e82ace306a42c578758d,tier1,True,False,DepBelowSurf,https://vocab.nerc.ac.uk/collection/P01/current/ADEPZZ01/,15,200,1,0,https://api.linked-systems.uk/api/schema-org/dataset/2107775,
1839425,urn:gleaner.io:oih:bodc:data:458627f8f5c6e1501ae1c69263934ab673db0aa5,none,False,False,,,,,0,0,https://api.linked-systems.uk/api/schema-org/dataset/1839425,
1929075,urn:gleaner.io:oih:bodc:data:4d29f698b16bf313f4fdd9a56a13852b1f392ed1,tier1,True,False,DepBelowSurf,https://vocab.nerc.ac.uk/collection/P01/current/ADEPZZ01/,20.6,4826.7,1,0,https://api.linked-systems.uk/api/schema-org/dataset/1929075,
2148479,urn:gleaner.io:oih:bodc:data:18431aa4eef61a23de8b0a29ff085f903c93a0a0,tier1,True,False,DepBelowSurf,https://vocab.nerc.ac.uk/collection/P01/current/ADEPZZ01/,5.5,301.2,1,0,https://api.linked-systems.uk/api/schema-org/dataset/2148479,
1170856,urn:gleaner.io:oih:bodc:data:a8cdedfcbf750d347b4b5b18041130fe0d7e37b4,none,False,False,,,,,0,0,https://api.linked-systems.uk/api/schema-org/dataset/1170856,
1225828,urn:gleaner.io:oih:bodc:data:d2667997cf86717bd0ee4657bc7c6181ca3c647d,none,False,False,,,,,0,0,https://api.linked-systems.uk/api/schema-org/dataset/1225828,
2107751,urn:gleaner.io:oih:bodc:data:367f87d091b66a331150fed33e0a3f88a905f5da,none,False,False,,,,,0,0,https://api.linked-systems.uk/api/schema-org/dataset/2107751,
1816936,urn:gleaner.io:oih:bodc:data:754fc737be6a277c9ce2ad7bcbb18cd89b62fee8,tier2,False,False,Start_depth,https://vocab.nerc.ac.uk/collection/P01/current/DEPHPRST/,4.96,1001.98,0,1,https://api.linked-systems.uk/api/schema-org/dataset/1816936,
1226322,urn:gleaner.io:oih:bodc:data:d00320721a0b78edd14c1897654acd345fda5681,tier_instrument,False,True,,,,,0,0,https://api.linked-systems.uk/api/schema-org/dataset/1226322,
1170936,urn:gleaner.io:oih:bodc:data:896aaab1685fd4ad170e40adb7e05e29638e2083,tier2,False,False,BinDep,https://vocab.nerc.ac.uk/collection/P01/current/DBINAA01/,11,407,0,1,https://api.linked-systems.uk/api/schema-org/dataset/1170936,
2110710,urn:gleaner.io:oih:bodc:data:d64ca800be94733451d1fe9ccd9dc99ee5253394,none,False,False,,,,,0,0,https://api.linked-systems.uk/api/schema-org/dataset/2110710,
2148431,urn:gleaner.io:oih:bodc:data:02cad49d48250e91f86e2119e7c4becbc536aff9,tier1,True,False,DepBelowSurf,https://vocab.nerc.ac.uk/collection/P01/current/ADEPZZ01/,52.7,300,1,0,https://api.linked-systems.uk/api/schema-org/dataset/2148431,
2046435,urn:gleaner.io:oih:bodc:data:6302a6bf0bb238d6aee1a447047550a33aa8ae46,none,False,False,,,,,0,0,https://api.linked-systems.uk/api/schema-org/dataset/2046435,
1177308,urn:gleaner.io:oih:bodc:data:847256c328971377131386bbf3f00ba608ca3368,none,False,False,,,,,0,0,https://api.linked-systems.uk/api/schema-org/dataset/1177308,
1347087,urn:gleaner.io:oih:bodc:data:92e4ca00dcd064a320291503b5d3b67245dafe8b,none,False,False,,,,,0,0,https://api.linked-systems.uk/api/schema-org/dataset/1347087,
2110642,urn:gleaner.io:oih:bodc:data:8d0bdd4c80bac865f179f8b85322926ba34cf9b9,none,False,False,,,,,0,0,https://api.linked-systems.uk/api/schema-org/dataset/2110642,
1347118,urn:gleaner.io:oih:bodc:data:f81e914e03cd0a19f8ce8239fab4e76dad21acc3,none,False,False,,,,,0,0,https://api.linked-systems.uk/api/schema-org/dataset/1347118,
1170948,urn:gleaner.io:oih:bodc:data:a6379f28af1bf82fadebc2e3bc0ef370797be09a,none,False,False,,,,,0,0,https://api.linked-systems.uk/api/schema-org/dataset/1170948,
1347167,urn:gleaner.io:oih:bodc:data:6a5795bde00722ec5fa18919dd7d5ab626c0946a,tier1,True,False,DepBelowSurf,https://vocab.nerc.ac.uk/collection/P01/current/ADEPZZ01/,6.6,1000.4,1,0,https://api.linked-systems.uk/api/schema-org/dataset/1347167,
1816739,urn:gleaner.io:oih:bodc:data:cde43d2f2b31835b65d8c4499cd675e823bd8dcc,none,False,False,,,,,0,0,https://api.linked-systems.uk/api/schema-org/dataset/1816739,
1347087,urn:gleaner.io:oih:bodc:data:5a9f9522b87309cdfbbeb8f95832bcb7bde21951,none,False,False,,,,,0,0,https://api.linked-systems.uk/api/schema-org/dataset/1347087,
2014980,urn:gleaner.io:oih:bodc:data:a9ba56836014311d9ab0b3e4816ac9056633fdd0,none,False,False,,,,,0,0,https://api.linked-systems.uk/api/schema-org/dataset/2014980,
2107726,urn:gleaner.io:oih:bodc:data:fbf286fa7eca35eaf424cc1a7d0692732580b979,none,False,False,,,,,0,0,https://api.linked-systems.uk/api/schema-org/dataset/2107726,
2148431,urn:gleaner.io:oih:bodc:data:38cbee22ec439b8797e85ae3aae149663b8a1c57,tier1,True,False,DepBelowSurf,https://vocab.nerc.ac.uk/collection/P01/current/ADEPZZ01/,52.7,300,1,0,https://api.linked-systems.uk/api/schema-org/dataset/2148431,
1226346,urn:gleaner.io:oih:bodc:data:1a240834d873e52db705f214bab7f7f3f52bf9e2,none,False,False,,,,,0,0,https://api.linked-systems.uk/api/schema-org/dataset/1226346,
888088,urn:gleaner.io:oih:bodc:data:2970fc4d5da6366f0c199f1d3eb85644a63b4a53,none,False,False,,,,,0,0,https://api.linked-systems.uk/api/schema-org/dataset/888088,
1874226,urn:gleaner.io:oih:bodc:data:39a8466312d7b6f3983a2c6172d953095c1f4a70,tier1,True,False,DepBelowSurf,https://vocab.nerc.ac.uk/collection/P01/current/ADEPZZ01/,19.7,99.5,1,0,https://api.linked-systems.uk/api/schema-org/dataset/1874226,
1922838,urn:gleaner.io:oih:bodc:data:45711bde4729c3f3429391e1cb6938dab5830a20,none,False,False,,,,,0,0,https://api.linked-systems.uk/api/schema-org/dataset/1922838,
2148314,urn:gleaner.io:oih:bodc:data:ad40c662691d35c8e825c9001ea3357569dd25e9,tier1,True,False,DepBelowSurf,https://vocab.nerc.ac.uk/collection/P01/current/ADEPZZ01/,5.9,301.3,1,0,https://api.linked-systems.uk/api/schema-org/dataset/2148314,
2148302,urn:gleaner.io:oih:bodc:data:3ad5174f5161ba1ab6269af5596980508cc03066,tier1,True,False,DepBelowSurf,https://vocab.nerc.ac.uk/collection/P01/current/ADEPZZ01/,6.3,301.2,1,0,https://api.linked-systems.uk/api/schema-org/dataset/2148302,
2027818,urn:gleaner.io:oih:bodc:data:cd4ed3f788a03b34f27849da22167c8e924680a6,none,False,False,,,,,0,0,https://api.linked-systems.uk/api/schema-org/dataset/2027818,
1836556,urn:gleaner.io:oih:bodc:data:dd68fc763ec2bb2eb911ccb2cd6de43b17a91cd6,none,False,False,,,,,0,0,https://api.linked-systems.uk/api/schema-org/dataset/1836556,
2046318,urn:gleaner.io:oih:bodc:data:c12cce41fc5100b360227ce6409f9bae0cd987c4,none,False,False,,,,,0,0,https://api.linked-systems.uk/api/schema-org/dataset/2046318,
2148603,urn:gleaner.io:oih:bodc:data:e9f3caee4cfefa7b102d03733976c2c580574596,none,False,False,,,,,0,0,https://api.linked-systems.uk/api/schema-org/dataset/2148603,
1347340,urn:gleaner.io:oih:bodc:data:783f687797086f2df9fe5cd8c66b0d75ee33a492,none,False,False,,,,,0,0,https://api.linked-systems.uk/api/schema-org/dataset/1347340,
2107775,urn:gleaner.io:oih:bodc:data:0b0334c4313f790b818680d11d32b63ae9c2923a,tier1,True,False,DepBelowSurf,https://vocab.nerc.ac.uk/collection/P01/current/ADEPZZ01/,15,200,1,0,https://api.linked-systems.uk/api/schema-org/dataset/2107775,
1880650,urn:gleaner.io:oih:bodc:data:5fd776b4d6928b4850f33df51193ad6e845ab92c,none,False,False,,,,,0,0,https://api.linked-systems.uk/api/schema-org/dataset/1880650,
2148455,urn:gleaner.io:oih:bodc:data:5658335215c7f4381c80acfe889f57e691bc3106,none,False,False,,,,,0,0,https://api.linked-systems.uk/api/schema-org/dataset/2148455,
1928084,urn:gleaner.io:oih:bodc:data:79221a97b97d8332e7e4a035505afa5e4c7ea3f3,tier1,True,False,DepBelowSurf,https://vocab.nerc.ac.uk/collection/P01/current/ADEPZZ01/,4.7,49.2,1,0,https://api.linked-systems.uk/api/schema-org/dataset/1928084,
1347259,urn:gleaner.io:oih:bodc:data:ad0422852a1c3128f30fcdc07bb805aa7939ba29,tier1,True,False,DepBelowSurf,https://vocab.nerc.ac.uk/collection/P01/current/ADEPZZ01/,8.6,1983.8,1,0,https://api.linked-systems.uk/api/schema-org/dataset/1347259,
1874343,urn:gleaner.io:oih:bodc:data:c986f32b0998d2f6ca3e90430e460ec29db4fd40,none,False,False,,,,,0,0,https://api.linked-systems.uk/api/schema-org/dataset/1874343,
2107610,urn:gleaner.io:oih:bodc:data:0df28d4f3348de0ca45c3d7de183d2379e59a7ec,tier1,True,False,DepBelowSurf,https://vocab.nerc.ac.uk/collection/P01/current/ADEPZZ01/,24.7,989.1,1,0,https://api.linked-systems.uk/api/schema-org/dataset/2107610,
2026667,urn:gleaner.io:oih:bodc:data:8314faddfc1ee256095ea26a0b50c4326231711f,tier_instrument,False,True,,,,,0,0,https://api.linked-systems.uk/api/schema-org/dataset/2026667,
2148295,urn:gleaner.io:oih:bodc:data:9a44a31777e01cb8d78cf1eb4394fae8112c91de,none,False,False,,,,,0,0,https://api.linked-systems.uk/api/schema-org/dataset/2148295,
1927831,urn:gleaner.io:oih:bodc:data:30337914e145636c178c8bfb8527a870a5db9604,none,False,False,,,,,0,0,https://api.linked-systems.uk/api/schema-org/dataset/1927831,
2138701,urn:gleaner.io:oih:bodc:data:eab77137b7cdcfcad331b6c85af7f50df4dec5b0,none,False,False,,,,,0,0,https://api.linked-systems.uk/api/schema-org/dataset/2138701,
1225841,urn:gleaner.io:oih:bodc:data:c8335870e8c06df291a553d786b6b44efc5ca3cb,tier_instrument,False,True,,,,,0,0,https://api.linked-systems.uk/api/schema-org/dataset/1225841,
1347303,urn:gleaner.io:oih:bodc:data:7baa26fa1133a2a041bdefda2fab8bdb41078edb,tier1,True,False,DepBelowSurf,https://vocab.nerc.ac.uk/collection/P01/current/ADEPZZ01/,5,4000,1,0,https://api.linked-systems.uk/api/schema-org/dataset/1347303,
1928176,urn:gleaner.io:oih:bodc:data:c16e81136b1519326c1f19b3c99c3d30fc9e218c,tier1,True,False,DepBelowSurf,https://vocab.nerc.ac.uk/collection/P01/current/ADEPZZ01/,4.2,989.1,1,0,https://api.linked-systems.uk/api/schema-org/dataset/1928176,
1170856,urn:gleaner.io:oih:bodc:data:3a0c9b6b5eaa095238f58f85671b4bb207272107,none,False,False,,,,,0,0,https://api.linked-systems.uk/api/schema-org/dataset/1170856,
1929099,urn:gleaner.io:oih:bodc:data:677ce8f6702ce2660e282692f1c8c58c42c155e5,tier1,True,False,DepBelowSurf,https://vocab.nerc.ac.uk/collection/P01/current/ADEPZZ01/,5.1,4827.5,1,0,https://api.linked-systems.uk/api/schema-org/dataset/1929099,
1347303,urn:gleaner.io:oih:bodc:data:0ae47fe98e7bac11e2ea7642bcc87c771aff9605,none,False,False,,,,,0,0,https://api.linked-systems.uk/api/schema-org/dataset/1347303,
1177996,urn:gleaner.io:oih:bodc:data:3de232cacaafd66597edc4e88f0ba4fe9ef51718,none,False,False,,,,,0,0,https://api.linked-systems.uk/api/schema-org/dataset/1177996,
1177935,urn:gleaner.io:oih:bodc:data:94cae190608e8fa6e89b8ffbbdc923d635523ad4,none,False,False,,,,,0,0,https://api.linked-systems.uk/api/schema-org/dataset/1177935,
1225853,urn:gleaner.io:oih:bodc:data:571209cfaaa76fe7fee8800fc6f6ff4b9cbe0345,none,False,False,,,,,0,0,https://api.linked-systems.uk/api/schema-org/dataset/1225853,
1347038,urn:gleaner.io:oih:bodc:data:eaa7e138d0c5c4a84726b365a29b9073ab2c1efc,tier1,True,False,DepBelowSurf,https://vocab.nerc.ac.uk/collection/P01/current/ADEPZZ01/,5.9,251.1,1,0,https://api.linked-systems.uk/api/schema-org/dataset/1347038,
945170,urn:gleaner.io:oih:bodc:data:1a88136299be5eb8b62e935a86a5ea5160a6763e,tier2,False,False,BinDep,https://vocab.nerc.ac.uk/collection/P01/current/DBINAA01/,20,800,0,1,https://api.linked-systems.uk/api/schema-org/dataset/945170,
1225982,urn:gleaner.io:oih:bodc:data:b687ee10997086a7679881dd509285d9bfcf791f,tier_instrument,False,True,,,,,0,0,https://api.linked-systems.uk/api/schema-org/dataset/1225982,
1879581,urn:gleaner.io:oih:bodc:data:f3c4c606c91cec2d24d1b80cef5caf94619077ed,none,False,False,,,,,0,0,https://api.linked-systems.uk/api/schema-org/dataset/1879581,
1927880,urn:gleaner.io:oih:bodc:data:84117df8ff72a539c656d57512bdc59c6ce0f780,none,False,False,,,,,0,0,https://api.linked-systems.uk/api/schema-org/dataset/1927880,
2148154,urn:gleaner.io:oih:bodc:data:766fc9293a118d2ff0076da91df4356e8969a0f2,none,False,False,,,,,0,0,https://api.linked-systems.uk/api/schema-org/dataset/2148154,
1880662,urn:gleaner.io:oih:bodc:data:e501d89bea96a8336f40ebcffd3fd75bd0b239ff,tier1,True,False,DepBelowSurf,https://vocab.nerc.ac.uk/collection/P01/current/ADEPZZ01/,5,200,1,0,https://api.linked-systems.uk/api/schema-org/dataset/1880662,
2013000,urn:gleaner.io:oih:bodc:data:d3d9347e4683f1d273bbfa8ab08c4e57c23de5ca,tier_instrument,False,True,,,,,0,0,https://api.linked-systems.uk/api/schema-org/dataset/2013000,
1350741,urn:gleaner.io:oih:bodc:data:3dd479d9e153044fb28e96549d02ce840dd5a686,none,False,False,,,,,0,0,https://api.linked-systems.uk/api/schema-org/dataset/1350741,
1927726,urn:gleaner.io:oih:bodc:data:71eeb2ab6a2c4473c3f92203e9d691988e2fe75d,tier1,True,False,DepBelowSurf,https://vocab.nerc.ac.uk/collection/P01/current/ADEPZZ01/,3,150,1,0,https://api.linked-systems.uk/api/schema-org/dataset/1927726,
2046392,urn:gleaner.io:oih:bodc:data:f5054ed250a6411c13eb47c59eb4f93b271282c7,none,False,False,,,,,0,0,https://api.linked-systems.uk/api/schema-org/dataset/2046392,
1177542,urn:gleaner.io:oih:bodc:data:e55ea3128c8d1a9f2f983d2d9251e5e56112a6fd,none,False,False,,,,,0,0,https://api.linked-systems.uk/api/schema-org/dataset/1177542,
2148584,urn:gleaner.io:oih:bodc:data:8a980aa20de4e068bc110617d6e1539b704c02cd,tier1,True,False,DepBelowSurf,https://vocab.nerc.ac.uk/collection/P01/current/ADEPZZ01/,6,301,1,0,https://api.linked-systems.uk/api/schema-org/dataset/2148584,
2148676,urn:gleaner.io:oih:bodc:data:c2937ed9ca699f8017601f9e42532240c3cf2e9e,tier1,True,False,DepBelowSurf,https://vocab.nerc.ac.uk/collection/P01/current/ADEPZZ01/,5.3,298.5,1,0,https://api.linked-systems.uk/api/schema-org/dataset/2148676,
1177879,urn:gleaner.io:oih:bodc:data:5384cb7185127bc434309f7f551ac3bb871e5134,none,False,False,,,,,0,0,https://api.linked-systems.uk/api/schema-org/dataset/1177879,
1346975,urn:gleaner.io:oih:bodc:data:f3191f64c1994c5abfa5440b4e6945f19acada3b,tier1,True,False,DepBelowSurf,https://vocab.nerc.ac.uk/collection/P01/current/ADEPZZ01/,6.3,998.6,1,0,https://api.linked-systems.uk/api/schema-org/dataset/1346975,
1226045,urn:gleaner.io:oih:bodc:data:b47a75027f2ec49fac638eda2003cd423e223358,none,False,False,,,,,0,0,https://api.linked-systems.uk/api/schema-org/dataset/1226045,
2107622,urn:gleaner.io:oih:bodc:data:8b7e4506f9cae5a82d9cf57b61e60983e111c445,tier1,True,False,DepBelowSurf,https://vocab.nerc.ac.uk/collection/P01/current/ADEPZZ01/,50,4500,1,0,https://api.linked-systems.uk/api/schema-org/dataset/2107622,
1922826,urn:gleaner.io:oih:bodc:data:d41286b037c09783d82ca9b022bfb92a9c7a250c,none,False,False,,,,,0,0,https://api.linked-systems.uk/api/schema-org/dataset/1922826,
1816788,urn:gleaner.io:oih:bodc:data:cdb44718ff10199af3bf6210d684edfb22180364,none,False,False,,,,,0,0,https://api.linked-systems.uk/api/schema-org/dataset/1816788,
2004137,urn:gleaner.io:oih:bodc:data:55da5b3e0b3e95814b316f1472ace2b46e899908,none,False,False,,,,,0,0,https://api.linked-systems.uk/api/schema-org/dataset/2004137,
1347388,urn:gleaner.io:oih:bodc:data:920602539066be5b5cf28ffbe61243578f1e7e58,tier1,True,False,DepBelowSurf,https://vocab.nerc.ac.uk/collection/P01/current/ADEPZZ01/,4.4,100,1,0,https://api.linked-systems.uk/api/schema-org/dataset/1347388,
2148812,urn:gleaner.io:oih:bodc:data:621837017976ce9c3e05c1a172ec0cef78367540,none,False,False,,,,,0,0,https://api.linked-systems.uk/api/schema-org/dataset/2148812,
1347099,urn:gleaner.io:oih:bodc:data:d4284793d0e9df51e4152f3a1cb2ecc5ef36cdda,tier1,True,False,DepBelowSurf,https://vocab.nerc.ac.uk/collection/P01/current/ADEPZZ01/,5.4,997.6,1,0,https://api.linked-systems.uk/api/schema-org/dataset/1347099,
1177843,urn:gleaner.io:oih:bodc:data:39d33218dbc21471d3ab167832ef1c4bcb4fc7a1,none,False,False,,,,,0,0,https://api.linked-systems.uk/api/schema-org/dataset/1177843,
895651,urn:gleaner.io:oih:bodc:data:430b60d164a2d7887258c7c289e25d94d555e1a5,none,False,False,,,,,0,0,https://api.linked-systems.uk/api/schema-org/dataset/895651,
2138798,urn:gleaner.io:oih:bodc:data:b8d1409afa4080141464cd9fd8fa952cf88a9fca,none,False,False,,,,,0,0,https://api.linked-systems.uk/api/schema-org/dataset/2138798,
2074669,urn:gleaner.io:oih:bodc:data:1f851a5bc16c0d123205d0de69edbf2b179b23aa,none,False,False,,,,,0,0,https://api.linked-systems.uk/api/schema-org/dataset/2074669,
1226266,urn:gleaner.io:oih:bodc:data:4ea3058de74f13931b4380d79c87bc64a39d4cad,none,False,False,,,,,0,0,https://api.linked-systems.uk/api/schema-org/dataset/1226266,
2138737,urn:gleaner.io:oih:bodc:data:6ab7d4588f2007e82a0da665a08f432a2490e7ae,none,False,False,,,,,0,0,https://api.linked-systems.uk/api/schema-org/dataset/2138737,
2148719,urn:gleaner.io:oih:bodc:data:690fc8e40ab44ec301fe7dcfea5913c19d9a52c8,none,False,False,,,,,0,0,https://api.linked-systems.uk/api/schema-org/dataset/2148719,
1170948,urn:gleaner.io:oih:bodc:data:5378d433f6f03455357b6a140214a9a6dc94df54,tier2,False,False,BinDep,https://vocab.nerc.ac.uk/collection/P01/current/DBINAA01/,11,407,0,1,https://api.linked-systems.uk/api/schema-org/dataset/1170948,
2053966,urn:gleaner.io:oih:bodc:data:84cbad4d8f1572f9334185ca11c4ef394adf2acc,none,False,False,,,,,0,0,https://api.linked-systems.uk/api/schema-org/dataset/2053966,
1759972,urn:gleaner.io:oih:bodc:data:8e25d19b1517a9832df1e747e7796b541fdeba9c,none,False,False,,,,,0,0,https://api.linked-systems.uk/api/schema-org/dataset/1759972,
1170936,urn:gleaner.io:oih:bodc:data:90ac3db260c73889d54e2f40af987292f7b5e156,none,False,False,,,,,0,0,https://api.linked-systems.uk/api/schema-org/dataset/1170936,
2148338,urn:gleaner.io:oih:bodc:data:2bedfc08504a3762159a1da93d87dc1d464aa020,tier1,True,False,DepBelowSurf,https://vocab.nerc.ac.uk/collection/P01/current/ADEPZZ01/,6.3,301.4,1,0,https://api.linked-systems.uk/api/schema-org/dataset/2148338,
1346895,urn:gleaner.io:oih:bodc:data:40823e45e550d494570e03294d0862a8803cde0d,none,False,False,,,,,0,0,https://api.linked-systems.uk/api/schema-org/dataset/1346895,
2148732,urn:gleaner.io:oih:bodc:data:7b7c45c3a75884b85cf0b689ea9510500b880ecd,none,False,False,,,,,0,0,https://api.linked-systems.uk/api/schema-org/dataset/2148732,
2046447,urn:gleaner.io:oih:bodc:data:cb32f13cb78971634ffd39edeb09afc3c9fba23c,tier1,True,False,DepBelowSurf,https://vocab.nerc.ac.uk/collection/P01/current/ADEPZZ01/,5.6,900.3,1,0,https://api.linked-systems.uk/api/schema-org/dataset/2046447,
2046171,urn:gleaner.io:oih:bodc:data:fb2f84449622f497e5ffebd8e8289a719a3a277c,none,False,False,,,,,0,0,https://api.linked-systems.uk/api/schema-org/dataset/2046171,
1350728,urn:gleaner.io:oih:bodc:data:9ac6a717ce66d2164e8b1c46836e4697e9ec3e08,tier1,True,False,DepBelowSurf,https://vocab.nerc.ac.uk/collection/P01/current/ADEPZZ01/,5,264.4,1,0,https://api.linked-systems.uk/api/schema-org/dataset/1350728,
2051799,urn:gleaner.io:oih:bodc:data:753794c31a2512e47b26c6905ecb7b2315f8a012,tier1,True,False,DepBelowSurf,https://vocab.nerc.ac.uk/collection/P01/current/ADEPZZ01/,9.2,4697.6,1,0,https://api.linked-systems.uk/api/schema-org/dataset/2051799,
2111842,urn:gleaner.io:oih:bodc:data:c4f9353316bae26ac172b6114f018cd6f1299a5b,none,False,False,,,,,0,0,https://api.linked-systems.uk/api/schema-org/dataset/2111842,
1225877,urn:gleaner.io:oih:bodc:data:421cd45b04210fb07fb76c73b2255e1b0517c59c,none,False,False,,,,,0,0,https://api.linked-systems.uk/api/schema-org/dataset/1225877,
1876626,urn:gleaner.io:oih:bodc:data:c4e81c8a62fd926dd66f1268a5b7c9e0135f486a,tier1,True,False,DepBelowSurf,https://vocab.nerc.ac.uk/collection/P01/current/ADEPZZ01/,9.3,3997.6,1,0,https://api.linked-systems.uk/api/schema-org/dataset/1876626,
1929038,urn:gleaner.io:oih:bodc:data:d5d8af738128528ca024b1775c3d02f89c704079,none,False,False,,,,,0,0,https://api.linked-systems.uk/api/schema-org/dataset/1929038,
2148467,urn:gleaner.io:oih:bodc:data:0d517c47dab6a8351b70f9879c5e50421c185314,none,False,False,,,,,0,0,https://api.linked-systems.uk/api/schema-org/dataset/2148467,
1880662,urn:gleaner.io:oih:bodc:data:48075c2f37546d0f0db0a09ded04a872fccf8cad,tier1,True,False,DepBelowSurf,https://vocab.nerc.ac.uk/collection/P01/current/ADEPZZ01/,5,200,1,0,https://api.linked-systems.uk/api/schema-org/dataset/1880662,
2026631,urn:gleaner.io:oih:bodc:data:e6f55ce1bd1647049984515e4e743785c0e2df65,tier_instrument,False,True,,,,,0,0,https://api.linked-systems.uk/api/schema-org/dataset/2026631,
1816715,urn:gleaner.io:oih:bodc:data:e93c2dc05cf109e6237dae122a3c7b208b813e15,none,False,False,,,,,0,0,https://api.linked-systems.uk/api/schema-org/dataset/1816715,
1177959,urn:gleaner.io:oih:bodc:data:ebbd5d5adae8edffdf8bf8be5d2e82497192d38b,none,False,False,,,,,0,0,https://api.linked-systems.uk/api/schema-org/dataset/1177959,
2046275,urn:gleaner.io:oih:bodc:data:f6dcd6411016bff929cff8b4952fd1ccf2810fea,tier1,True,False,DepBelowSurf,https://vocab.nerc.ac.uk/collection/P01/current/ADEPZZ01/,12.4,4755.9,1,0,https://api.linked-systems.uk/api/schema-org/dataset/2046275,
1759996,urn:gleaner.io:oih:bodc:data:1edcf7d400bb3ccfa1cc34db4dd315c4867b8864,none,False,False,,,,,0,0,https://api.linked-systems.uk/api/schema-org/dataset/1759996,
1920832,urn:gleaner.io:oih:bodc:data:1c53c852015d1456af38e519aae55f89bf466833,none,False,False,,,,,0,0,https://api.linked-systems.uk/api/schema-org/dataset/1920832,
2053991,urn:gleaner.io:oih:bodc:data:05f0e148cebf46c1ffcae24cab46e5fed210d315,none,False,False,,,,,0,0,https://api.linked-systems.uk/api/schema-org/dataset/2053991,
1874306,urn:gleaner.io:oih:bodc:data:266a4d3725a7459b0a7c5300dbb3f979dfed7e16,tier1,True,False,DepBelowSurf,https://vocab.nerc.ac.uk/collection/P01/current/ADEPZZ01/,12.2,103.6,1,0,https://api.linked-systems.uk/api/schema-org/dataset/1874306,
1880649,urn:gleaner.io:oih:bodc:data:8bd987172113fde7b66ebb5142142634e2cbdd55,none,False,False,,,,,0,0,https://api.linked-systems.uk/api/schema-org/dataset/1880649,
1177799,urn:gleaner.io:oih:bodc:data:254cfe350bd98c6b11ec76c64b584106d3575936,none,False,False,,,,,0,0,https://api.linked-systems.uk/api/schema-org/dataset/1177799,
2148688,urn:gleaner.io:oih:bodc:data:5c994d7afe919dcd9e0e93bf96471d4bdb82a423,tier1,True,False,DepBelowSurf,https://vocab.nerc.ac.uk/collection/P01/current/ADEPZZ01/,4.9,300,1,0,https://api.linked-systems.uk/api/schema-org/dataset/2148688,
2148824,urn:gleaner.io:oih:bodc:data:99be726bff6afce1e52919f761bda5a4a77c619c,none,False,False,,,,,0,0,https://api.linked-systems.uk/api/schema-org/dataset/2148824,
2014691,urn:gleaner.io:oih:bodc:data:eedbd8c5641b6831f06175881c6da87d8262d0c6,none,False,False,,,,,0,0,https://api.linked-systems.uk/api/schema-org/dataset/2014691,
2148793,urn:gleaner.io:oih:bodc:data:51ccf932bd0651c7b136af888b66dc5eb3f1e994,tier1,True,False,DepBelowSurf,https://vocab.nerc.ac.uk/collection/P01/current/ADEPZZ01/,6.1,300.7,1,0,https://api.linked-systems.uk/api/schema-org/dataset/2148793,
1347407,urn:gleaner.io:oih:bodc:data:238911b4a3718d309f4137ba8b1bb6799c64ebc4,tier1,True,False,DepBelowSurf,https://vocab.nerc.ac.uk/collection/P01/current/ADEPZZ01/,6.1,152.6,1,0,https://api.linked-systems.uk/api/schema-org/dataset/1347407,
2048859,urn:gleaner.io:oih:bodc:data:25ba55ed395c48c04d167b0ba544dc81be3a5790,tier2,False,False,SFPG,https://vocab.nerc.ac.uk/collection/P01/current/DEPHFP01/,,,0,1,https://api.linked-systems.uk/api/schema-org/dataset/2048859,
2148584,urn:gleaner.io:oih:bodc:data:b7817f7aba36e246b2702b5ae5e213b404283570,tier1,True,False,DepBelowSurf,https://vocab.nerc.ac.uk/collection/P01/current/ADEPZZ01/,6,301,1,0,https://api.linked-systems.uk/api/schema-org/dataset/2148584,
2046287,urn:gleaner.io:oih:bodc:data:6bebfe380f8188bc7e9b8401ba412502034a8691,none,False,False,,,,,0,0,https://api.linked-systems.uk/api/schema-org/dataset/2046287,
2014734,urn:gleaner.io:oih:bodc:data:29f2376fe4f322fff4887a196b784142ef6a8ed6,none,False,False,,,,,0,0,https://api.linked-systems.uk/api/schema-org/dataset/2014734,
1347247,urn:gleaner.io:oih:bodc:data:3c95da1b640f302c4b82f2ee60f8fc1823b8484a,none,False,False,,,,,0,0,https://api.linked-systems.uk/api/schema-org/dataset/1347247,
1927911,urn:gleaner.io:oih:bodc:data:d6fa99d5f8d4ec3c8fcb3e8b403ea120a5158529,tier1,True,False,DepBelowSurf,https://vocab.nerc.ac.uk/collection/P01/current/ADEPZZ01/,2,70,1,0,https://api.linked-systems.uk/api/schema-org/dataset/1927911,
2148941,urn:gleaner.io:oih:bodc:data:89d96d57c3c818536dd100e455c392efd65d118d,tier1,True,False,DepBelowSurf,https://vocab.nerc.ac.uk/collection/P01/current/ADEPZZ01/,7.7,103.2,1,0,https://api.linked-systems.uk/api/schema-org/dataset/2148941,
1874287,urn:gleaner.io:oih:bodc:data:24d428cacb08e5eb87fc8e3293e8d736e14d5078,tier1,True,False,DepBelowSurf,https://vocab.nerc.ac.uk/collection/P01/current/ADEPZZ01/,13.2,4828,1,0,https://api.linked-systems.uk/api/schema-org/dataset/1874287,
895651,urn:gleaner.io:oih:bodc:data:d2c065e85f385d063c0f58458b9fa13fafa7ca31,none,False,False,,,,,0,0,https://api.linked-systems.uk/api/schema-org/dataset/895651,
1816739,urn:gleaner.io:oih:bodc:data:05ad1d318c25e3859e658241e53aa76fb218c30c,none,False,False,,,,,0,0,https://api.linked-systems.uk/api/schema-org/dataset/1816739,
2052754,urn:gleaner.io:oih:bodc:data:543da819c528975ebb553785e2e9e196ea95269d,none,False,False,,,,,0,0,https://api.linked-systems.uk/api/schema-org/dataset/2052754,
1928115,urn:gleaner.io:oih:bodc:data:7da00eefa4d109772096111a3fc99e005583d859,tier1,True,False,DepBelowSurf,https://vocab.nerc.ac.uk/collection/P01/current/ADEPZZ01/,27.7,491.1,1,0,https://api.linked-systems.uk/api/schema-org/dataset/1928115,
2012125,urn:gleaner.io:oih:bodc:data:26767884ab791937bedbdf5280bcdd3bbcd341dd,none,False,False,,,,,0,0,https://api.linked-systems.uk/api/schema-org/dataset/2012125,
2148639,urn:gleaner.io:oih:bodc:data:1908ee16e792a7e775f84df547789a9d241dd78a,tier1,True,False,DepBelowSurf,https://vocab.nerc.ac.uk/collection/P01/current/ADEPZZ01/,5.2,300.5,1,0,https://api.linked-systems.uk/api/schema-org/dataset/2148639,
2148664,urn:gleaner.io:oih:bodc:data:6852f0ce19703afa27cf53e5b96ff4bd02bb6b64,tier1,True,False,DepBelowSurf,https://vocab.nerc.ac.uk/collection/P01/current/ADEPZZ01/,51.8,302.2,1,0,https://api.linked-systems.uk/api/schema-org/dataset/2148664,
1177960,urn:gleaner.io:oih:bodc:data:8ae6c614ce6ebc6bee6d28e21ee71505ed220373,none,False,False,,,,,0,0,https://api.linked-systems.uk/api/schema-org/dataset/1177960,
1177818,urn:gleaner.io:oih:bodc:data:8c7b200dc60bba4a9b1e6b1ab25f894af6805a0c,none,False,False,,,,,0,0,https://api.linked-systems.uk/api/schema-org/dataset/1177818,
2115892,urn:gleaner.io:oih:bodc:data:88f891590861f66dc96341406be7446812c2b40c,none,False,False,,,,,0,0,https://api.linked-systems.uk/api/schema-org/dataset/2115892,
1929014,urn:gleaner.io:oih:bodc:data:db296b775eeabb3a48b25c35de739be43fd46812,none,False,False,,,,,0,0,https://api.linked-systems.uk/api/schema-org/dataset/1929014,
2153469,urn:gleaner.io:oih:bodc:data:97c7a85ed0a50ed3d897c03d37f9d32f4b8aed40,none,False,False,,,,,0,0,https://api.linked-systems.uk/api/schema-org/dataset/2153469,
1177714,urn:gleaner.io:oih:bodc:data:e843094a2275d7e0d495904cf32f138c02df82d4,none,False,False,,,,,0,0,https://api.linked-systems.uk/api/schema-org/dataset/1177714,
1170739,urn:gleaner.io:oih:bodc:data:dcc31369dbbf9241fe49ae1c3ad8c170f9517bea,tier2,False,False,BinDep,https://vocab.nerc.ac.uk/collection/P01/current/DBINAA01/,11,407,0,1,https://api.linked-systems.uk/api/schema-org/dataset/1170739,
1876687,urn:gleaner.io:oih:bodc:data:acb43dcdae6f0026a55a20be307951fa711a8099,none,False,False,,,,,0,0,https://api.linked-systems.uk/api/schema-org/dataset/1876687,
2138774,urn:gleaner.io:oih:bodc:data:5269867645dc9b4ed0d5e1dfb350aed192a1c5ac,tier1,True,False,DepBelowSurf,https://vocab.nerc.ac.uk/collection/P01/current/ADEPZZ01/,12.2,102.6,1,0,https://api.linked-systems.uk/api/schema-org/dataset/2138774,
1177892,urn:gleaner.io:oih:bodc:data:53d7fdf44a7469eacfb9b4b9e34088557f97bbf3,none,False,False,,,,,0,0,https://api.linked-systems.uk/api/schema-org/dataset/1177892,
2054005,urn:gleaner.io:oih:bodc:data:7ec60d6732dae79e2b9783757257e46aaefc0fe1,none,False,False,,,,,0,0,https://api.linked-systems.uk/api/schema-org/dataset/2054005,
1170893,urn:gleaner.io:oih:bodc:data:efc9aefc70c31f17e27e882bb961d1d90c1be37e,tier2,False,False,BinDep,https://vocab.nerc.ac.uk/collection/P01/current/DBINAA01/,11,407,0,1,https://api.linked-systems.uk/api/schema-org/dataset/1170893,
1989644,urn:gleaner.io:oih:bodc:data:8e5661ce8e753c5b7fdeb5d107777f9f55ddc2cb,none,False,False,,,,,0,0,https://api.linked-systems.uk/api/schema-org/dataset/1989644,
2046214,urn:gleaner.io:oih:bodc:data:e6293e58f261786d1ce4de8fc093b0758d2c9d6d,tier1,True,False,DepBelowSurf,https://vocab.nerc.ac.uk/collection/P01/current/ADEPZZ01/,12.6,203.7,1,0,https://api.linked-systems.uk/api/schema-org/dataset/2046214,
1170739,urn:gleaner.io:oih:bodc:data:d85dacfb8696ec7c04673f29c368788f018dce95,none,False,False,,,,,0,0,https://api.linked-systems.uk/api/schema-org/dataset/1170739,
2052103,urn:gleaner.io:oih:bodc:data:49ed0d8a0437cda8123b640e0bc2ad1e83994884,none,False,False,,,,,0,0,https://api.linked-systems.uk/api/schema-org/dataset/2052103,
1347340,urn:gleaner.io:oih:bodc:data:a625aeee73a22088ceae31ff275f845cb82315bb,none,False,False,,,,,0,0,https://api.linked-systems.uk/api/schema-org/dataset/1347340,
2107787,urn:gleaner.io:oih:bodc:data:049d58e591a6ea324611f7043ca2f730eef86fb0,none,False,False,,,,,0,0,https://api.linked-systems.uk/api/schema-org/dataset/2107787,
1177775,urn:gleaner.io:oih:bodc:data:7963ea501097a9aa6594e6a58c3ce1df7e331e0a,none,False,False,,,,,0,0,https://api.linked-systems.uk/api/schema-org/dataset/1177775,
1816856,urn:gleaner.io:oih:bodc:data:84280acd836eaf782af166b9fa783b0348d1c093,none,False,False,,,,,0,0,https://api.linked-systems.uk/api/schema-org/dataset/1816856,
1171061,urn:gleaner.io:oih:bodc:data:afb4ad440b775dcf7802d7b10822c317b06057ba,tier2,False,False,BinDep,https://vocab.nerc.ac.uk/collection/P01/current/DBINAA01/,11,407,0,1,https://api.linked-systems.uk/api/schema-org/dataset/1171061,
1989619,urn:gleaner.io:oih:bodc:data:626343d5b9b00467f607b126d9c6cd9e7fbc93c1,none,False,False,,,,,0,0,https://api.linked-systems.uk/api/schema-org/dataset/1989619,
1177751,urn:gleaner.io:oih:bodc:data:b8273e5929e5bd9b3991f71f54eb11f437e3fff4,none,False,False,,,,,0,0,https://api.linked-systems.uk/api/schema-org/dataset/1177751,
1816948,urn:gleaner.io:oih:bodc:data:e7bbfb6cac216aeca9e56b47dc68b2bafac30dec,none,False,False,,,,,0,0,https://api.linked-systems.uk/api/schema-org/dataset/1816948,
1226045,urn:gleaner.io:oih:bodc:data:fa93b4b4a05468047990a0d0218f25204d63888c,tier_instrument,False,True,,,,,0,0,https://api.linked-systems.uk/api/schema-org/dataset/1226045,
1928127,urn:gleaner.io:oih:bodc:data:f405993b3712066d468fdfc8c9560ef5fd4ad9ad,none,False,False,,,,,0,0,https://api.linked-systems.uk/api/schema-org/dataset/1928127,
2148511,urn:gleaner.io:oih:bodc:data:15e4a519e8933e5dfed82007e441977a91e6cf77,none,False,False,,,,,0,0,https://api.linked-systems.uk/api/schema-org/dataset/2148511,
1170924,urn:gleaner.io:oih:bodc:data:9a418814dc969c57b3596f6745216cfd397f7737,none,False,False,,,,,0,0,https://api.linked-systems.uk/api/schema-org/dataset/1170924,
2148676,urn:gleaner.io:oih:bodc:data:d85acb97080edfebf750a1a3d6fc55687090c0dc,none,False,False,,,,,0,0,https://api.linked-systems.uk/api/schema-org/dataset/2148676,
2027831,urn:gleaner.io:oih:bodc:data:14cf614ca2ac13d01b49e925615854b9b8c5da9e,tier2,False,False,SFPG,https://vocab.nerc.ac.uk/collection/P01/current/DEPHFP01/,,,0,1,https://api.linked-systems.uk/api/schema-org/dataset/2027831,
1874367,urn:gleaner.io:oih:bodc:data:dc6f0015ea6b03d84c0c4d9d4d968504adb4664d,tier1,True,False,DepBelowSurf,https://vocab.nerc.ac.uk/collection/P01/current/ADEPZZ01/,10,350,1,0,https://api.linked-systems.uk/api/schema-org/dataset/1874367,
1816832,urn:gleaner.io:oih:bodc:data:3a66b6eeb91e17ccf16fe6136604f83dd05c4ac6,tier2,False,False,Start_depth,https://vocab.nerc.ac.uk/collection/P01/current/DEPHPRST/,4.96,351.69,0,1,https://api.linked-systems.uk/api/schema-org/dataset/1816832,
2148363,urn:gleaner.io:oih:bodc:data:f193391b8b75374eeba0e1214d6098b2a9ab341f,none,False,False,,,,,0,0,https://api.linked-systems.uk/api/schema-org/dataset/2148363,
1177947,urn:gleaner.io:oih:bodc:data:916e879e7ba1fbcd1e0cfc5a1f9b3b227d390f7e,none,False,False,,,,,0,0,https://api.linked-systems.uk/api/schema-org/dataset/1177947,
2051831,urn:gleaner.io:oih:bodc:data:4f378268f0ab1950ece0a020dbbfc569ff3edefd,none,False,False,,,,,0,0,https://api.linked-systems.uk/api/schema-org/dataset/2051831,
1170856,urn:gleaner.io:oih:bodc:data:cf56662761757fb76043bf92e5289f801e6a43d2,tier2,False,False,BinDep,https://vocab.nerc.ac.uk/collection/P01/current/DBINAA01/,11,407,0,1,https://api.linked-systems.uk/api/schema-org/dataset/1170856,
1170985,urn:gleaner.io:oih:bodc:data:b76b357848584c1fe515e0f245784bf47a4f9b0b,tier2,False,False,BinDep,https://vocab.nerc.ac.uk/collection/P01/current/DBINAA01/,11,407,0,1,https://api.linked-systems.uk/api/schema-org/dataset/1170985,
2148560,urn:gleaner.io:oih:bodc:data:1c902dec041670b942e08fce66872b12fc40d8ca,none,False,False,,,,,0,0,https://api.linked-systems.uk/api/schema-org/dataset/2148560,
2048835,urn:gleaner.io:oih:bodc:data:3af55b727c83a5cd3d57520deb177f13774c66f7,none,False,False,,,,,0,0,https://api.linked-systems.uk/api/schema-org/dataset/2048835,
2073261,urn:gleaner.io:oih:bodc:data:428636dc482ef8df2bc8db3061aa2ac74b0dc16c,none,False,False,,,,,0,0,https://api.linked-systems.uk/api/schema-org/dataset/2073261,
2106876,urn:gleaner.io:oih:bodc:data:4f4029f6d3af4a93eb2c0b828cc22ee7a9d99abe,none,False,False,,,,,0,0,https://api.linked-systems.uk/api/schema-org/dataset/2106876,
1928115,urn:gleaner.io:oih:bodc:data:11a5e11796cce40ad83b8bc1c565750ffa1b7e7a,none,False,False,,,,,0,0,https://api.linked-systems.uk/api/schema-org/dataset/1928115,
1347272,urn:gleaner.io:oih:bodc:data:1b108ee119831f5e6b825bb03f9cb2e99318d4a6,tier1,True,False,DepBelowSurf,https://vocab.nerc.ac.uk/collection/P01/current/ADEPZZ01/,7.4,2001.6,1,0,https://api.linked-systems.uk/api/schema-org/dataset/1347272,
2073617,urn:gleaner.io:oih:bodc:data:3c876403afc4e72395901410c1de435b0af881e9,none,False,False,,,,,0,0,https://api.linked-systems.uk/api/schema-org/dataset/2073617,
1177738,urn:gleaner.io:oih:bodc:data:4e24f602814c628141d4babd71d5bd0d9d9cc4d9,none,False,False,,,,,0,0,https://api.linked-systems.uk/api/schema-org/dataset/1177738,
1836808,urn:gleaner.io:oih:bodc:data:730e85f97dc0bd2ad15e591b241d8cadaac4060a,none,False,False,,,,,0,0,https://api.linked-systems.uk/api/schema-org/dataset/1836808,
2153550,urn:gleaner.io:oih:bodc:data:a959248b3408a553125c9b9d2b2b65a42f755274,tier1,True,False,DepBelowSurf,https://vocab.nerc.ac.uk/collection/P01/current/ADEPZZ01/,5,1000,1,0,https://api.linked-systems.uk/api/schema-org/dataset/2153550,
2138750,urn:gleaner.io:oih:bodc:data:b7855499286ee2f90c554760d4e009778e4dc8b6,none,False,False,,,,,0,0,https://api.linked-systems.uk/api/schema-org/dataset/2138750,
1927787,urn:gleaner.io:oih:bodc:data:c98f0ece583539d0769174c290bb61a0e2b42299,none,False,False,,,,,0,0,https://api.linked-systems.uk/api/schema-org/dataset/1927787,
1177529,urn:gleaner.io:oih:bodc:data:a42b05b2072d4fd1b98c3493eae80466099a7200,none,False,False,,,,,0,0,https://api.linked-systems.uk/api/schema-org/dataset/1177529,
2153469,urn:gleaner.io:oih:bodc:data:65711a5ef0ebb18ddb5814f1424528c5e2f97b6d,none,False,False,,,,,0,0,https://api.linked-systems.uk/api/schema-org/dataset/2153469,
2138737,urn:gleaner.io:oih:bodc:data:73236b9b4c5bf1638443896986fc5e8581c099ec,none,False,False,,,,,0,0,https://api.linked-systems.uk/api/schema-org/dataset/2138737,
1058137,urn:gleaner.io:oih:bodc:data:a9f9d8bc7101a299c30d67dc2e86f2eb8c881580,tier1,True,False,DepBelowSurf,https://vocab.nerc.ac.uk/collection/P01/current/ADEPZZ01/,,,1,0,https://api.linked-systems.uk/api/schema-org/dataset/1058137,
1177450,urn:gleaner.io:oih:bodc:data:65e38af3be722d416bd5477587f9ef31674b8226,none,False,False,,,,,0,0,https://api.linked-systems.uk/api/schema-org/dataset/1177450,
2046447,urn:gleaner.io:oih:bodc:data:84a5c122edf58e83d16f118b014ef859f50695a7,none,False,False,,,,,0,0,https://api.linked-systems.uk/api/schema-org/dataset/2046447,
2148037,urn:gleaner.io:oih:bodc:data:e40a0baa9d23e22e93606df3f4f447aeb8a537b8,none,False,False,,,,,0,0,https://api.linked-systems.uk/api/schema-org/dataset/2148037,
1170739,urn:gleaner.io:oih:bodc:data:f79915488903df8717fc662324a9b8c7ef41a8cb,tier2,False,False,BinDep,https://vocab.nerc.ac.uk/collection/P01/current/DBINAA01/,11,407,0,1,https://api.linked-systems.uk/api/schema-org/dataset/1170739,
1816924,urn:gleaner.io:oih:bodc:data:42e44ba885e73b99ab7d24f094d27bf712146a75,none,False,False,,,,,0,0,https://api.linked-systems.uk/api/schema-org/dataset/1816924,
1350777,urn:gleaner.io:oih:bodc:data:e5f6efdaae5f6811c674b21934f352ccf605ebcc,tier1,True,False,DepBelowSurf,https://vocab.nerc.ac.uk/collection/P01/current/ADEPZZ01/,13.9,286.4,1,0,https://api.linked-systems.uk/api/schema-org/dataset/1350777,
2004125,urn:gleaner.io:oih:bodc:data:cafe7c0080ecec76468d8cd44c8d83e2402f81b2,tier1,True,False,DepBelowSurf,https://vocab.nerc.ac.uk/collection/P01/current/ADEPZZ01/,9.9,199.4,1,0,https://api.linked-systems.uk/api/schema-org/dataset/2004125,
1816881,urn:gleaner.io:oih:bodc:data:1e133b2bf4ea249a546a987e348178da60cb8922,tier2,False,False,Start_depth,https://vocab.nerc.ac.uk/collection/P01/current/DEPHPRST/,2.97,349.71,0,1,https://api.linked-systems.uk/api/schema-org/dataset/1816881,
2046367,urn:gleaner.io:oih:bodc:data:99224d42f4195d5adcc453f9204d1139715e3168,tier1,True,False,DepBelowSurf,https://vocab.nerc.ac.uk/collection/P01/current/ADEPZZ01/,12.6,203.7,1,0,https://api.linked-systems.uk/api/schema-org/dataset/2046367,
774762,urn:gleaner.io:oih:bodc:data:9afdcf00d9be14d9a7963ed6874fbcfba2c22ce5,none,False,False,,,,,0,0,https://api.linked-systems.uk/api/schema-org/dataset/774762,
1346902,urn:gleaner.io:oih:bodc:data:e905b98d523afce7b1d0916d5de71ed9d283675e,tier1,True,False,DepBelowSurf,https://vocab.nerc.ac.uk/collection/P01/current/ADEPZZ01/,6.1,989.5,1,0,https://api.linked-systems.uk/api/schema-org/dataset/1346902,
1927911,urn:gleaner.io:oih:bodc:data:6ffcdcd7125b0cd3c6e913467126aaacf6e1b1d0,tier1,True,False,DepBelowSurf,https://vocab.nerc.ac.uk/collection/P01/current/ADEPZZ01/,2,70,1,0,https://api.linked-systems.uk/api/schema-org/dataset/1927911,
1170764,urn:gleaner.io:oih:bodc:data:e9bc70788d2f9aef261b1ffc7b15983ce9cf78b2,none,False,False,,,,,0,0,https://api.linked-systems.uk/api/schema-org/dataset/1170764,
2138750,urn:gleaner.io:oih:bodc:data:3b563a78505edb8be01edb9f35f0ccc83dedae30,none,False,False,,,,,0,0,https://api.linked-systems.uk/api/schema-org/dataset/2138750,
2148688,urn:gleaner.io:oih:bodc:data:deb34b24cea9e07c0ece25696bc07e9a2b7bc7e4,tier1,True,False,DepBelowSurf,https://vocab.nerc.ac.uk/collection/P01/current/ADEPZZ01/,4.9,300,1,0,https://api.linked-systems.uk/api/schema-org/dataset/2148688,
2107566,urn:gleaner.io:oih:bodc:data:ed73f12b5836f2b74149de1983b5c5f940c3523e,none,False,False,,,,,0,0,https://api.linked-systems.uk/api/schema-org/dataset/2107566,
2051867,urn:gleaner.io:oih:bodc:data:edec0ee6bd65c78c771322930ecc5d3530869d18,none,False,False,,,,,0,0,https://api.linked-systems.uk/api/schema-org/dataset/2051867,
1879593,urn:gleaner.io:oih:bodc:data:7c5f48840b108e612afa3500aa8b06d4ab13072a,tier1,True,False,DepBelowSurf,https://vocab.nerc.ac.uk/collection/P01/current/ADEPZZ01/,70.1,497.7,1,0,https://api.linked-systems.uk/api/schema-org/dataset/1879593,
1880778,urn:gleaner.io:oih:bodc:data:40419b1fa45a3f233a45f94d154bc294bac1ff05,none,False,False,,,,,0,0,https://api.linked-systems.uk/api/schema-org/dataset/1880778,
1874238,urn:gleaner.io:oih:bodc:data:7321791c1ef4d0b5be9b51a1ae888bab8623e346,tier1,True,False,DepBelowSurf,https://vocab.nerc.ac.uk/collection/P01/current/ADEPZZ01/,9.2,4787.1,1,0,https://api.linked-systems.uk/api/schema-org/dataset/1874238,
1177879,urn:gleaner.io:oih:bodc:data:1d43e24f6dd9f036e748978d416d73c066fa6e43,none,False,False,,,,,0,0,https://api.linked-systems.uk/api/schema-org/dataset/1177879,
2110666,urn:gleaner.io:oih:bodc:data:2b54c8c285fe80ea341c61265c805d85202f8dfe,none,False,False,,,,,0,0,https://api.linked-systems.uk/api/schema-org/dataset/2110666,
2115855,urn:gleaner.io:oih:bodc:data:03dcda7cc9f9de2942ebde81b76f720585de48d0,none,False,False,,,,,0,0,https://api.linked-systems.uk/api/schema-org/dataset/2115855,
2115892,urn:gleaner.io:oih:bodc:data:298c45c98994c468b9406bae3a58d91eb499b2b1,none,False,False,,,,,0,0,https://api.linked-systems.uk/api/schema-org/dataset/2115892,
1759984,urn:gleaner.io:oih:bodc:data:30458720533d0dbf9866177aef8a2bf93bd40d16,none,False,False,,,,,0,0,https://api.linked-systems.uk/api/schema-org/dataset/1759984,
2148640,urn:gleaner.io:oih:bodc:data:0913558d0ae85ac716fc7df61f7ada2cbc3723a9,none,False,False,,,,,0,0,https://api.linked-systems.uk/api/schema-org/dataset/2148640,
2110691,urn:gleaner.io:oih:bodc:data:3a38abc5aca0385d2e5f16e49433c0f5f0d44182,none,False,False,,,,,0,0,https://api.linked-systems.uk/api/schema-org/dataset/2110691,
1916901,urn:gleaner.io:oih:bodc:data:49f2970c245814bbbfe57f138a6ef0dec499ec8d,none,False,False,,,,,0,0,https://api.linked-systems.uk/api/schema-org/dataset/1916901,
2073617,urn:gleaner.io:oih:bodc:data:4bfb7df6bcd20b4a734899431a601ee97494f998,none,False,False,,,,,0,0,https://api.linked-systems.uk/api/schema-org/dataset/2073617,
1880809,urn:gleaner.io:oih:bodc:data:63f684be583a94a14a3f8f7baba94b2b8a2233c8,tier1,True,False,DepBelowSurf,https://vocab.nerc.ac.uk/collection/P01/current/ADEPZZ01/,2,80,1,0,https://api.linked-systems.uk/api/schema-org/dataset/1880809,
1226186,urn:gleaner.io:oih:bodc:data:b137c6b5988b0bc93c6c1b6ee1b0ecec53555146,tier_instrument,False,True,,,,,0,0,https://api.linked-systems.uk/api/schema-org/dataset/1226186,
1816893,urn:gleaner.io:oih:bodc:data:26817807076167447e3c53da62d5d3f0a914ed5c,none,False,False,,,,,0,0,https://api.linked-systems.uk/api/schema-org/dataset/1816893,
1347051,urn:gleaner.io:oih:bodc:data:2185f2770ec4bfda7d05b8037888188f286c0a52,tier1,True,False,DepBelowSurf,https://vocab.nerc.ac.uk/collection/P01/current/ADEPZZ01/,5,100.1,1,0,https://api.linked-systems.uk/api/schema-org/dataset/1347051,
2051880,urn:gleaner.io:oih:bodc:data:44d08946de1b001922e11534701cb5c09bb24af9,none,False,False,,,,,0,0,https://api.linked-systems.uk/api/schema-org/dataset/2051880,
1170973,urn:gleaner.io:oih:bodc:data:e990aa216395d8aad2538524909ad672a9f3aa50,tier2,False,False,BinDep,https://vocab.nerc.ac.uk/collection/P01/current/DBINAA01/,11,407,0,1,https://api.linked-systems.uk/api/schema-org/dataset/1170973,
2111830,urn:gleaner.io:oih:bodc:data:b8bcc6f11ad26d58321bf849d4d7f0d98f94bb7e,none,False,False,,,,,0,0,https://api.linked-systems.uk/api/schema-org/dataset/2111830,
2111866,urn:gleaner.io:oih:bodc:data:921884651a2fcf387b510c80ed8d7738f067c239,tier1,True,False,DepBelowSurf,https://vocab.nerc.ac.uk/collection/P01/current/ADEPZZ01/,10,4500,1,0,https://api.linked-systems.uk/api/schema-org/dataset/2111866,
1177382,urn:gleaner.io:oih:bodc:data:230c8dffc464336620d1be390b999e47f7e7b730,none,False,False,,,,,0,0,https://api.linked-systems.uk/api/schema-org/dataset/1177382,
1927867,urn:gleaner.io:oih:bodc:data:4d316347b3d8c17f1d0e07c75a3dc61783c594c1,tier1,True,False,DepBelowSurf,https://vocab.nerc.ac.uk/collection/P01/current/ADEPZZ01/,3,200,1,0,https://api.linked-systems.uk/api/schema-org/dataset/1927867,
2148025,urn:gleaner.io:oih:bodc:data:a02d381677f5c062eac8972b9be89cdfb2bab0bc,none,False,False,,,,,0,0,https://api.linked-systems.uk/api/schema-org/dataset/2148025,
1177787,urn:gleaner.io:oih:bodc:data:4e94434f877e846c1445b8cc7e5e6ee6e79d086f,none,False,False,,,,,0,0,https://api.linked-systems.uk/api/schema-org/dataset/1177787,
1816820,urn:gleaner.io:oih:bodc:data:3b8cba10e31c5adb05fc8cd4bb0952b25b23d41c,none,False,False,,,,,0,0,https://api.linked-systems.uk/api/schema-org/dataset/1816820,
1929099,urn:gleaner.io:oih:bodc:data:6fe2d2b3c13e4ff0bc08cf730dcd6282e9c96a8a,none,False,False,,,,,0,0,https://api.linked-systems.uk/api/schema-org/dataset/1929099,
1177505,urn:gleaner.io:oih:bodc:data:10257abc89cd473d1e8b1bcdfcfe2de956140338,none,False,False,,,,,0,0,https://api.linked-systems.uk/api/schema-org/dataset/1177505,
2046423,urn:gleaner.io:oih:bodc:data:31269f65366390cbdfac4dc5199f2552323af844,tier1,True,False,DepBelowSurf,https://vocab.nerc.ac.uk/collection/P01/current/ADEPZZ01/,12.4,4755.9,1,0,https://api.linked-systems.uk/api/schema-org/dataset/2046423,
2046146,urn:gleaner.io:oih:bodc:data:8a6e2c3e93eba39e97e704bbbc37fa57b00b1337,tier2,False,False,SFPG,https://vocab.nerc.ac.uk/collection/P01/current/DEPHFP01/,,,0,1,https://api.linked-systems.uk/api/schema-org/dataset/2046146,
1927972,urn:gleaner.io:oih:bodc:data:0a8338a535d4133f20df649d2d699e9b63778199,tier1,True,False,DepBelowSurf,https://vocab.nerc.ac.uk/collection/P01/current/ADEPZZ01/,25.6,4009.5,1,0,https://api.linked-systems.uk/api/schema-org/dataset/1927972,
2046287,urn:gleaner.io:oih:bodc:data:b064e45ba783df27be4b05b9ad64e23520de8af3,tier1,True,False,DepBelowSurf,https://vocab.nerc.ac.uk/collection/P01/current/ADEPZZ01/,8,204,1,0,https://api.linked-systems.uk/api/schema-org/dataset/2046287,
2048811,urn:gleaner.io:oih:bodc:data:098f2392605829fe01528365fb4ca55b9b1a3fc6,none,False,False,,,,,0,0,https://api.linked-systems.uk/api/schema-org/dataset/2048811,
876493,urn:gleaner.io:oih:bodc:data:44350e1ecbac7e6e16e5b68e7162e26f9f69c595,none,False,False,,,,,0,0,https://api.linked-systems.uk/api/schema-org/dataset/876493,
2105768,urn:gleaner.io:oih:bodc:data:b30c0d6b870821f4c3180d5f9a5ca9ce11f6f50c,tier1,True,False,DepBelowSurf,https://vocab.nerc.ac.uk/collection/P01/current/ADEPZZ01/,5.6,4796.6,1,0,https://api.linked-systems.uk/api/schema-org/dataset/2105768,
2026667,urn:gleaner.io:oih:bodc:data:69c41236880058f40a6b5a20d6918a3d13b01298,tier_instrument,False,True,,,,,0,0,https://api.linked-systems.uk/api/schema-org/dataset/2026667,
2115892,urn:gleaner.io:oih:bodc:data:7893e24724fd2819a937e912b92e37f0c40a6339,tier1,True,False,DepBelowSurf,https://vocab.nerc.ac.uk/collection/P01/current/ADEPZZ01/,5.1,4827.5,1,0,https://api.linked-systems.uk/api/schema-org/dataset/2115892,
2046214,urn:gleaner.io:oih:bodc:data:1a141600b93d30082164bea1403bacef6104e2f5,none,False,False,,,,,0,0,https://api.linked-systems.uk/api/schema-org/dataset/2046214,
2052754,urn:gleaner.io:oih:bodc:data:e583faa4d2c0fff0289cd458148232c5d279d252,none,False,False,,,,,0,0,https://api.linked-systems.uk/api/schema-org/dataset/2052754,
1226322,urn:gleaner.io:oih:bodc:data:b845c3cb52debf3bc1bae93f83b6980b27d9a2ea,tier_instrument,False,True,,,,,0,0,https://api.linked-systems.uk/api/schema-org/dataset/1226322,
1177437,urn:gleaner.io:oih:bodc:data:7cdce1f8bcb8e6e147f4c329b49e20f1884b23c2,none,False,False,,,,,0,0,https://api.linked-systems.uk/api/schema-org/dataset/1177437,
1880705,urn:gleaner.io:oih:bodc:data:b2170f76e16dc8bc47f445080e3a71aa9ff87ace,none,False,False,,,,,0,0,https://api.linked-systems.uk/api/schema-org/dataset/1880705,
2107658,urn:gleaner.io:oih:bodc:data:8b2af0ae1db99e8b003bf22b6ab06778f6c27ed1,tier1,True,False,DepBelowSurf,https://vocab.nerc.ac.uk/collection/P01/current/ADEPZZ01/,15,200,1,0,https://api.linked-systems.uk/api/schema-org/dataset/2107658,
2115818,urn:gleaner.io:oih:bodc:data:8eeb6d9645f24c972adfb51a9d0f705fae1a74b6,tier1,True,False,DepBelowSurf,https://vocab.nerc.ac.uk/collection/P01/current/ADEPZZ01/,5,4827.9,1,0,https://api.linked-systems.uk/api/schema-org/dataset/2115818,
2051831,urn:gleaner.io:oih:bodc:data:99cc734ee7ffa032e5b3ed0c8e1791e913e8d8c8,none,False,False,,,,,0,0,https://api.linked-systems.uk/api/schema-org/dataset/2051831,
2014746,urn:gleaner.io:oih:bodc:data:8022e132e62e0f5a5fc0f5af52ad7fefa1b6a9f3,tier2,False,False,Start_depth,https://vocab.nerc.ac.uk/collection/P01/current/DEPHPRST/,6.94,2007.97,0,1,https://api.linked-systems.uk/api/schema-org/dataset/2014746,
2107702,urn:gleaner.io:oih:bodc:data:83907be51a20e3cb293adb661e867c8eb61ebe92,none,False,False,,,,,0,0,https://api.linked-systems.uk/api/schema-org/dataset/2107702,
2153537,urn:gleaner.io:oih:bodc:data:26a3636b85cbf58c3d18b7b6ac11214a5fead25b,none,False,False,,,,,0,0,https://api.linked-systems.uk/api/schema-org/dataset/2153537,
1880601,urn:gleaner.io:oih:bodc:data:921868d87ffc8765b1e428f9a667c6afc77c338e,none,False,False,,,,,0,0,https://api.linked-systems.uk/api/schema-org/dataset/1880601,
2046226,urn:gleaner.io:oih:bodc:data:87b595acd0b33e43f9492efa8584e814751db6de,tier1,True,False,DepBelowSurf,https://vocab.nerc.ac.uk/collection/P01/current/ADEPZZ01/,13.1,801.4,1,0,https://api.linked-systems.uk/api/schema-org/dataset/2046226,
1879661,urn:gleaner.io:oih:bodc:data:fc7c790b2e7815fc23dfb449011366b8e4518f19,tier1,True,False,DepBelowSurf,https://vocab.nerc.ac.uk/collection/P01/current/ADEPZZ01/,25.6,4009.5,1,0,https://api.linked-systems.uk/api/schema-org/dataset/1879661,
2046171,urn:gleaner.io:oih:bodc:data:0ae994a64e746d9437cc03fe8e8e20864f24d402,tier1,True,False,DepBelowSurf,https://vocab.nerc.ac.uk/collection/P01/current/ADEPZZ01/,14.2,99.2,1,0,https://api.linked-systems.uk/api/schema-org/dataset/2046171,
2052115,urn:gleaner.io:oih:bodc:data:8f86b5dee96487b2cc07d75ac9228cafa282fc1d,none,False,False,,,,,0,0,https://api.linked-systems.uk/api/schema-org/dataset/2052115,
2153482,urn:gleaner.io:oih:bodc:data:5f6a74e7025be3a4d7087be804e8df2a12110886,none,False,False,,,,,0,0,https://api.linked-systems.uk/api/schema-org/dataset/2153482,
1170819,urn:gleaner.io:oih:bodc:data:3d2cf33b079db97d4d49358630a90381817c489d,tier2,False,False,BinDep,https://vocab.nerc.ac.uk/collection/P01/current/DBINAA01/,11,407,0,1,https://api.linked-systems.uk/api/schema-org/dataset/1170819,
2107787,urn:gleaner.io:oih:bodc:data:9c01f1f89fb0b3645f04f8d9495d592fa2ebf3b0,none,False,False,,,,,0,0,https://api.linked-systems.uk/api/schema-org/dataset/2107787,
1874238,urn:gleaner.io:oih:bodc:data:9c8b6a151d6e3c015b5c4c1cebeef5a344f89b73,tier1,True,False,DepBelowSurf,https://vocab.nerc.ac.uk/collection/P01/current/ADEPZZ01/,9.2,4787.1,1,0,https://api.linked-systems.uk/api/schema-org/dataset/1874238,
1874263,urn:gleaner.io:oih:bodc:data:7d8bbc69e5ae567b0521355dbb0f43b0d6bac6bd,none,False,False,,,,,0,0,https://api.linked-systems.uk/api/schema-org/dataset/1874263,
1903797,urn:gleaner.io:oih:bodc:data:c8fdfa28ea0b15d76b6010d01db14aae8a7c17a6,none,False,False,,,,,0,0,https://api.linked-systems.uk/api/schema-org/dataset/1903797,
2051738,urn:gleaner.io:oih:bodc:data:4cc9a47179a645beb40224ede9bdfa314bca1fc7,tier1,True,False,DepBelowSurf,https://vocab.nerc.ac.uk/collection/P01/current/ADEPZZ01/,9.2,302.4,1,0,https://api.linked-systems.uk/api/schema-org/dataset/2051738,
1177462,urn:gleaner.io:oih:bodc:data:c023b31e9f428bef8d046eef226160527e50a389,none,False,False,,,,,0,0,https://api.linked-systems.uk/api/schema-org/dataset/1177462,
2046299,urn:gleaner.io:oih:bodc:data:e2c4a79f40abbe164d3d0631a9966a64c001c11a,tier1,True,False,DepBelowSurf,https://vocab.nerc.ac.uk/collection/P01/current/ADEPZZ01/,5.6,900.3,1,0,https://api.linked-systems.uk/api/schema-org/dataset/2046299,
1226101,urn:gleaner.io:oih:bodc:data:657a004922dab0db6cc5765b1d259914765b3c15,tier_instrument,False,True,,,,,0,0,https://api.linked-systems.uk/api/schema-org/dataset/1226101,
1177462,urn:gleaner.io:oih:bodc:data:ebed1e665cc59841ed4867f5a071aeb30c64cf12,none,False,False,,,,,0,0,https://api.linked-systems.uk/api/schema-org/dataset/1177462,
1170997,urn:gleaner.io:oih:bodc:data:7e94fc3858354360f653df81ccd72ae7b41a3bd5,none,False,False,,,,,0,0,https://api.linked-systems.uk/api/schema-org/dataset/1170997,
1177646,urn:gleaner.io:oih:bodc:data:f180002685397274fd0d30b84ae17f972b0c899b,none,False,False,,,,,0,0,https://api.linked-systems.uk/api/schema-org/dataset/1177646,
2148338,urn:gleaner.io:oih:bodc:data:a46675195d641a1ea97e24a3f3e81030cf4d0b3e,tier1,True,False,DepBelowSurf,https://vocab.nerc.ac.uk/collection/P01/current/ADEPZZ01/,6.3,301.4,1,0,https://api.linked-systems.uk/api/schema-org/dataset/2148338,
2001717,urn:gleaner.io:oih:bodc:data:3056c3e7dd58a1a0d9d0173a14f3eb7cd66b154f,tier1,True,False,DepBelowSurf,https://vocab.nerc.ac.uk/collection/P01/current/ADEPZZ01/,9.7,4729.6,1,0,https://api.linked-systems.uk/api/schema-org/dataset/2001717,
1876663,urn:gleaner.io:oih:bodc:data:355093622124028b8c756ed64a0c2bbd82c7fe6c,none,False,False,,,,,0,0,https://api.linked-systems.uk/api/schema-org/dataset/1876663,
1880674,urn:gleaner.io:oih:bodc:data:711d4bbe344005befa43a4bf3cd0a24a9c17d70e,tier1,True,False,DepBelowSurf,https://vocab.nerc.ac.uk/collection/P01/current/ADEPZZ01/,3,90,1,0,https://api.linked-systems.uk/api/schema-org/dataset/1880674,
1916870,urn:gleaner.io:oih:bodc:data:3cca023093616cbf02668c58283aa8237a0691bf,tier1,True,False,DepBelowSurf,https://vocab.nerc.ac.uk/collection/P01/current/ADEPZZ01/,35,2007.1,1,0,https://api.linked-systems.uk/api/schema-org/dataset/1916870,
2048860,urn:gleaner.io:oih:bodc:data:7e398eb0800f68a1a15f01f9891e024838859d9c,none,False,False,,,,,0,0,https://api.linked-systems.uk/api/schema-org/dataset/2048860,
1916925,urn:gleaner.io:oih:bodc:data:83695ccc47421d5b38c1ca4cdb08b8645ceaccf6,none,False,False,,,,,0,0,https://api.linked-systems.uk/api/schema-org/dataset/1916925,
1177738,urn:gleaner.io:oih:bodc:data:64ad36fb22a380d44a7e14a9d176f6f400f5c20a,none,False,False,,,,,0,0,https://api.linked-systems.uk/api/schema-org/dataset/1177738,
1876651,urn:gleaner.io:oih:bodc:data:07da344458898b82964c776fa335ac8e01a45eef,none,False,False,,,,,0,0,https://api.linked-systems.uk/api/schema-org/dataset/1876651,
2012069,urn:gleaner.io:oih:bodc:data:f2dba155c9df43880df8c6498a7dbfeef397a378,none,False,False,,,,,0,0,https://api.linked-systems.uk/api/schema-org/dataset/2012069,
2046331,urn:gleaner.io:oih:bodc:data:7a5cbe38c451171bba126432e6bc14b6f7d008c2,none,False,False,,,,,0,0,https://api.linked-systems.uk/api/schema-org/dataset/2046331,
1927880,urn:gleaner.io:oih:bodc:data:4309c27685bfb5a5b77c869ae901de017b24bfa1,tier1,True,False,DepBelowSurf,https://vocab.nerc.ac.uk/collection/P01/current/ADEPZZ01/,5,150,1,0,https://api.linked-systems.uk/api/schema-org/dataset/1927880,
1177289,urn:gleaner.io:oih:bodc:data:68e260dfd5d8dca75a25e8131f6d36613fd9539f,tier2,False,False,BathyDepES_ISL,https://vocab.nerc.ac.uk/collection/P01/current/MBANZZ01/,,,0,1,https://api.linked-systems.uk/api/schema-org/dataset/1177289,
1225816,urn:gleaner.io:oih:bodc:data:a4098892bc025bbb296277b65e851f214065ee68,tier_instrument,False,True,,,,,0,0,https://api.linked-systems.uk/api/schema-org/dataset/1225816,
1177947,urn:gleaner.io:oih:bodc:data:f21c0e60460c82e7a39f015ef23fbbb13bd8b811,none,False,False,,,,,0,0,https://api.linked-systems.uk/api/schema-org/dataset/1177947,
1880834,urn:gleaner.io:oih:bodc:data:573ef502038cbfbb07e22182a329519e5077a656,none,False,False,,,,,0,0,https://api.linked-systems.uk/api/schema-org/dataset/1880834,
1903804,urn:gleaner.io:oih:bodc:data:f8c15f163a32d4a85b77d06c518509e80fe179b2,none,False,False,,,,,0,0,https://api.linked-systems.uk/api/schema-org/dataset/1903804,
1880791,urn:gleaner.io:oih:bodc:data:61fda7265a45585e9718aa7c612d581dc1eb930c,none,False,False,,,,,0,0,https://api.linked-systems.uk/api/schema-org/dataset/1880791,
2107806,urn:gleaner.io:oih:bodc:data:afcfb965cf93129d4588df95ff26b97dfab32cf1,tier1,True,False,DepBelowSurf,https://vocab.nerc.ac.uk/collection/P01/current/ADEPZZ01/,21,80,1,0,https://api.linked-systems.uk/api/schema-org/dataset/2107806,
2053991,urn:gleaner.io:oih:bodc:data:8bc0c2331a1e2632e6c532906845dda15d6b08d0,none,False,False,,,,,0,0,https://api.linked-systems.uk/api/schema-org/dataset/2053991,
2148547,urn:gleaner.io:oih:bodc:data:c863586ad5b2f7e7f340edb7c04a2045f8b7413b,tier1,True,False,DepBelowSurf,https://vocab.nerc.ac.uk/collection/P01/current/ADEPZZ01/,7.3,301.2,1,0,https://api.linked-systems.uk/api/schema-org/dataset/2148547,
2148848,urn:gleaner.io:oih:bodc:data:e795e1e3704b1e14462f31d4ec4dde14bd07d212,none,False,False,,,,,0,0,https://api.linked-systems.uk/api/schema-org/dataset/2148848,
,urn:gleaner.io:oih:bodc:data:c882eb345bd5a3cfc58c75fe2e3b9cbff8276bb0,none,False,False,,,,,0,0,https://gleaner.io/xid/genid/d5qt1ikih1qc738b8m60,
1347038,urn:gleaner.io:oih:bodc:data:32ca9fca21c80e90985ccc8ef8882cfedda5bc69,none,False,False,,,,,0,0,https://api.linked-systems.uk/api/schema-org/dataset/1347038,
1177935,urn:gleaner.io:oih:bodc:data:41950d4cf5c5043d1fa050dadf5ff48d737d53d5,none,False,False,,,,,0,0,https://api.linked-systems.uk/api/schema-org/dataset/1177935,
2115855,urn:gleaner.io:oih:bodc:data:f862a26560f6ec29b3048bc8bd6339ab193a5eb1,tier1,True,False,DepBelowSurf,https://vocab.nerc.ac.uk/collection/P01/current/ADEPZZ01/,34.7,4829.4,1,0,https://api.linked-systems.uk/api/schema-org/dataset/2115855,
2148074,urn:gleaner.io:oih:bodc:data:fc31b348ca585426c175e504aeed31df4afe8f98,none,False,False,,,,,0,0,https://api.linked-systems.uk/api/schema-org/dataset/2148074,
1347388,urn:gleaner.io:oih:bodc:data:5a0b61c55dcf55839f86e53457cebe94beb9dbfe,tier1,True,False,DepBelowSurf,https://vocab.nerc.ac.uk/collection/P01/current/ADEPZZ01/,4.4,100,1,0,https://api.linked-systems.uk/api/schema-org/dataset/1347388,
1177517,urn:gleaner.io:oih:bodc:data:3611ee7cc270edc2c186b09d0cb9aa8531a56e7b,none,False,False,,,,,0,0,https://api.linked-systems.uk/api/schema-org/dataset/1177517,
1171024,urn:gleaner.io:oih:bodc:data:6206c4c35e62cd270e3614ed8e4b7746d6bececf,none,False,False,,,,,0,0,https://api.linked-systems.uk/api/schema-org/dataset/1171024,
1922826,urn:gleaner.io:oih:bodc:data:0017db03993726ddb6e469973ed75cbc031ca2f1,none,False,False,,,,,0,0,https://api.linked-systems.uk/api/schema-org/dataset/1922826,
2148615,urn:gleaner.io:oih:bodc:data:7c2ec4af56b40dbac413d31d6970ffdf97b61892,none,False,False,,,,,0,0,https://api.linked-systems.uk/api/schema-org/dataset/2148615,
1927984,urn:gleaner.io:oih:bodc:data:8dc957a463e78920e0c51669591bf4e711548501,tier1,True,False,DepBelowSurf,https://vocab.nerc.ac.uk/collection/P01/current/ADEPZZ01/,11.5,497.5,1,0,https://api.linked-systems.uk/api/schema-org/dataset/1927984,
2148941,urn:gleaner.io:oih:bodc:data:3139c701a6a45581f490add04107561edfec7776,tier1,True,False,DepBelowSurf,https://vocab.nerc.ac.uk/collection/P01/current/ADEPZZ01/,7.7,103.2,1,0,https://api.linked-systems.uk/api/schema-org/dataset/2148941,
1816832,urn:gleaner.io:oih:bodc:data:27195f9687a1f6e9bec1a003d8efd00cca8e3b4f,none,False,False,,,,,0,0,https://api.linked-systems.uk/api/schema-org/dataset/1816832,
2107787,urn:gleaner.io:oih:bodc:data:0562c965d282b58d9d5a99f9758df2fb24b7ca6f,tier1,True,False,DepBelowSurf,https://vocab.nerc.ac.uk/collection/P01/current/ADEPZZ01/,300,4799,1,0,https://api.linked-systems.uk/api/schema-org/dataset/2107787,
1226174,urn:gleaner.io:oih:bodc:data:e4eed0bbad8ad27b6c138483417705dd81859d8a,tier_instrument,False,True,,,,,0,0,https://api.linked-systems.uk/api/schema-org/dataset/1226174,
1170832,urn:gleaner.io:oih:bodc:data:c7c938790dfae4c01d7d6afaa3f927b2887d0985,tier2,False,False,BinDep,https://vocab.nerc.ac.uk/collection/P01/current/DBINAA01/,11,407,0,1,https://api.linked-systems.uk/api/schema-org/dataset/1170832,
1880601,urn:gleaner.io:oih:bodc:data:36182206cbda118e7903cc6f9c66161dfe6b7f57,tier1,True,False,DepBelowSurf,https://vocab.nerc.ac.uk/collection/P01/current/ADEPZZ01/,0,4500,1,0,https://api.linked-systems.uk/api/schema-org/dataset/1880601,
2046331,urn:gleaner.io:oih:bodc:data:39c6026e5ba301125fe52503819fe9e11dddc400,tier1,True,False,DepBelowSurf,https://vocab.nerc.ac.uk/collection/P01/current/ADEPZZ01/,13.6,4758,1,0,https://api.linked-systems.uk/api/schema-org/dataset/2046331,
2004229,urn:gleaner.io:oih:bodc:data:5a7f0311744b27b5e5c9f9becd9f96d46ccefbdb,none,False,False,,,,,0,0,https://api.linked-systems.uk/api/schema-org/dataset/2004229,
2001649,urn:gleaner.io:oih:bodc:data:bdc6430e92c1f3b428fe1811a8c55b5dadb73f6a,tier1,True,False,DepBelowSurf,https://vocab.nerc.ac.uk/collection/P01/current/ADEPZZ01/,9.9,199.4,1,0,https://api.linked-systems.uk/api/schema-org/dataset/2001649,
1839413,urn:gleaner.io:oih:bodc:data:5610afad6e203d87789ee308978f5614d80b4e93,none,False,False,,,,,0,0,https://api.linked-systems.uk/api/schema-org/dataset/1839413,
2115831,urn:gleaner.io:oih:bodc:data:11ab0a600725a4f58e6e4319c3aa5674944dac7c,tier1,True,False,DepBelowSurf,https://vocab.nerc.ac.uk/collection/P01/current/ADEPZZ01/,5.3,100.2,1,0,https://api.linked-systems.uk/api/schema-org/dataset/2115831,
2148142,urn:gleaner.io:oih:bodc:data:2e5bd74a4ae2997a75bfa5e84caa3f34715db25c,none,False,False,,,,,0,0,https://api.linked-systems.uk/api/schema-org/dataset/2148142,
1177775,urn:gleaner.io:oih:bodc:data:e469adb44b9c0ffffeb1e79224b01edad494fc21,none,False,False,,,,,0,0,https://api.linked-systems.uk/api/schema-org/dataset/1177775,
1347364,urn:gleaner.io:oih:bodc:data:f174af8167c0912687f07237b21fd8354a51f901,tier1,True,False,DepBelowSurf,https://vocab.nerc.ac.uk/collection/P01/current/ADEPZZ01/,5.1,100.1,1,0,https://api.linked-systems.uk/api/schema-org/dataset/1347364,
1759935,urn:gleaner.io:oih:bodc:data:07926b0ae5e55cb5025bddf518f9e79867afec7f,none,False,False,,,,,0,0,https://api.linked-systems.uk/api/schema-org/dataset/1759935,
1836790,urn:gleaner.io:oih:bodc:data:fc6927f875f43a1c8a0f9ada22a7828d222b682f,tier2,False,False,BathyDepES_ISL,https://vocab.nerc.ac.uk/collection/P01/current/MBANZZ01/,,,0,1,https://api.linked-systems.uk/api/schema-org/dataset/1836790,
2143383,urn:gleaner.io:oih:bodc:data:5e7a9aedb6e9fd292a922253db2bf525ea2cacf1,none,False,False,,,,,0,0,https://api.linked-systems.uk/api/schema-org/dataset/2143383,
1922838,urn:gleaner.io:oih:bodc:data:964bd286197f5b0670764c88c3c31f7562d2a83a,none,False,False,,,,,0,0,https://api.linked-systems.uk/api/schema-org/dataset/1922838,
2148873,urn:gleaner.io:oih:bodc:data:3d7247b569c56adeb0de6a9662452ff11cd9c80d,none,False,False,,,,,0,0,https://api.linked-systems.uk/api/schema-org/dataset/2148873,
2153470,urn:gleaner.io:oih:bodc:data:682ae39efa1f7fec0fdf58b4ed3e2884c3a9f87d,tier1,True,False,DepBelowSurf,https://vocab.nerc.ac.uk/collection/P01/current/ADEPZZ01/,15,1850,1,0,https://api.linked-systems.uk/api/schema-org/dataset/2153470,
1170764,urn:gleaner.io:oih:bodc:data:c4758b1435c9b7d40035d8ff2b334521ed51ea84,tier2,False,False,BinDep,https://vocab.nerc.ac.uk/collection/P01/current/DBINAA01/,11,407,0,1,https://api.linked-systems.uk/api/schema-org/dataset/1170764,
1226334,urn:gleaner.io:oih:bodc:data:c8d1dfe99db45edb92dd9d0493fbe2f1ad0d3678,tier_instrument,False,True,,,,,0,0,https://api.linked-systems.uk/api/schema-org/dataset/1226334,
2012125,urn:gleaner.io:oih:bodc:data:cc9a9a9472364d614fb6ea3efdb756609994d4ba,none,False,False,,,,,0,0,https://api.linked-systems.uk/api/schema-org/dataset/2012125,
1880698,urn:gleaner.io:oih:bodc:data:0335fea43c64c656cfd4d49ac5a8ce72d7b01c8e,tier1,True,False,DepBelowSurf,https://vocab.nerc.ac.uk/collection/P01/current/ADEPZZ01/,2,65,1,0,https://api.linked-systems.uk/api/schema-org/dataset/1880698,
2074694,urn:gleaner.io:oih:bodc:data:fda0c9565e26123f0c03e4c1033245fe7f856c4e,none,False,False,,,,,0,0,https://api.linked-systems.uk/api/schema-org/dataset/2074694,
2026723,urn:gleaner.io:oih:bodc:data:1f44333f28709686c0d8ec3e4049008a1d0d5056,none,False,False,,,,,0,0,https://api.linked-systems.uk/api/schema-org/dataset/2026723,
2148885,urn:gleaner.io:oih:bodc:data:34f443ba6186ecfe85dc504f15435d04b23321c5,tier1,True,False,DepBelowSurf,https://vocab.nerc.ac.uk/collection/P01/current/ADEPZZ01/,6,51.2,1,0,https://api.linked-systems.uk/api/schema-org/dataset/2148885,
2148897,urn:gleaner.io:oih:bodc:data:53dba52f3729238b30bd81e91682483f58b5ff91,tier1,True,False,DepBelowSurf,https://vocab.nerc.ac.uk/collection/P01/current/ADEPZZ01/,5.8,151.2,1,0,https://api.linked-systems.uk/api/schema-org/dataset/2148897,
1928987,urn:gleaner.io:oih:bodc:data:96e4ccf12b35aae2c92e484a1c831ed318339c75,tier1,True,False,DepBelowSurf,https://vocab.nerc.ac.uk/collection/P01/current/ADEPZZ01/,8,104,1,0,https://api.linked-systems.uk/api/schema-org/dataset/1928987,
1880754,urn:gleaner.io:oih:bodc:data:ea29f74b7be333fe4d39ee3c110e9e68a65420dc,none,False,False,,,,,0,0,https://api.linked-systems.uk/api/schema-org/dataset/1880754,
1171116,urn:gleaner.io:oih:bodc:data:47a7f0c16e2a0b363b98c3da3ce16f1d32c77e4e,none,False,False,,,,,0,0,https://api.linked-systems.uk/api/schema-org/dataset/1171116,
2027855,urn:gleaner.io:oih:bodc:data:28c88cbe85a36ff9910ac0f94b8812f53482746f,none,False,False,,,,,0,0,https://api.linked-systems.uk/api/schema-org/dataset/2027855,
2148904,urn:gleaner.io:oih:bodc:data:6883721ee40d29b7362bda2dddb35ab89b583fb6,tier1,True,False,DepBelowSurf,https://vocab.nerc.ac.uk/collection/P01/current/ADEPZZ01/,7.2,102.1,1,0,https://api.linked-systems.uk/api/schema-org/dataset/2148904,
2148824,urn:gleaner.io:oih:bodc:data:46b11bd8861f9d77bdd39daaf70666d600df3b58,tier1,True,False,DepBelowSurf,https://vocab.nerc.ac.uk/collection/P01/current/ADEPZZ01/,6.3,301.2,1,0,https://api.linked-systems.uk/api/schema-org/dataset/2148824,
2022433,urn:gleaner.io:oih:bodc:data:44f7d906896fb38abd53a0b5eec8a374b9066344,none,False,False,,,,,0,0,https://api.linked-systems.uk/api/schema-org/dataset/2022433,
1816900,urn:gleaner.io:oih:bodc:data:94d97c29c2325367d89e1badd9f328eccd454128,tier2,False,False,Start_depth,https://vocab.nerc.ac.uk/collection/P01/current/DEPHPRST/,0.99,349.71,0,1,https://api.linked-systems.uk/api/schema-org/dataset/1816900,
1927996,urn:gleaner.io:oih:bodc:data:a678109a7a88a9e6ff5b854805a20b5a1cf82b04,none,False,False,,,,,0,0,https://api.linked-systems.uk/api/schema-org/dataset/1927996,
2004150,urn:gleaner.io:oih:bodc:data:5ddac9170cb1defc07fa264f3816c9977326302d,tier1,True,False,DepBelowSurf,https://vocab.nerc.ac.uk/collection/P01/current/ADEPZZ01/,9.2,103.4,1,0,https://api.linked-systems.uk/api/schema-org/dataset/2004150,
1989632,urn:gleaner.io:oih:bodc:data:c9be0a33789337d12f396f9990132c2fb7d01e2e,tier1,True,False,DepBelowSurf,https://vocab.nerc.ac.uk/collection/P01/current/ADEPZZ01/,11.6,103,1,0,https://api.linked-systems.uk/api/schema-org/dataset/1989632,
1927911,urn:gleaner.io:oih:bodc:data:4794fc95e3d548fe058cf6c604b3c60f0755b726,none,False,False,,,,,0,0,https://api.linked-systems.uk/api/schema-org/dataset/1927911,
2073261,urn:gleaner.io:oih:bodc:data:eb943562a54c2e2a11763ba2014bbbfad3db06b8,none,False,False,,,,,0,0,https://api.linked-systems.uk/api/schema-org/dataset/2073261,
1928096,urn:gleaner.io:oih:bodc:data:3703617fe4f4bc5c770674c6b4ab94d1514ae661,none,False,False,,,,,0,0,https://api.linked-systems.uk/api/schema-org/dataset/1928096,
1347296,urn:gleaner.io:oih:bodc:data:029fa0236fea998c71b2bd6458811289e8133b44,tier1,True,False,DepBelowSurf,https://vocab.nerc.ac.uk/collection/P01/current/ADEPZZ01/,5.1,250.1,1,0,https://api.linked-systems.uk/api/schema-org/dataset/1347296,
2048699,urn:gleaner.io:oih:bodc:data:35572e76d7b0e869d001b65cd366a4bf857193b6,none,False,False,,,,,0,0,https://api.linked-systems.uk/api/schema-org/dataset/2048699,
1928176,urn:gleaner.io:oih:bodc:data:ad585e9ebb532393a1317f3f3d89505a3b51d558,tier1,True,False,DepBelowSurf,https://vocab.nerc.ac.uk/collection/P01/current/ADEPZZ01/,4.2,989.1,1,0,https://api.linked-systems.uk/api/schema-org/dataset/1928176,
2051879,urn:gleaner.io:oih:bodc:data:b3ab88932603287458bf5fa73241aeca3fd20f0a,tier1,True,False,DepBelowSurf,https://vocab.nerc.ac.uk/collection/P01/current/ADEPZZ01/,8.4,4706.6,1,0,https://api.linked-systems.uk/api/schema-org/dataset/2051879,
876493,urn:gleaner.io:oih:bodc:data:54e2e958b268193ad73d92cdc70f740bc4400181,none,False,False,,,,,0,0,https://api.linked-systems.uk/api/schema-org/dataset/876493,
2046306,urn:gleaner.io:oih:bodc:data:589d316e84b00b6c80cc643da48fafd3d7cb4264,none,False,False,,,,,0,0,https://api.linked-systems.uk/api/schema-org/dataset/2046306,
2111878,urn:gleaner.io:oih:bodc:data:1fcfd68284d5aa2f11f8ba81548076deb394ad50,none,False,False,,,,,0,0,https://api.linked-systems.uk/api/schema-org/dataset/2111878,
1874226,urn:gleaner.io:oih:bodc:data:ba27cf6e19afa735f33927675fc0b322f3ac4eab,tier1,True,False,DepBelowSurf,https://vocab.nerc.ac.uk/collection/P01/current/ADEPZZ01/,19.7,99.5,1,0,https://api.linked-systems.uk/api/schema-org/dataset/1874226,
2004137,urn:gleaner.io:oih:bodc:data:99786eb9ce761379dcdb220d89925b7c6137c7e0,none,False,False,,,,,0,0,https://api.linked-systems.uk/api/schema-org/dataset/2004137,
2046287,urn:gleaner.io:oih:bodc:data:713de87985ea94ff036bbceb93681021c88083ca,none,False,False,,,,,0,0,https://api.linked-systems.uk/api/schema-org/dataset/2046287,
2046982,urn:gleaner.io:oih:bodc:data:44841e5f4901de85c3aa8f9e0c43daebf47e8d4c,none,False,False,,,,,0,0,https://api.linked-systems.uk/api/schema-org/dataset/2046982,
1347407,urn:gleaner.io:oih:bodc:data:4a837a69ed9094cac63a40a028c2cf48e25594b4,tier1,True,False,DepBelowSurf,https://vocab.nerc.ac.uk/collection/P01/current/ADEPZZ01/,6.1,152.6,1,0,https://api.linked-systems.uk/api/schema-org/dataset/1347407,
2051738,urn:gleaner.io:oih:bodc:data:76998df9daeeaa66f82d17b63cfadf01fa2d0d19,none,False,False,,,,,0,0,https://api.linked-systems.uk/api/schema-org/dataset/2051738,
2026919,urn:gleaner.io:oih:bodc:data:d17ee4e3cc7c49675085aed3e7d2cd70e4fb4304,tier_instrument,False,True,,,,,0,0,https://api.linked-systems.uk/api/schema-org/dataset/2026919,
1177462,urn:gleaner.io:oih:bodc:data:76b41ea72f066bb0b4cf423ea98f46392823427e,none,False,False,,,,,0,0,https://api.linked-systems.uk/api/schema-org/dataset/1177462,
1170912,urn:gleaner.io:oih:bodc:data:5597786c2a2072073d22d2822ed5ba380f66fde9,none,False,False,,,,,0,0,https://api.linked-systems.uk/api/schema-org/dataset/1170912,
2048823,urn:gleaner.io:oih:bodc:data:7f93655203d4a7968690e6c348e1852e71a7a81e,none,False,False,,,,,0,0,https://api.linked-systems.uk/api/schema-org/dataset/2048823,
1170819,urn:gleaner.io:oih:bodc:data:f81df42ac0767bc2b00182bcafd9471b6a2a0645,none,False,False,,,,,0,0,https://api.linked-systems.uk/api/schema-org/dataset/1170819,
2053978,urn:gleaner.io:oih:bodc:data:c69e0fc6f2d9b061a5b4a49de6d15364ec06c81a,none,False,False,,,,,0,0,https://api.linked-systems.uk/api/schema-org/dataset/2053978,
2148793,urn:gleaner.io:oih:bodc:data:df2ff0ddded13219ab5405b2675490af3c7ffe8c,none,False,False,,,,,0,0,https://api.linked-systems.uk/api/schema-org/dataset/2148793,
1879624,urn:gleaner.io:oih:bodc:data:f31415467c5f8c3241c95712f93ba7d6e8a851ad,none,False,False,,,,,0,0,https://api.linked-systems.uk/api/schema-org/dataset/1879624,
2118970,urn:gleaner.io:oih:bodc:data:8389d44d38ea31d73ba30f4fa8a9fd1fa1675596,none,False,False,,,,,0,0,https://api.linked-systems.uk/api/schema-org/dataset/2118970,
2105793,urn:gleaner.io:oih:bodc:data:db96bf2af32d8eb5e3235c22d3a994961de66e67,none,False,False,,,,,0,0,https://api.linked-systems.uk/api/schema-org/dataset/2105793,
1816727,urn:gleaner.io:oih:bodc:data:382d80a658d3c76d2e9f8124f664cb4ceeae9336,none,False,False,,,,,0,0,https://api.linked-systems.uk/api/schema-org/dataset/1816727,
1177609,urn:gleaner.io:oih:bodc:data:642761bc0c1b0175f489939c4ae4f7e6a1e889fe,none,False,False,,,,,0,0,https://api.linked-systems.uk/api/schema-org/dataset/1177609,
1879593,urn:gleaner.io:oih:bodc:data:daac42338169bbc676b00562e9020bbba5c818ab,none,False,False,,,,,0,0,https://api.linked-systems.uk/api/schema-org/dataset/1879593,
1177591,urn:gleaner.io:oih:bodc:data:7844f3399367b39d901cc8f8b1fbc9308961bc7a,none,False,False,,,,,0,0,https://api.linked-systems.uk/api/schema-org/dataset/1177591,
2148584,urn:gleaner.io:oih:bodc:data:df7d2c6c9ae08cdb27698dab3ec2fc707fcf3c76,none,False,False,,,,,0,0,https://api.linked-systems.uk/api/schema-org/dataset/2148584,
2148130,urn:gleaner.io:oih:bodc:data:2f1e29c478ede00f286505cff117960c96f8b0da,tier1,True,False,DepBelowSurf,https://vocab.nerc.ac.uk/collection/P01/current/ADEPZZ01/,5.9,301,1,0,https://api.linked-systems.uk/api/schema-org/dataset/2148130,
2148098,urn:gleaner.io:oih:bodc:data:99f1e576dcebe0cc2a0aff31b50bafcbd3f1e1ab,tier1,True,False,DepBelowSurf,https://vocab.nerc.ac.uk/collection/P01/current/ADEPZZ01/,5.6,300.7,1,0,https://api.linked-systems.uk/api/schema-org/dataset/2148098,
2148941,urn:gleaner.io:oih:bodc:data:5d30ac77018f3fb74f510bced214921ebab9d305,none,False,False,,,,,0,0,https://api.linked-systems.uk/api/schema-org/dataset/2148941,
1880637,urn:gleaner.io:oih:bodc:data:902c253fc29b4dc57d8fbec2a0ccb1be199462ff,none,False,False,,,,,0,0,https://api.linked-systems.uk/api/schema-org/dataset/1880637,
1171024,urn:gleaner.io:oih:bodc:data:48389f312f9660f2102b1db0373a35ac36c787ab,tier2,False,False,BinDep,https://vocab.nerc.ac.uk/collection/P01/current/DBINAA01/,11,407,0,1,https://api.linked-systems.uk/api/schema-org/dataset/1171024,
2138725,urn:gleaner.io:oih:bodc:data:579a14fe8048fb903a4d74ce85ecd13dd7bb34c5,none,False,False,,,,,0,0,https://api.linked-systems.uk/api/schema-org/dataset/2138725,
1177867,urn:gleaner.io:oih:bodc:data:b11e4e5a0fb7400e4f8b14271b3a795d6b7890f9,none,False,False,,,,,0,0,https://api.linked-systems.uk/api/schema-org/dataset/1177867,
2153549,urn:gleaner.io:oih:bodc:data:af00c2bf8a7b563acf96efeb39c96c05b489e76f,none,False,False,,,,,0,0,https://api.linked-systems.uk/api/schema-org/dataset/2153549,
1171048,urn:gleaner.io:oih:bodc:data:d736fcb3fd9e9d92ee7144c6a6e6a2e8ee0a6478,tier2,False,False,BinDep,https://vocab.nerc.ac.uk/collection/P01/current/DBINAA01/,11,407,0,1,https://api.linked-systems.uk/api/schema-org/dataset/1171048,
2105793,urn:gleaner.io:oih:bodc:data:cc35b37c5419c1a007e08403a6707944a0aececf,tier1,True,False,DepBelowSurf,https://vocab.nerc.ac.uk/collection/P01/current/ADEPZZ01/,10.1,995.8,1,0,https://api.linked-systems.uk/api/schema-org/dataset/2105793,
1170912,urn:gleaner.io:oih:bodc:data:e4f9681992d964efd81d77e06a7bcc0c3ad4f2ca,tier2,False,False,BinDep,https://vocab.nerc.ac.uk/collection/P01/current/DBINAA01/,11,407,0,1,https://api.linked-systems.uk/api/schema-org/dataset/1170912,
1177578,urn:gleaner.io:oih:bodc:data:8acddc9ba22b5edaed723b4ad0ef5d82bd19aec5,none,False,False,,,,,0,0,https://api.linked-systems.uk/api/schema-org/dataset/1177578,
2052115,urn:gleaner.io:oih:bodc:data:48ae55ff336a8395e2a4eed1aff354933f47a78a,none,False,False,,,,,0,0,https://api.linked-systems.uk/api/schema-org/dataset/2052115,
2048767,urn:gleaner.io:oih:bodc:data:0f3036371941be751bcfeba171450d4c35af40d4,tier1,True,False,DepBelowSurf,https://vocab.nerc.ac.uk/collection/P01/current/ADEPZZ01/,13.1,801.4,1,0,https://api.linked-systems.uk/api/schema-org/dataset/2048767,
1170961,urn:gleaner.io:oih:bodc:data:c4f897fbfa89a21d8967bf49739a1168e1bcfb8b,tier2,False,False,BinDep,https://vocab.nerc.ac.uk/collection/P01/current/DBINAA01/,11,407,0,1,https://api.linked-systems.uk/api/schema-org/dataset/1170961,
1880834,urn:gleaner.io:oih:bodc:data:33bc0d1c74a1b2b99bb00490f363339f51d93f4a,tier1,True,False,DepBelowSurf,https://vocab.nerc.ac.uk/collection/P01/current/ADEPZZ01/,2,200,1,0,https://api.linked-systems.uk/api/schema-org/dataset/1880834,
2054017,urn:gleaner.io:oih:bodc:data:44d1be0daf0eaf9b1760ee6b51fac4491fde20e7,none,False,False,,,,,0,0,https://api.linked-systems.uk/api/schema-org/dataset/2054017,
1346926,urn:gleaner.io:oih:bodc:data:6af396d0b8793496f5de5a04037c0381e929dc40,tier1,True,False,DepBelowSurf,https://vocab.nerc.ac.uk/collection/P01/current/ADEPZZ01/,5.2,1000.3,1,0,https://api.linked-systems.uk/api/schema-org/dataset/1346926,
1836790,urn:gleaner.io:oih:bodc:data:2e95bd3b8f366f0645d0d693eae6754f1731f7a1,tier2,False,False,BathyDepES_ISL,https://vocab.nerc.ac.uk/collection/P01/current/MBANZZ01/,,,0,1,https://api.linked-systems.uk/api/schema-org/dataset/1836790,
1927972,urn:gleaner.io:oih:bodc:data:8799355a5271fe0596ef1cce5f127897ad902fb9,tier1,True,False,DepBelowSurf,https://vocab.nerc.ac.uk/collection/P01/current/ADEPZZ01/,25.6,4009.5,1,0,https://api.linked-systems.uk/api/schema-org/dataset/1927972,
1347284,urn:gleaner.io:oih:bodc:data:3127d6bf0881175820461f0fd04f613a4a50647f,none,False,False,,,,,0,0,https://api.linked-systems.uk/api/schema-org/dataset/1347284,
2027843,urn:gleaner.io:oih:bodc:data:63abdf45344ddb0eb8d9a27d649fdeba20484ec9,tier2,False,False,SFPG,https://vocab.nerc.ac.uk/collection/P01/current/DEPHFP01/,,,0,1,https://api.linked-systems.uk/api/schema-org/dataset/2027843,
2110654,urn:gleaner.io:oih:bodc:data:fef189ae2c6e599041889fbf3092da74e83ff806,tier1,True,False,DepBelowSurf,https://vocab.nerc.ac.uk/collection/P01/current/ADEPZZ01/,3.4,209.9,1,0,https://api.linked-systems.uk/api/schema-org/dataset/2110654,
2115843,urn:gleaner.io:oih:bodc:data:0ad1fbeaa759c5597c11b81bd2465caee5712ec1,none,False,False,,,,,0,0,https://api.linked-systems.uk/api/schema-org/dataset/2115843,
2107879,urn:gleaner.io:oih:bodc:data:6eeee15518604f9bba5284854397134aac68ad31,none,False,False,,,,,0,0,https://api.linked-systems.uk/api/schema-org/dataset/2107879,
1347063,urn:gleaner.io:oih:bodc:data:0541cce3f6e5647dcce569951e536a89847bcce4,none,False,False,,,,,0,0,https://api.linked-systems.uk/api/schema-org/dataset/1347063,
1225982,urn:gleaner.io:oih:bodc:data:c877d356370ccb3321954f497c2cda5a77f86891,none,False,False,,,,,0,0,https://api.linked-systems.uk/api/schema-org/dataset/1225982,
2148302,urn:gleaner.io:oih:bodc:data:078099164916c3d0f7d5b9ce0df8618d65f3e216,none,False,False,,,,,0,0,https://api.linked-systems.uk/api/schema-org/dataset/2148302,
1874275,urn:gleaner.io:oih:bodc:data:b73ee7105e94d6e52becb89f9802251dfb8f949c,none,False,False,,,,,0,0,https://api.linked-systems.uk/api/schema-org/dataset/1874275,
2110666,urn:gleaner.io:oih:bodc:data:4cce011652d57acc219ad6ac09a8cd4ea0c1b274,tier1,True,False,DepBelowSurf,https://vocab.nerc.ac.uk/collection/P01/current/ADEPZZ01/,499.7,4820.1,1,0,https://api.linked-systems.uk/api/schema-org/dataset/2110666,
2110642,urn:gleaner.io:oih:bodc:data:be426791cb6c8442d22beaca8fa87786bc05a326,tier1,True,False,DepBelowSurf,https://vocab.nerc.ac.uk/collection/P01/current/ADEPZZ01/,9.3,3997.6,1,0,https://api.linked-systems.uk/api/schema-org/dataset/2110642,
888088,urn:gleaner.io:oih:bodc:data:ca651beccf3e2d1e1cf7ad36a00eceddf2c35a14,none,False,False,,,,,0,0,https://api.linked-systems.uk/api/schema-org/dataset/888088,
2115806,urn:gleaner.io:oih:bodc:data:8f42fb29f0ed6a8ce385b5eed973836756170715,tier1,True,False,DepBelowSurf,https://vocab.nerc.ac.uk/collection/P01/current/ADEPZZ01/,8.5,104.1,1,0,https://api.linked-systems.uk/api/schema-org/dataset/2115806,
2048860,urn:gleaner.io:oih:bodc:data:a03baadc3d9fdaab4148c765ee19f143ae8bdd62,none,False,False,,,,,0,0,https://api.linked-systems.uk/api/schema-org/dataset/2048860,
2148375,urn:gleaner.io:oih:bodc:data:1b516b3a870ad02d56c41af63627a5080634f40e,none,False,False,,,,,0,0,https://api.linked-systems.uk/api/schema-org/dataset/2148375,
888120,urn:gleaner.io:oih:bodc:data:5a26d995af07f4f41ed5c6cd66f265cb42c413df,none,False,False,,,,,0,0,https://api.linked-systems.uk/api/schema-org/dataset/888120,
1225853,urn:gleaner.io:oih:bodc:data:4f0f29e5d769ae0151e7de3d1c67d4fef3fb29d7,tier_instrument,False,True,,,,,0,0,https://api.linked-systems.uk/api/schema-org/dataset/1225853,
1880705,urn:gleaner.io:oih:bodc:data:1dca72663251b36e504d631a70201cc1f41a7bd6,tier1,True,False,DepBelowSurf,https://vocab.nerc.ac.uk/collection/P01/current/ADEPZZ01/,28,4800,1,0,https://api.linked-systems.uk/api/schema-org/dataset/1880705,
2046318,urn:gleaner.io:oih:bodc:data:8e1be9a62027e655dd039437aff05aa49a414602,tier1,True,False,DepBelowSurf,https://vocab.nerc.ac.uk/collection/P01/current/ADEPZZ01/,14.2,99.2,1,0,https://api.linked-systems.uk/api/schema-org/dataset/2046318,
1848176,urn:gleaner.io:oih:bodc:data:9929f9c804a9fbdf4cd71b8c644bdb95ff0f7e54,none,False,False,,,,,0,0,https://api.linked-systems.uk/api/schema-org/dataset/1848176,
1226217,urn:gleaner.io:oih:bodc:data:4676aa46cc5520616e41508b28b975dd26b30afc,tier_instrument,False,True,,,,,0,0,https://api.linked-systems.uk/api/schema-org/dataset/1226217,
2153537,urn:gleaner.io:oih:bodc:data:a4aa05a4b5112bfbc8a4b49732e6755f4fa36973,tier1,True,False,DepBelowSurf,https://vocab.nerc.ac.uk/collection/P01/current/ADEPZZ01/,5,4827,1,0,https://api.linked-systems.uk/api/schema-org/dataset/2153537,
2148178,urn:gleaner.io:oih:bodc:data:b4a129bbc712995675cab7041e6fd7a858a1b4d5,tier1,True,False,DepBelowSurf,https://vocab.nerc.ac.uk/collection/P01/current/ADEPZZ01/,4.7,300.7,1,0,https://api.linked-systems.uk/api/schema-org/dataset/2148178,
1226230,urn:gleaner.io:oih:bodc:data:e004c33f7029cf1a4c0cd8d117238c1217e2af25,tier_instrument,False,True,,,,,0,0,https://api.linked-systems.uk/api/schema-org/dataset/1226230,
2148744,urn:gleaner.io:oih:bodc:data:dcd42582c188e0f0ee258a23f7a02ad408175566,none,False,False,,,,,0,0,https://api.linked-systems.uk/api/schema-org/dataset/2148744,
1170961,urn:gleaner.io:oih:bodc:data:e8e111970881a87a92eb761baddb7104d3e8cd47,tier2,False,False,BinDep,https://vocab.nerc.ac.uk/collection/P01/current/DBINAA01/,11,407,0,1,https://api.linked-systems.uk/api/schema-org/dataset/1170961,
1177449,urn:gleaner.io:oih:bodc:data:438a9e36205373be6d90dec842187e93d44bca99,none,False,False,,,,,0,0,https://api.linked-systems.uk/api/schema-org/dataset/1177449,
1759984,urn:gleaner.io:oih:bodc:data:22acc827ad8cfe05aa03328fe1594334c206b4ae,none,False,False,,,,,0,0,https://api.linked-systems.uk/api/schema-org/dataset/1759984,
2148387,urn:gleaner.io:oih:bodc:data:573171a226ea26cbcbcd7cd607fd26838ec5f28b,tier1,True,False,DepBelowSurf,https://vocab.nerc.ac.uk/collection/P01/current/ADEPZZ01/,7.2,102.1,1,0,https://api.linked-systems.uk/api/schema-org/dataset/2148387,
2054017,urn:gleaner.io:oih:bodc:data:c6a508182d9c8af251b67955b2c02c910f4d934d,none,False,False,,,,,0,0,https://api.linked-systems.uk/api/schema-org/dataset/2054017,
1880674,urn:gleaner.io:oih:bodc:data:28c07cbb76eb65ac84aae0f0943a3da70a945677,none,False,False,,,,,0,0,https://api.linked-systems.uk/api/schema-org/dataset/1880674,
2046392,urn:gleaner.io:oih:bodc:data:55582051104276325f12f7a0ad8a3d6c3638d8a0,tier1,True,False,DepBelowSurf,https://vocab.nerc.ac.uk/collection/P01/current/ADEPZZ01/,13,4757.2,1,0,https://api.linked-systems.uk/api/schema-org/dataset/2046392,
1929051,urn:gleaner.io:oih:bodc:data:f0a19998c2529d824457dce471a1577681302834,tier1,True,False,DepBelowSurf,https://vocab.nerc.ac.uk/collection/P01/current/ADEPZZ01/,34.7,4829.4,1,0,https://api.linked-systems.uk/api/schema-org/dataset/1929051,
1347051,urn:gleaner.io:oih:bodc:data:d47a4d64b1f4c794fd3de4e25ca3fba4e34f529a,tier1,True,False,DepBelowSurf,https://vocab.nerc.ac.uk/collection/P01/current/ADEPZZ01/,5,100.1,1,0,https://api.linked-systems.uk/api/schema-org/dataset/1347051,
2107591,urn:gleaner.io:oih:bodc:data:a22272e6c1c91e5c6a31efb633e70a03ce45ce34,tier1,True,False,DepBelowSurf,https://vocab.nerc.ac.uk/collection/P01/current/ADEPZZ01/,10.1,998,1,0,https://api.linked-systems.uk/api/schema-org/dataset/2107591,
1171000,urn:gleaner.io:oih:bodc:data:d6c385404b4bfaa2a64490427654a78dc825a50d,tier2,False,False,BinDep,https://vocab.nerc.ac.uk/collection/P01/current/DBINAA01/,11,407,0,1,https://api.linked-systems.uk/api/schema-org/dataset/1171000,
1346883,urn:gleaner.io:oih:bodc:data:94feffa6c573190a63309d86feeddeff98e55c54,tier1,True,False,DepBelowSurf,https://vocab.nerc.ac.uk/collection/P01/current/ADEPZZ01/,11.9,499.5,1,0,https://api.linked-systems.uk/api/schema-org/dataset/1346883,
1347315,urn:gleaner.io:oih:bodc:data:f8b94ca62df7f22fd5b8ebb4a31932ca467522dc,tier1,True,False,DepBelowSurf,https://vocab.nerc.ac.uk/collection/P01/current/ADEPZZ01/,15.7,212.2,1,0,https://api.linked-systems.uk/api/schema-org/dataset/1347315,
1347364,urn:gleaner.io:oih:bodc:data:368714b50f952fa73b40bbd2e87b39cef29e222b,none,False,False,,,,,0,0,https://api.linked-systems.uk/api/schema-org/dataset/1347364,
2051818,urn:gleaner.io:oih:bodc:data:cea9e560fce978e20f1a44728d68607643da8efe,none,False,False,,,,,0,0,https://api.linked-systems.uk/api/schema-org/dataset/2051818,
2153562,urn:gleaner.io:oih:bodc:data:769097aad836bd5c95fc6abbcf8036e643883a38,tier1,True,False,DepBelowSurf,https://vocab.nerc.ac.uk/collection/P01/current/ADEPZZ01/,5,100,1,0,https://api.linked-systems.uk/api/schema-org/dataset/2153562,
1177578,urn:gleaner.io:oih:bodc:data:d5e9dd5890c8f503627a1f1880a86efbdd63305a,none,False,False,,,,,0,0,https://api.linked-systems.uk/api/schema-org/dataset/1177578,
1177726,urn:gleaner.io:oih:bodc:data:0234eab3f8fe69d1338fc70318a23cdfd3bf7a57,none,False,False,,,,,0,0,https://api.linked-systems.uk/api/schema-org/dataset/1177726,
2051855,urn:gleaner.io:oih:bodc:data:5062792dcbe56064a68ccefe66bbb9a9b610763f,tier1,True,False,DepBelowSurf,https://vocab.nerc.ac.uk/collection/P01/current/ADEPZZ01/,9.2,4697.6,1,0,https://api.linked-systems.uk/api/schema-org/dataset/2051855,
2046251,urn:gleaner.io:oih:bodc:data:35abbd102718b8cbccdec8c004bc7c46d6c48267,none,False,False,,,,,0,0,https://api.linked-systems.uk/api/schema-org/dataset/2046251,
1816788,urn:gleaner.io:oih:bodc:data:4a5b6468a67c8a865e0cc1f8ec56aab5edd3aca8,tier2,False,False,Start_depth,https://vocab.nerc.ac.uk/collection/P01/current/DEPHPRST/,8.92,351.68,0,1,https://api.linked-systems.uk/api/schema-org/dataset/1816788,
1347075,urn:gleaner.io:oih:bodc:data:1ec14dc78f142e55c1fa7c5795eec04b521b0b2f,none,False,False,,,,,0,0,https://api.linked-systems.uk/api/schema-org/dataset/1347075,
1836821,urn:gleaner.io:oih:bodc:data:29a3f8553de208b1f8f5e00ad8e56079fafeb7ed,none,False,False,,,,,0,0,https://api.linked-systems.uk/api/schema-org/dataset/1836821,
2111878,urn:gleaner.io:oih:bodc:data:d5ba75de6a0347303d538ad3b915bd7cb59747c3,tier1,True,False,DepBelowSurf,https://vocab.nerc.ac.uk/collection/P01/current/ADEPZZ01/,2,65,1,0,https://api.linked-systems.uk/api/schema-org/dataset/2111878,
1989620,urn:gleaner.io:oih:bodc:data:f91991bbc1bf93d543565abafb09e73c69b555e9,tier1,True,False,DepBelowSurf,https://vocab.nerc.ac.uk/collection/P01/current/ADEPZZ01/,9.9,199.4,1,0,https://api.linked-systems.uk/api/schema-org/dataset/1989620,
1879556,urn:gleaner.io:oih:bodc:data:ff8932a1321cfb3127a3bf36f91029243a1bb6c1,tier1,True,False,DepBelowSurf,https://vocab.nerc.ac.uk/collection/P01/current/ADEPZZ01/,11.4,999.1,1,0,https://api.linked-systems.uk/api/schema-org/dataset/1879556,
2046411,urn:gleaner.io:oih:bodc:data:542bb08eb787aa2302ea063cfced61f029572c5b,tier1,True,False,DepBelowSurf,https://vocab.nerc.ac.uk/collection/P01/current/ADEPZZ01/,12,4756.1,1,0,https://api.linked-systems.uk/api/schema-org/dataset/2046411,
1226069,urn:gleaner.io:oih:bodc:data:33001919a0ea1309cfbfc6d543b572847b8618e5,none,False,False,,,,,0,0,https://api.linked-systems.uk/api/schema-org/dataset/1226069,
1171061,urn:gleaner.io:oih:bodc:data:8677bdd11174ef4212c5c5aaa27d74f7d5d5ed8b,none,False,False,,,,,0,0,https://api.linked-systems.uk/api/schema-org/dataset/1171061,
2107566,urn:gleaner.io:oih:bodc:data:b74ba5d961ed6fcf33089de0a6a5737d6085617f,tier1,True,False,DepBelowSurf,https://vocab.nerc.ac.uk/collection/P01/current/ADEPZZ01/,5.6,4796.6,1,0,https://api.linked-systems.uk/api/schema-org/dataset/2107566,
2138786,urn:gleaner.io:oih:bodc:data:58e24735801c9a949c985982e859859e5c6c0c88,tier1,True,False,DepBelowSurf,https://vocab.nerc.ac.uk/collection/P01/current/ADEPZZ01/,12.4,200.7,1,0,https://api.linked-systems.uk/api/schema-org/dataset/2138786,
1226082,urn:gleaner.io:oih:bodc:data:d59130e93fc6dcb9463809750adbe6abef581a14,tier_instrument,False,True,,,,,0,0,https://api.linked-systems.uk/api/schema-org/dataset/1226082,
2001650,urn:gleaner.io:oih:bodc:data:c5b722c65e770a22f172c960f2032d32834658f8,tier1,True,False,DepBelowSurf,https://vocab.nerc.ac.uk/collection/P01/current/ADEPZZ01/,11.6,103,1,0,https://api.linked-systems.uk/api/schema-org/dataset/2001650,
1816752,urn:gleaner.io:oih:bodc:data:a2e55d6e1d06c7410aa85b87a7f6b85e5c7429f8,tier2,False,False,Start_depth,https://vocab.nerc.ac.uk/collection/P01/current/DEPHPRST/,2.97,351.69,0,1,https://api.linked-systems.uk/api/schema-org/dataset/1816752,
1347260,urn:gleaner.io:oih:bodc:data:d2dd5c1a4c15aa0be09d83e7bf3f3b25e67f6b6b,tier1,True,False,DepBelowSurf,https://vocab.nerc.ac.uk/collection/P01/current/ADEPZZ01/,6.3,101.2,1,0,https://api.linked-systems.uk/api/schema-org/dataset/1347260,
2107566,urn:gleaner.io:oih:bodc:data:9f6515fcbe991684f3875195f95b1ae53065b8bd,none,False,False,,,,,0,0,https://api.linked-systems.uk/api/schema-org/dataset/2107566,
1927818,urn:gleaner.io:oih:bodc:data:3c8d695b7d6a5249b7ec652a157b49a4abf89c02,tier1,True,False,DepBelowSurf,https://vocab.nerc.ac.uk/collection/P01/current/ADEPZZ01/,28,100,1,0,https://api.linked-systems.uk/api/schema-org/dataset/1927818,
2107831,urn:gleaner.io:oih:bodc:data:d41d425426c2497136dc3c1eaab63743c1dfbf6b,tier1,True,False,DepBelowSurf,https://vocab.nerc.ac.uk/collection/P01/current/ADEPZZ01/,15,200,1,0,https://api.linked-systems.uk/api/schema-org/dataset/2107831,
1916869,urn:gleaner.io:oih:bodc:data:29271bd44f2c8dbbb3af8c4a04467bac7e8a5bf0,none,False,False,,,,,0,0,https://api.linked-systems.uk/api/schema-org/dataset/1916869,
2046423,urn:gleaner.io:oih:bodc:data:76079b5f789378aa76949243ca186fbcedab44f7,none,False,False,,,,,0,0,https://api.linked-systems.uk/api/schema-org/dataset/2046423,
1989700,urn:gleaner.io:oih:bodc:data:5a465f383d0d6f1cfb59e291ecd67496cbe0e7a2,none,False,False,,,,,0,0,https://api.linked-systems.uk/api/schema-org/dataset/1989700,
1225994,urn:gleaner.io:oih:bodc:data:3089f4b578b97082b53d9729b901596a3bbdce17,none,False,False,,,,,0,0,https://api.linked-systems.uk/api/schema-org/dataset/1225994,
2148492,urn:gleaner.io:oih:bodc:data:a70c8707e675f851c77549b50bcddfd808a303c8,none,False,False,,,,,0,0,https://api.linked-systems.uk/api/schema-org/dataset/2148492,
2001698,urn:gleaner.io:oih:bodc:data:ccca466b20b1e48f246ba07f157dbdafed3b09b9,none,False,False,,,,,0,0,https://api.linked-systems.uk/api/schema-org/dataset/2001698,
1347419,urn:gleaner.io:oih:bodc:data:ea4b7304cc1e525bd2f2681e3239d53644dcf707,tier1,True,False,DepBelowSurf,https://vocab.nerc.ac.uk/collection/P01/current/ADEPZZ01/,6.3,101.2,1,0,https://api.linked-systems.uk/api/schema-org/dataset/1347419,
1922826,urn:gleaner.io:oih:bodc:data:79f4ab0a30aea98a550d2b149d50b3a818c6461a,none,False,False,,,,,0,0,https://api.linked-systems.uk/api/schema-org/dataset/1922826,
2138750,urn:gleaner.io:oih:bodc:data:9d7670870abf5658b697a2da9d554e32b5738425,none,False,False,,,,,0,0,https://api.linked-systems.uk/api/schema-org/dataset/2138750,
1929026,urn:gleaner.io:oih:bodc:data:47b81be686b5bd33ca3ab11aa73fab5bd9666f19,none,False,False,,,,,0,0,https://api.linked-systems.uk/api/schema-org/dataset/1929026,
1347051,urn:gleaner.io:oih:bodc:data:726d1431fe9138634361f33d251c74fcb9027490,tier1,True,False,DepBelowSurf,https://vocab.nerc.ac.uk/collection/P01/current/ADEPZZ01/,5,100.1,1,0,https://api.linked-systems.uk/api/schema-org/dataset/1347051,
2107831,urn:gleaner.io:oih:bodc:data:db4a6a303b9a54f2dd4a93c3d8fd6bfda3646303,tier1,True,False,DepBelowSurf,https://vocab.nerc.ac.uk/collection/P01/current/ADEPZZ01/,15,200,1,0,https://api.linked-systems.uk/api/schema-org/dataset/2107831,
895651,urn:gleaner.io:oih:bodc:data:368ed187e4f67d5fdf13bc2409c71ee5d1811f57,none,False,False,,,,,0,0,https://api.linked-systems.uk/api/schema-org/dataset/895651,
1876687,urn:gleaner.io:oih:bodc:data:cfcc0f5e8e0a5c2fb247d25fb084a8956b6b1fd5,tier1,True,False,DepBelowSurf,https://vocab.nerc.ac.uk/collection/P01/current/ADEPZZ01/,148.9,4723.4,1,0,https://api.linked-systems.uk/api/schema-org/dataset/1876687,
2001650,urn:gleaner.io:oih:bodc:data:e134f10b379b947ab3dc0283653d3b1a24d21f71,tier1,True,False,DepBelowSurf,https://vocab.nerc.ac.uk/collection/P01/current/ADEPZZ01/,11.6,103,1,0,https://api.linked-systems.uk/api/schema-org/dataset/2001650,
2107671,urn:gleaner.io:oih:bodc:data:f14265dbbe3dce3022a7517027aceae63afc8df1,tier1,True,False,DepBelowSurf,https://vocab.nerc.ac.uk/collection/P01/current/ADEPZZ01/,15,75,1,0,https://api.linked-systems.uk/api/schema-org/dataset/2107671,
2107646,urn:gleaner.io:oih:bodc:data:47472fafd617f246b0cd4280b8e6fa12d0e3b392,none,False,False,,,,,0,0,https://api.linked-systems.uk/api/schema-org/dataset/2107646,
1927775,urn:gleaner.io:oih:bodc:data:ac1fffe4609aa820f8ff6edf19dcc001f908dd7e,tier1,True,False,DepBelowSurf,https://vocab.nerc.ac.uk/collection/P01/current/ADEPZZ01/,5,150,1,0,https://api.linked-systems.uk/api/schema-org/dataset/1927775,
1177831,urn:gleaner.io:oih:bodc:data:3c6ab5e830064a798994d77de62993c744f5ae69,none,False,False,,,,,0,0,https://api.linked-systems.uk/api/schema-org/dataset/1177831,
2022992,urn:gleaner.io:oih:bodc:data:ad38e987563bd1b85e22daf65bd78632dee90933,tier_instrument,False,True,,,,,0,0,https://api.linked-systems.uk/api/schema-org/dataset/2022992,
2148129,urn:gleaner.io:oih:bodc:data:b9561e988e042d4e7fdef3f925a7c7dd367320dc,none,False,False,,,,,0,0,https://api.linked-systems.uk/api/schema-org/dataset/2148129,
895626,urn:gleaner.io:oih:bodc:data:d83c672392b7c73c15cacb529e8b42b077fbc645,none,False,False,,,,,0,0,https://api.linked-systems.uk/api/schema-org/dataset/895626,
2051892,urn:gleaner.io:oih:bodc:data:cfba49e145328aab0f0eae4dce61ebae1539f4cd,none,False,False,,,,,0,0,https://api.linked-systems.uk/api/schema-org/dataset/2051892,
2148848,urn:gleaner.io:oih:bodc:data:f26189440072072441fc5e232a805eacf43e2910,none,False,False,,,,,0,0,https://api.linked-systems.uk/api/schema-org/dataset/2148848,
2148744,urn:gleaner.io:oih:bodc:data:a674d2de5a03b176904abc2f720de382d642c94f,tier1,True,False,DepBelowSurf,https://vocab.nerc.ac.uk/collection/P01/current/ADEPZZ01/,4.9,300,1,0,https://api.linked-systems.uk/api/schema-org/dataset/2148744,
2048811,urn:gleaner.io:oih:bodc:data:5f0e8d03748145dd8324c085b3ba9d8676cd4b01,tier1,True,False,DepBelowSurf,https://vocab.nerc.ac.uk/collection/P01/current/ADEPZZ01/,12.4,4755.9,1,0,https://api.linked-systems.uk/api/schema-org/dataset/2048811,
1346951,urn:gleaner.io:oih:bodc:data:d7fbed7cf735c87fe6aed8d49693d1c58203dd18,none,False,False,,,,,0,0,https://api.linked-systems.uk/api/schema-org/dataset/1346951,
2107646,urn:gleaner.io:oih:bodc:data:e73cdf882ca1646e09a3aa76de6b4510fab196ac,tier1,True,False,DepBelowSurf,https://vocab.nerc.ac.uk/collection/P01/current/ADEPZZ01/,25,200,1,0,https://api.linked-systems.uk/api/schema-org/dataset/2107646,
1880674,urn:gleaner.io:oih:bodc:data:04bb51746e3d4a088bb5d649ad3433c19195ec09,none,False,False,,,,,0,0,https://api.linked-systems.uk/api/schema-org/dataset/1880674,
2148086,urn:gleaner.io:oih:bodc:data:84762f5a9b67f07dbd459f10f1dcc9e8cb356663,none,False,False,,,,,0,0,https://api.linked-systems.uk/api/schema-org/dataset/2148086,
1874343,urn:gleaner.io:oih:bodc:data:957bd478a467f81bc6b6b7606000b8a6dbfd0de8,tier1,True,False,DepBelowSurf,https://vocab.nerc.ac.uk/collection/P01/current/ADEPZZ01/,5,100,1,0,https://api.linked-systems.uk/api/schema-org/dataset/1874343,
2001717,urn:gleaner.io:oih:bodc:data:2402b9c9dfbd99bde970ef3cf74782ad77002eaa,tier1,True,False,DepBelowSurf,https://vocab.nerc.ac.uk/collection/P01/current/ADEPZZ01/,9.7,4729.6,1,0,https://api.linked-systems.uk/api/schema-org/dataset/2001717,
2148086,urn:gleaner.io:oih:bodc:data:824e6c682ca8479dffb9e5047187aa93dc076383,tier1,True,False,DepBelowSurf,https://vocab.nerc.ac.uk/collection/P01/current/ADEPZZ01/,5.8,300.9,1,0,https://api.linked-systems.uk/api/schema-org/dataset/2148086,
1177554,urn:gleaner.io:oih:bodc:data:7b80224d1f0ac63a32dc07b1a05f176c4dc210cf,none,False,False,,,,,0,0,https://api.linked-systems.uk/api/schema-org/dataset/1177554,
1177959,urn:gleaner.io:oih:bodc:data:d72ba03b8f2746cf515cacc5a2b5fc57f2546535,none,False,False,,,,,0,0,https://api.linked-systems.uk/api/schema-org/dataset/1177959,
1347118,urn:gleaner.io:oih:bodc:data:d9106f5f498ea921a4a8966c812231734d971739,tier1,True,False,DepBelowSurf,https://vocab.nerc.ac.uk/collection/P01/current/ADEPZZ01/,4.4,100.5,1,0,https://api.linked-systems.uk/api/schema-org/dataset/1347118,
1928047,urn:gleaner.io:oih:bodc:data:bb287db3eb64cf1efeae076c399908453854ab7e,none,False,False,,,,,0,0,https://api.linked-systems.uk/api/schema-org/dataset/1928047,
1927867,urn:gleaner.io:oih:bodc:data:e89ce3f0170965fca417bf01ee68d0ce01993305,none,False,False,,,,,0,0,https://api.linked-systems.uk/api/schema-org/dataset/1927867,
1879600,urn:gleaner.io:oih:bodc:data:f9a56630e2d9c9e1af86cf85758895d11e1aa709,tier1,True,False,DepBelowSurf,https://vocab.nerc.ac.uk/collection/P01/current/ADEPZZ01/,,,1,0,https://api.linked-systems.uk/api/schema-org/dataset/1879600,
2107726,urn:gleaner.io:oih:bodc:data:2323bb09180ef87d4457b3f8e352658343fd674e,tier1,True,False,DepBelowSurf,https://vocab.nerc.ac.uk/collection/P01/current/ADEPZZ01/,15,65,1,0,https://api.linked-systems.uk/api/schema-org/dataset/2107726,
2138762,urn:gleaner.io:oih:bodc:data:693ed90e2bb05689d0a9728dcb1273b3257d3e2f,tier1,True,False,DepBelowSurf,https://vocab.nerc.ac.uk/collection/P01/current/ADEPZZ01/,10,100.1,1,0,https://api.linked-systems.uk/api/schema-org/dataset/2138762,
1874251,urn:gleaner.io:oih:bodc:data:137abcb0d26ba8290005f3d2fc6b13077e7ecd79,none,False,False,,,,,0,0,https://api.linked-systems.uk/api/schema-org/dataset/1874251,
1928096,urn:gleaner.io:oih:bodc:data:5c2389a38d41fea23832c5f84e940901ba56afea,tier1,True,False,DepBelowSurf,https://vocab.nerc.ac.uk/collection/P01/current/ADEPZZ01/,25.9,81,1,0,https://api.linked-systems.uk/api/schema-org/dataset/1928096,
2148399,urn:gleaner.io:oih:bodc:data:b6817691438039abcd5f39b405b649dde5021089,none,False,False,,,,,0,0,https://api.linked-systems.uk/api/schema-org/dataset/2148399,
2014709,urn:gleaner.io:oih:bodc:data:e502bb2089dcd7476b1a3865c4e7d46db258461c,none,False,False,,,,,0,0,https://api.linked-systems.uk/api/schema-org/dataset/2014709,
2046158,urn:gleaner.io:oih:bodc:data:4ef9bb4fc7ddb0a05990a8f77bce420b39ac04f4,none,False,False,,,,,0,0,https://api.linked-systems.uk/api/schema-org/dataset/2046158,
1879612,urn:gleaner.io:oih:bodc:data:fd743a30d3156a7ba4cfc40f246268b029f0e38a,none,False,False,,,,,0,0,https://api.linked-systems.uk/api/schema-org/dataset/1879612,
1759972,urn:gleaner.io:oih:bodc:data:1ce2a81857750f80ca18497d3fa11766e4043aae,none,False,False,,,,,0,0,https://api.linked-systems.uk/api/schema-org/dataset/1759972,
1989632,urn:gleaner.io:oih:bodc:data:1bff33174506ae9b77bc160fd01c2b55e67bacb1,none,False,False,,,,,0,0,https://api.linked-systems.uk/api/schema-org/dataset/1989632,
2148399,urn:gleaner.io:oih:bodc:data:40491670792f607292085412db1d1a253cbd97e2,none,False,False,,,,,0,0,https://api.linked-systems.uk/api/schema-org/dataset/2148399,
2148848,urn:gleaner.io:oih:bodc:data:5b9e641b321f99f6eb9492b43cf94dda46f836de,tier1,True,False,DepBelowSurf,https://vocab.nerc.ac.uk/collection/P01/current/ADEPZZ01/,6.4,300,1,0,https://api.linked-systems.uk/api/schema-org/dataset/2148848,
1226230,urn:gleaner.io:oih:bodc:data:b8bab051cbbf4fafc9dd9f92cccf6dff71ea3c2b,tier_instrument,False,True,,,,,0,0,https://api.linked-systems.uk/api/schema-org/dataset/1226230,
1347038,urn:gleaner.io:oih:bodc:data:229afe146bf2ef2d52b32ac18ea951d4f9f95f11,none,False,False,,,,,0,0,https://api.linked-systems.uk/api/schema-org/dataset/1347038,
2107566,urn:gleaner.io:oih:bodc:data:d6512fbdd06d9b3aa384eb0c010cc7f5a7aff4f8,tier1,True,False,DepBelowSurf,https://vocab.nerc.ac.uk/collection/P01/current/ADEPZZ01/,5.6,4796.6,1,0,https://api.linked-systems.uk/api/schema-org/dataset/2107566,
2148271,urn:gleaner.io:oih:bodc:data:0b00c005fa426a4f7b7b13649eae3cf0ddcb1842,none,False,False,,,,,0,0,https://api.linked-systems.uk/api/schema-org/dataset/2148271,
1816936,urn:gleaner.io:oih:bodc:data:33be87ec1bd0541013fbb103b554970f94f2f358,none,False,False,,,,,0,0,https://api.linked-systems.uk/api/schema-org/dataset/1816936,
1177591,urn:gleaner.io:oih:bodc:data:2bc4daa2cca8d4f5abc6743add1619f22ea0e5ca,none,False,False,,,,,0,0,https://api.linked-systems.uk/api/schema-org/dataset/1177591,
1177996,urn:gleaner.io:oih:bodc:data:1a30b11971f8cdba616f992782cb7a67fd737e03,none,False,False,,,,,0,0,https://api.linked-systems.uk/api/schema-org/dataset/1177996,
1225816,urn:gleaner.io:oih:bodc:data:1c097a95804addba441490e31b7dbc2b6b2f123c,none,False,False,,,,,0,0,https://api.linked-systems.uk/api/schema-org/dataset/1225816,
1346883,urn:gleaner.io:oih:bodc:data:59aa824c5f9bddf353384cf97a926552b8cf9d90,tier1,True,False,DepBelowSurf,https://vocab.nerc.ac.uk/collection/P01/current/ADEPZZ01/,11.9,499.5,1,0,https://api.linked-systems.uk/api/schema-org/dataset/1346883,
2148025,urn:gleaner.io:oih:bodc:data:184326e70a584bc983c9c6618c956a604c4b12bf,tier1,True,False,DepBelowSurf,https://vocab.nerc.ac.uk/collection/P01/current/ADEPZZ01/,7.3,301.2,1,0,https://api.linked-systems.uk/api/schema-org/dataset/2148025,
1928047,urn:gleaner.io:oih:bodc:data:77c8a92cd5a18b8936dbc5ce3675f658aec9e4e8,tier1,True,False,DepBelowSurf,https://vocab.nerc.ac.uk/collection/P01/current/ADEPZZ01/,70.2,497.7,1,0,https://api.linked-systems.uk/api/schema-org/dataset/1928047,
2046306,urn:gleaner.io:oih:bodc:data:45cadd575c18e1f764f8089e1bd8549372da9e6f,none,False,False,,,,,0,0,https://api.linked-systems.uk/api/schema-org/dataset/2046306,
1989681,urn:gleaner.io:oih:bodc:data:b53502abb20088b01dd9e5ed60925f6f8c37c819,tier1,True,False,DepBelowSurf,https://vocab.nerc.ac.uk/collection/P01/current/ADEPZZ01/,10,100.4,1,0,https://api.linked-systems.uk/api/schema-org/dataset/1989681,
1177609,urn:gleaner.io:oih:bodc:data:30b4fa9a33e9484348906584b0b6038d3fee254b,none,False,False,,,,,0,0,https://api.linked-systems.uk/api/schema-org/dataset/1177609,
2115818,urn:gleaner.io:oih:bodc:data:fb4c21e408838e1aa7528f300a8f85705d69893f,tier1,True,False,DepBelowSurf,https://vocab.nerc.ac.uk/collection/P01/current/ADEPZZ01/,5,4827.9,1,0,https://api.linked-systems.uk/api/schema-org/dataset/2115818,
2115855,urn:gleaner.io:oih:bodc:data:9060e10abd5d7985340ed927fe12593abdb8e400,none,False,False,,,,,0,0,https://api.linked-systems.uk/api/schema-org/dataset/2115855,
2119033,urn:gleaner.io:oih:bodc:data:5a3a80e0b725d139852fd4ad1377f0056ce721bf,none,False,False,,,,,0,0,https://api.linked-systems.uk/api/schema-org/dataset/2119033,
2119045,urn:gleaner.io:oih:bodc:data:da4ff41f60cf95f525ec954e1aafc80a0e5ffb93,tier1,True,False,DepBelowSurf,https://vocab.nerc.ac.uk/collection/P01/current/ADEPZZ01/,10.5,2495.3,1,0,https://api.linked-systems.uk/api/schema-org/dataset/2119045,
2148246,urn:gleaner.io:oih:bodc:data:275c0d53e0c58da36378da199efa95c75d641730,tier1,True,False,DepBelowSurf,https://vocab.nerc.ac.uk/collection/P01/current/ADEPZZ01/,25.3,300.3,1,0,https://api.linked-systems.uk/api/schema-org/dataset/2148246,
1916870,urn:gleaner.io:oih:bodc:data:1a196744a538e4b987f045ae431952792a1f7cb3,none,False,False,,,,,0,0,https://api.linked-systems.uk/api/schema-org/dataset/1916870,
2046380,urn:gleaner.io:oih:bodc:data:64bd3d98345dc9e85397ddfd490fdab44b630290,tier1,True,False,DepBelowSurf,https://vocab.nerc.ac.uk/collection/P01/current/ADEPZZ01/,13.1,825.8,1,0,https://api.linked-systems.uk/api/schema-org/dataset/2046380,
2138701,urn:gleaner.io:oih:bodc:data:1eb95e9044e2d4d8aac95a3145f6524191dccc85,none,False,False,,,,,0,0,https://api.linked-systems.uk/api/schema-org/dataset/2138701,
1170948,urn:gleaner.io:oih:bodc:data:51ff6d755e4d95fbf891da08fa77967109958050,tier2,False,False,BinDep,https://vocab.nerc.ac.uk/collection/P01/current/DBINAA01/,11,407,0,1,https://api.linked-systems.uk/api/schema-org/dataset/1170948,
1880822,urn:gleaner.io:oih:bodc:data:721e4a3dae04c2c10b33fccb81a520cba9c8e804,none,False,False,,,,,0,0,https://api.linked-systems.uk/api/schema-org/dataset/1880822,
2148615,urn:gleaner.io:oih:bodc:data:47ba976f7fd22610aeb4c0c3382acc4c3c42ac79,none,False,False,,,,,0,0,https://api.linked-systems.uk/api/schema-org/dataset/2148615,
1874331,urn:gleaner.io:oih:bodc:data:289ef29e7d3f0021a60db244a7325dafa34b1dcf,none,False,False,,,,,0,0,https://api.linked-systems.uk/api/schema-org/dataset/1874331,
2148209,urn:gleaner.io:oih:bodc:data:647552b398eb61be2e11676803c9636651c7b639,tier1,True,False,DepBelowSurf,https://vocab.nerc.ac.uk/collection/P01/current/ADEPZZ01/,5,300,1,0,https://api.linked-systems.uk/api/schema-org/dataset/2148209,
2074701,urn:gleaner.io:oih:bodc:data:746316106c7c7f16ca8d92d33e772df22c73b6c2,none,False,False,,,,,0,0,https://api.linked-systems.uk/api/schema-org/dataset/2074701,
2074725,urn:gleaner.io:oih:bodc:data:a24486b6d71da4d5585874aaf015471ffa9f5c2e,none,False,False,,,,,0,0,https://api.linked-systems.uk/api/schema-org/dataset/2074725,
2148338,urn:gleaner.io:oih:bodc:data:a7689f352743f68021937a2ea949acb440d2b154,none,False,False,,,,,0,0,https://api.linked-systems.uk/api/schema-org/dataset/2148338,
1170752,urn:gleaner.io:oih:bodc:data:c076d84d683a8d913bdf76d6874ec015ce41a69a,tier2,False,False,BinDep,https://vocab.nerc.ac.uk/collection/P01/current/DBINAA01/,11,407,0,1,https://api.linked-systems.uk/api/schema-org/dataset/1170752,
1346975,urn:gleaner.io:oih:bodc:data:cabe159cf09976cba03c8e7e555f26cb0b43860f,tier1,True,False,DepBelowSurf,https://vocab.nerc.ac.uk/collection/P01/current/ADEPZZ01/,6.3,998.6,1,0,https://api.linked-systems.uk/api/schema-org/dataset/1346975,
1170924,urn:gleaner.io:oih:bodc:data:c6da9a276bb8f16ceb6a35c0d680d605e00cd6f3,tier2,False,False,BinDep,https://vocab.nerc.ac.uk/collection/P01/current/DBINAA01/,11,407,0,1,https://api.linked-systems.uk/api/schema-org/dataset/1170924,
2148105,urn:gleaner.io:oih:bodc:data:a4406a64fbbdbed37396c689bed70a54ad40e18c,tier1,True,False,DepBelowSurf,https://vocab.nerc.ac.uk/collection/P01/current/ADEPZZ01/,6.3,301,1,0,https://api.linked-systems.uk/api/schema-org/dataset/2148105,
1226057,urn:gleaner.io:oih:bodc:data:ea8bfc735186c6740948da6ca01a1b50bf3b130a,tier_instrument,False,True,,,,,0,0,https://api.linked-systems.uk/api/schema-org/dataset/1226057,
1928139,urn:gleaner.io:oih:bodc:data:cf55691665c9aede0e7d95573cc60635b7f94b59,tier1,True,False,DepBelowSurf,https://vocab.nerc.ac.uk/collection/P01/current/ADEPZZ01/,5.6,430.8,1,0,https://api.linked-systems.uk/api/schema-org/dataset/1928139,
1903797,urn:gleaner.io:oih:bodc:data:2e34e4aef7a19032eecec5f5ac7df71189afb447,none,False,False,,,,,0,0,https://api.linked-systems.uk/api/schema-org/dataset/1903797,
2026907,urn:gleaner.io:oih:bodc:data:0cd6da2e6520a3751edf649ab61ef920aab9f383,tier2,False,False,SFPG,https://vocab.nerc.ac.uk/collection/P01/current/DEPHFP01/,,,0,1,https://api.linked-systems.uk/api/schema-org/dataset/2026907,
2004217,urn:gleaner.io:oih:bodc:data:f23f85cd5d128dee4e5a2806d7efa840a7a1798e,tier1,True,False,DepBelowSurf,https://vocab.nerc.ac.uk/collection/P01/current/ADEPZZ01/,8.2,4734.6,1,0,https://api.linked-systems.uk/api/schema-org/dataset/2004217,
2004101,urn:gleaner.io:oih:bodc:data:468d1eb2c1afe97b8add9ae146b6869fc0221932,none,False,False,,,,,0,0,https://api.linked-systems.uk/api/schema-org/dataset/2004101,
1759984,urn:gleaner.io:oih:bodc:data:c72279c11d60d05b31ab86f382d3ae23393061bf,none,False,False,,,,,0,0,https://api.linked-systems.uk/api/schema-org/dataset/1759984,
888181,urn:gleaner.io:oih:bodc:data:1533017bf576636b7a105d4bee61384630a55558,none,False,False,,,,,0,0,https://api.linked-systems.uk/api/schema-org/dataset/888181,
2073617,urn:gleaner.io:oih:bodc:data:7152ff38814bc778b8ec1ead0b234f8d4e200c78,none,False,False,,,,,0,0,https://api.linked-systems.uk/api/schema-org/dataset/2073617,
1927879,urn:gleaner.io:oih:bodc:data:abf1b64f03f588b82841eb70011880b2eb7a4ddb,none,False,False,,,,,0,0,https://api.linked-systems.uk/api/schema-org/dataset/1927879,
1880717,urn:gleaner.io:oih:bodc:data:3a091bf6aba69758bf2fb2479f46879bf6af65c7,tier1,True,False,DepBelowSurf,https://vocab.nerc.ac.uk/collection/P01/current/ADEPZZ01/,6,200,1,0,https://api.linked-systems.uk/api/schema-org/dataset/1880717,
1778785,urn:gleaner.io:oih:bodc:data:b35ee50899018defba48026203ff888953e364ac,none,False,False,,,,,0,0,https://api.linked-systems.uk/api/schema-org/dataset/1778785,
1170788,urn:gleaner.io:oih:bodc:data:8c30ebad684db5655389dd8756442b74b194b5e5,tier2,False,False,BinDep,https://vocab.nerc.ac.uk/collection/P01/current/DBINAA01/,11,407,0,1,https://api.linked-systems.uk/api/schema-org/dataset/1170788,
1880717,urn:gleaner.io:oih:bodc:data:ef3e377e9ff3f4ae7fb2257e390f970b07f4f122,tier1,True,False,DepBelowSurf,https://vocab.nerc.ac.uk/collection/P01/current/ADEPZZ01/,6,200,1,0,https://api.linked-systems.uk/api/schema-org/dataset/1880717,
2027831,urn:gleaner.io:oih:bodc:data:90b7ea9df5ad1d872fac2ead7281b4522c2783fe,tier2,False,False,SFPG,https://vocab.nerc.ac.uk/collection/P01/current/DEPHFP01/,,,0,1,https://api.linked-systems.uk/api/schema-org/dataset/2027831,
1177486,urn:gleaner.io:oih:bodc:data:cfb5d8d248c4572a1d8b0a677ab081230450db64,none,False,False,,,,,0,0,https://api.linked-systems.uk/api/schema-org/dataset/1177486,
2074682,urn:gleaner.io:oih:bodc:data:f63a1e37fd64d383fffdd0fdbf1323ee496d39bc,tier_instrument,False,True,,,,,0,0,https://api.linked-systems.uk/api/schema-org/dataset/2074682,
1839394,urn:gleaner.io:oih:bodc:data:c3ee4685b61496abff5f0273ed50c891a7070834,none,False,False,,,,,0,0,https://api.linked-systems.uk/api/schema-org/dataset/1839394,
2148873,urn:gleaner.io:oih:bodc:data:9eb20843ec436dfeae1ff0247c1968f55d6a93e4,none,False,False,,,,,0,0,https://api.linked-systems.uk/api/schema-org/dataset/2148873,
1880730,urn:gleaner.io:oih:bodc:data:e1843fb7e4521110dd7bfd143be37180a3154ec5,none,False,False,,,,,0,0,https://api.linked-systems.uk/api/schema-org/dataset/1880730,
1874380,urn:gleaner.io:oih:bodc:data:f90ef4fae7b8668c1f43ef2393526fd10a88051f,tier1,True,False,DepBelowSurf,https://vocab.nerc.ac.uk/collection/P01/current/ADEPZZ01/,7,4822,1,0,https://api.linked-systems.uk/api/schema-org/dataset/1874380,
1816715,urn:gleaner.io:oih:bodc:data:c0bd803b422c12569362d5581f76f86fe6c1d2fe,tier2,False,False,Start_depth,https://vocab.nerc.ac.uk/collection/P01/current/DEPHPRST/,0.99,104.08,0,1,https://api.linked-systems.uk/api/schema-org/dataset/1816715,
1927984,urn:gleaner.io:oih:bodc:data:e8f088b23f71e679692cadc6ba318fee269a7674,tier1,True,False,DepBelowSurf,https://vocab.nerc.ac.uk/collection/P01/current/ADEPZZ01/,11.5,497.5,1,0,https://api.linked-systems.uk/api/schema-org/dataset/1927984,
2046355,urn:gleaner.io:oih:bodc:data:02f55835ea4da777fa186f5e005325d25e74b3f8,none,False,False,,,,,0,0,https://api.linked-systems.uk/api/schema-org/dataset/2046355,
1177947,urn:gleaner.io:oih:bodc:data:408c9c7918545572aae5789adb8bd530940ea9dd,none,False,False,,,,,0,0,https://api.linked-systems.uk/api/schema-org/dataset/1177947,
1880810,urn:gleaner.io:oih:bodc:data:b7f1a5fac8f43a1ed603b94e1e5fa0dc77a516d5,none,False,False,,,,,0,0,https://api.linked-systems.uk/api/schema-org/dataset/1880810,
2153513,urn:gleaner.io:oih:bodc:data:edbcba76a88f87a0926e7be411e0a1125dd283b4,tier1,True,False,DepBelowSurf,https://vocab.nerc.ac.uk/collection/P01/current/ADEPZZ01/,50,4810,1,0,https://api.linked-systems.uk/api/schema-org/dataset/2153513,
2107658,urn:gleaner.io:oih:bodc:data:c03d7513cffbd4396226d722edbe99b915b9e8c0,none,False,False,,,,,0,0,https://api.linked-systems.uk/api/schema-org/dataset/2107658,
2004162,urn:gleaner.io:oih:bodc:data:5dc9093e3ba2a2a3cff64709bcb45aaebc63035d,tier1,True,False,DepBelowSurf,https://vocab.nerc.ac.uk/collection/P01/current/ADEPZZ01/,9.4,4733,1,0,https://api.linked-systems.uk/api/schema-org/dataset/2004162,
1350765,urn:gleaner.io:oih:bodc:data:f74240880bed299363d9e4d087ba82def1d12551,tier1,True,False,DepBelowSurf,https://vocab.nerc.ac.uk/collection/P01/current/ADEPZZ01/,6.3,38,1,0,https://api.linked-systems.uk/api/schema-org/dataset/1350765,
1874392,urn:gleaner.io:oih:bodc:data:85ab22f1c0cf9b13589bf3e86f8651571aaa5032,tier1,True,False,DepBelowSurf,https://vocab.nerc.ac.uk/collection/P01/current/ADEPZZ01/,5,100,1,0,https://api.linked-systems.uk/api/schema-org/dataset/1874392,
2012997,urn:gleaner.io:oih:bodc:data:b522aced81a953c1f9f40aecfe8834893a8f2573,tier_instrument,False,True,,,,,0,0,https://api.linked-systems.uk/api/schema-org/dataset/2012997,
2014710,urn:gleaner.io:oih:bodc:data:f3599da95bdf1a93394d7842b51cfba316382d64,none,False,False,,,,,0,0,https://api.linked-systems.uk/api/schema-org/dataset/2014710,
2143383,urn:gleaner.io:oih:bodc:data:2e42c4a680e20e46b6f33521ec1a46c16ed83859,none,False,False,,,,,0,0,https://api.linked-systems.uk/api/schema-org/dataset/2143383,
1929002,urn:gleaner.io:oih:bodc:data:47507cff55538d3de3f33fa34da2fcf985273382,tier1,True,False,DepBelowSurf,https://vocab.nerc.ac.uk/collection/P01/current/ADEPZZ01/,5,104.1,1,0,https://api.linked-systems.uk/api/schema-org/dataset/1929002,
2148652,urn:gleaner.io:oih:bodc:data:556b2c473a858e88cbf79a16cd7a8e53f1dd2acb,none,False,False,,,,,0,0,https://api.linked-systems.uk/api/schema-org/dataset/2148652,
1177505,urn:gleaner.io:oih:bodc:data:9776875b234bc28aac2e80808271304e6124029a,none,False,False,,,,,0,0,https://api.linked-systems.uk/api/schema-org/dataset/1177505,
2046299,urn:gleaner.io:oih:bodc:data:6c7fe7444891a9f1d4d33cdc9dfddd0b609fa8f2,none,False,False,,,,,0,0,https://api.linked-systems.uk/api/schema-org/dataset/2046299,
1171012,urn:gleaner.io:oih:bodc:data:163c52e1f96fc3177d7be10129e5a0cff87aed86,tier2,False,False,BinDep,https://vocab.nerc.ac.uk/collection/P01/current/DBINAA01/,11,407,0,1,https://api.linked-systems.uk/api/schema-org/dataset/1171012,
1927892,urn:gleaner.io:oih:bodc:data:4d731a089e35028fb3b1f5453ccc42231d4b1d4d,none,False,False,,,,,0,0,https://api.linked-systems.uk/api/schema-org/dataset/1927892,
2148707,urn:gleaner.io:oih:bodc:data:c90c35ab0d988805994cc3d7fdd9c11e2eec58e2,tier1,True,False,DepBelowSurf,https://vocab.nerc.ac.uk/collection/P01/current/ADEPZZ01/,4.7,300.7,1,0,https://api.linked-systems.uk/api/schema-org/dataset/2148707,
2153513,urn:gleaner.io:oih:bodc:data:7c6ee133cf5600b40315473ec3b557c1a94a477b,tier1,True,False,DepBelowSurf,https://vocab.nerc.ac.uk/collection/P01/current/ADEPZZ01/,50,4810,1,0,https://api.linked-systems.uk/api/schema-org/dataset/2153513,
2004162,urn:gleaner.io:oih:bodc:data:a83c3d9f2ca1a5430b432c963f0be90d30d1988c,tier1,True,False,DepBelowSurf,https://vocab.nerc.ac.uk/collection/P01/current/ADEPZZ01/,9.4,4733,1,0,https://api.linked-systems.uk/api/schema-org/dataset/2004162,
1177369,urn:gleaner.io:oih:bodc:data:d6605fc29704e6cf09062ddfe261a054acddf8fd,none,False,False,,,,,0,0,https://api.linked-systems.uk/api/schema-org/dataset/1177369,
2148873,urn:gleaner.io:oih:bodc:data:40d8627cc918f7867b942bc29d5c4d9dcf418339,none,False,False,,,,,0,0,https://api.linked-systems.uk/api/schema-org/dataset/2148873,
1928035,urn:gleaner.io:oih:bodc:data:7b1c3f27df51710f6dbeb43c707eb890db54096c,tier1,True,False,DepBelowSurf,https://vocab.nerc.ac.uk/collection/P01/current/ADEPZZ01/,11.3,51.9,1,0,https://api.linked-systems.uk/api/schema-org/dataset/1928035,
1816820,urn:gleaner.io:oih:bodc:data:7d9fa2863c1c7b3232c9cfcfcead7bf09ed6582c,tier2,False,False,Start_depth,https://vocab.nerc.ac.uk/collection/P01/current/DEPHPRST/,0.99,102.1,0,1,https://api.linked-systems.uk/api/schema-org/dataset/1816820,
1177530,urn:gleaner.io:oih:bodc:data:d98eaa3f3df976bfb03a00849b1e0c114615fc03,none,False,False,,,,,0,0,https://api.linked-systems.uk/api/schema-org/dataset/1177530,
1226094,urn:gleaner.io:oih:bodc:data:d43183eaf5089e741e3b6ab7af0ff4a2c99844a9,none,False,False,,,,,0,0,https://api.linked-systems.uk/api/schema-org/dataset/1226094,
1916857,urn:gleaner.io:oih:bodc:data:ade67a3b0bfa33c3a42aed6e4300c359c486f00d,tier1,True,False,DepBelowSurf,https://vocab.nerc.ac.uk/collection/P01/current/ADEPZZ01/,5,4827.9,1,0,https://api.linked-systems.uk/api/schema-org/dataset/1916857,
2014678,urn:gleaner.io:oih:bodc:data:675f0b1be48026c04ea635b7d44660b35a387c51,none,False,False,,,,,0,0,https://api.linked-systems.uk/api/schema-org/dataset/2014678,
2014980,urn:gleaner.io:oih:bodc:data:3255687e38137fce32fe436b3661bb4f094a5bb5,none,False,False,,,,,0,0,https://api.linked-systems.uk/api/schema-org/dataset/2014980,
2148535,urn:gleaner.io:oih:bodc:data:48245703efa6e6ace9620a689cd9b0185ac655f0,none,False,False,,,,,0,0,https://api.linked-systems.uk/api/schema-org/dataset/2148535,
2148480,urn:gleaner.io:oih:bodc:data:0c9c25fbe91c0f31c052dbec35ce968996a3d50b,tier1,True,False,DepBelowSurf,https://vocab.nerc.ac.uk/collection/P01/current/ADEPZZ01/,6.7,301.4,1,0,https://api.linked-systems.uk/api/schema-org/dataset/2148480,
1989693,urn:gleaner.io:oih:bodc:data:c6c368459bdf2ccd1be700b8530269790c5ac6fe,none,False,False,,,,,0,0,https://api.linked-systems.uk/api/schema-org/dataset/1989693,
1929002,urn:gleaner.io:oih:bodc:data:cf37ce78492a66bc1cb9ee89de0721cb3a11ceef,tier1,True,False,DepBelowSurf,https://vocab.nerc.ac.uk/collection/P01/current/ADEPZZ01/,5,104.1,1,0,https://api.linked-systems.uk/api/schema-org/dataset/1929002,
2107683,urn:gleaner.io:oih:bodc:data:6ad75728b251c5cfd1dc1b8ad7dbab5329fc307d,none,False,False,,,,,0,0,https://api.linked-systems.uk/api/schema-org/dataset/2107683,
2107646,urn:gleaner.io:oih:bodc:data:bd815a759f857c7cc557f5e21b08d699a594332d,tier1,True,False,DepBelowSurf,https://vocab.nerc.ac.uk/collection/P01/current/ADEPZZ01/,25,200,1,0,https://api.linked-systems.uk/api/schema-org/dataset/2107646,
1916857,urn:gleaner.io:oih:bodc:data:f71c4d299cb8675bdf160292a181531b69226b5e,none,False,False,,,,,0,0,https://api.linked-systems.uk/api/schema-org/dataset/1916857,
2051738,urn:gleaner.io:oih:bodc:data:52943b87312d9bb0ec56fb4a45003a31d4e1a31d,tier1,True,False,DepBelowSurf,https://vocab.nerc.ac.uk/collection/P01/current/ADEPZZ01/,9.2,302.4,1,0,https://api.linked-systems.uk/api/schema-org/dataset/2051738,
1927960,urn:gleaner.io:oih:bodc:data:6b5e02556f9e4c50452986e61854121cb540a89c,tier1,True,False,DepBelowSurf,https://vocab.nerc.ac.uk/collection/P01/current/ADEPZZ01/,5,101,1,0,https://api.linked-systems.uk/api/schema-org/dataset/1927960,
1226137,urn:gleaner.io:oih:bodc:data:5ce1a6a33de4e213c5899826f7df312e5eeb0540,none,False,False,,,,,0,0,https://api.linked-systems.uk/api/schema-org/dataset/1226137,
1927923,urn:gleaner.io:oih:bodc:data:5e450e3a3e37b4bb4a45fdd61b3bac3318ee2ba0,none,False,False,,,,,0,0,https://api.linked-systems.uk/api/schema-org/dataset/1927923,
2148652,urn:gleaner.io:oih:bodc:data:60d3101f8fa655e9ca9bf4e31ecb3c314eaa6676,tier1,True,False,DepBelowSurf,https://vocab.nerc.ac.uk/collection/P01/current/ADEPZZ01/,5.9,301,1,0,https://api.linked-systems.uk/api/schema-org/dataset/2148652,
2148406,urn:gleaner.io:oih:bodc:data:52a55e0cf7dc25e95c8839459c411517d14fe3bc,tier1,True,False,DepBelowSurf,https://vocab.nerc.ac.uk/collection/P01/current/ADEPZZ01/,4.9,99.4,1,0,https://api.linked-systems.uk/api/schema-org/dataset/2148406,
2111830,urn:gleaner.io:oih:bodc:data:1fcb3a7e6726be31393865466b6b324ee6b3d11d,tier1,True,False,DepBelowSurf,https://vocab.nerc.ac.uk/collection/P01/current/ADEPZZ01/,5.6,4796.6,1,0,https://api.linked-systems.uk/api/schema-org/dataset/2111830,
1916870,urn:gleaner.io:oih:bodc:data:303e74060298e0fc7f60e945da42e8d1af0d2f58,tier1,True,False,DepBelowSurf,https://vocab.nerc.ac.uk/collection/P01/current/ADEPZZ01/,35,2007.1,1,0,https://api.linked-systems.uk/api/schema-org/dataset/1916870,
1225865,urn:gleaner.io:oih:bodc:data:cdd4e6921d6860a867aea239f87fa6f3140a7346,none,False,False,,,,,0,0,https://api.linked-systems.uk/api/schema-org/dataset/1225865,
1177702,urn:gleaner.io:oih:bodc:data:337b774c209f8a446091b0cc369c37ec6c9ac79a,none,False,False,,,,,0,0,https://api.linked-systems.uk/api/schema-org/dataset/1177702,
2148314,urn:gleaner.io:oih:bodc:data:674ebae101c17030277bb443910f6bb7a884745a,none,False,False,,,,,0,0,https://api.linked-systems.uk/api/schema-org/dataset/2148314,
2148129,urn:gleaner.io:oih:bodc:data:d39e8b26b2aff27ff427bd294568f5098ce8dee9,none,False,False,,,,,0,0,https://api.linked-systems.uk/api/schema-org/dataset/2148129,
1927923,urn:gleaner.io:oih:bodc:data:261f1b71847d82bb198f7b988eb725ad7596117e,tier1,True,False,DepBelowSurf,https://vocab.nerc.ac.uk/collection/P01/current/ADEPZZ01/,2,150,1,0,https://api.linked-systems.uk/api/schema-org/dataset/1927923,
1929075,urn:gleaner.io:oih:bodc:data:4a4b8c35439f85152fe2f1f8c0de9a8a3da3307d,none,False,False,,,,,0,0,https://api.linked-systems.uk/api/schema-org/dataset/1929075,
2107831,urn:gleaner.io:oih:bodc:data:6a7d9b03a3ea116475d2bde4688108e74e5c6168,none,False,False,,,,,0,0,https://api.linked-systems.uk/api/schema-org/dataset/2107831,
888168,urn:gleaner.io:oih:bodc:data:8b903003e1cbc693e0478c38625d327930fa467a,none,False,False,,,,,0,0,https://api.linked-systems.uk/api/schema-org/dataset/888168,
1759947,urn:gleaner.io:oih:bodc:data:b7e951a087c2ea8a66e788c6961325b3d6860b1a,none,False,False,,,,,0,0,https://api.linked-systems.uk/api/schema-org/dataset/1759947,
1839394,urn:gleaner.io:oih:bodc:data:e5b8732e583bc1c535657e042f8a6cb8a376d34e,none,False,False,,,,,0,0,https://api.linked-systems.uk/api/schema-org/dataset/1839394,
1225945,urn:gleaner.io:oih:bodc:data:da44b548b3ca0f75bce455c58b72dcf833a426aa,tier_instrument,False,True,,,,,0,0,https://api.linked-systems.uk/api/schema-org/dataset/1225945,
1347099,urn:gleaner.io:oih:bodc:data:fa0841fc377528708eed10f76dd0dd63b4ff39bf,tier1,True,False,DepBelowSurf,https://vocab.nerc.ac.uk/collection/P01/current/ADEPZZ01/,5.4,997.6,1,0,https://api.linked-systems.uk/api/schema-org/dataset/1347099,
1839425,urn:gleaner.io:oih:bodc:data:172d1faa1eac52604ad53c5cb9f063dd3e59ae5f,none,False,False,,,,,0,0,https://api.linked-systems.uk/api/schema-org/dataset/1839425,
2111854,urn:gleaner.io:oih:bodc:data:574b53f1a642ebe67d8c554f320e2b094a77be56,tier1,True,False,DepBelowSurf,https://vocab.nerc.ac.uk/collection/P01/current/ADEPZZ01/,10.1,898.1,1,0,https://api.linked-systems.uk/api/schema-org/dataset/2111854,
1225969,urn:gleaner.io:oih:bodc:data:b0d5bf6c790396fc7311449144a908bb477c7346,none,False,False,,,,,0,0,https://api.linked-systems.uk/api/schema-org/dataset/1225969,
1347376,urn:gleaner.io:oih:bodc:data:114d84cdb3cbf46459eba68281192e06fbaca5a6,none,False,False,,,,,0,0,https://api.linked-systems.uk/api/schema-org/dataset/1347376,
1347143,urn:gleaner.io:oih:bodc:data:06ec9175d14f1e226586def54f0d64c43e7e9caa,tier1,True,False,DepBelowSurf,https://vocab.nerc.ac.uk/collection/P01/current/ADEPZZ01/,6,987.8,1,0,https://api.linked-systems.uk/api/schema-org/dataset/1347143,
1927843,urn:gleaner.io:oih:bodc:data:e3972bf65e08ebb484c173208d3cf3a93cebf3f0,none,False,False,,,,,0,0,https://api.linked-systems.uk/api/schema-org/dataset/1927843,
1928059,urn:gleaner.io:oih:bodc:data:7f25048cb7ccb66a1fe616e0c307b8559e5f372d,none,False,False,,,,,0,0,https://api.linked-systems.uk/api/schema-org/dataset/1928059,
1226162,urn:gleaner.io:oih:bodc:data:80fc5e94e18f60c45383d47598a6ee851bc0e268,tier_instrument,False,True,,,,,0,0,https://api.linked-systems.uk/api/schema-org/dataset/1226162,
2115880,urn:gleaner.io:oih:bodc:data:1f5f9fbf306fa89b25dff3c3ba33c9373ffc434b,none,False,False,,,,,0,0,https://api.linked-systems.uk/api/schema-org/dataset/2115880,
1177702,urn:gleaner.io:oih:bodc:data:f35b61bac70177255f30de1b019490ab1af34539,none,False,False,,,,,0,0,https://api.linked-systems.uk/api/schema-org/dataset/1177702,
1177425,urn:gleaner.io:oih:bodc:data:bb6e9313d0dc912ca17058f8675639d9fcfa6757,none,False,False,,,,,0,0,https://api.linked-systems.uk/api/schema-org/dataset/1177425,
1347407,urn:gleaner.io:oih:bodc:data:b3d4b082b3286755bc6f977512f7d099c925aeaa,none,False,False,,,,,0,0,https://api.linked-systems.uk/api/schema-org/dataset/1347407,
2148904,urn:gleaner.io:oih:bodc:data:816f0f8dc19cdc174323b9a7cfed4c64d1e0995c,none,False,False,,,,,0,0,https://api.linked-systems.uk/api/schema-org/dataset/2148904,
1850992,urn:gleaner.io:oih:bodc:data:a03c955582c2b352c6c8cc2f4e51af20bd2c13fd,none,False,False,,,,,0,0,https://api.linked-systems.uk/api/schema-org/dataset/1850992,
2148707,urn:gleaner.io:oih:bodc:data:d4496f4c6e7d8e724b75d7fdded0b253790b2831,none,False,False,,,,,0,0,https://api.linked-systems.uk/api/schema-org/dataset/2148707,
1226229,urn:gleaner.io:oih:bodc:data:df589c5f622ddb84806714dbd366e0047053cf52,tier_instrument,False,True,,,,,0,0,https://api.linked-systems.uk/api/schema-org/dataset/1226229,
1170900,urn:gleaner.io:oih:bodc:data:51347e569884cce8814e6b2c03795952040bba96,tier2,False,False,BinDep,https://vocab.nerc.ac.uk/collection/P01/current/DBINAA01/,11,407,0,1,https://api.linked-systems.uk/api/schema-org/dataset/1170900,
1929014,urn:gleaner.io:oih:bodc:data:d6449bae08b70620e50d0a198ad1ee4490265404,tier1,True,False,DepBelowSurf,https://vocab.nerc.ac.uk/collection/P01/current/ADEPZZ01/,5,4827.9,1,0,https://api.linked-systems.uk/api/schema-org/dataset/1929014,
1927818,urn:gleaner.io:oih:bodc:data:43cefd9e65de252293e15d5f58e8ddf7ab64f003,tier1,True,False,DepBelowSurf,https://vocab.nerc.ac.uk/collection/P01/current/ADEPZZ01/,28,100,1,0,https://api.linked-systems.uk/api/schema-org/dataset/1927818,
1347352,urn:gleaner.io:oih:bodc:data:7fd5e6fcace01dc4693b1299f443ab89eae00cf3,tier1,True,False,DepBelowSurf,https://vocab.nerc.ac.uk/collection/P01/current/ADEPZZ01/,6,151.5,1,0,https://api.linked-systems.uk/api/schema-org/dataset/1347352,
1347167,urn:gleaner.io:oih:bodc:data:c1b72cbdf7ea3a53859952914e07d7c8686019d8,tier1,True,False,DepBelowSurf,https://vocab.nerc.ac.uk/collection/P01/current/ADEPZZ01/,6.6,1000.4,1,0,https://api.linked-systems.uk/api/schema-org/dataset/1347167,
1916901,urn:gleaner.io:oih:bodc:data:5d42dbd0436a34928014c39b2d322fbe37fbffe0,tier1,True,False,DepBelowSurf,https://vocab.nerc.ac.uk/collection/P01/current/ADEPZZ01/,20.6,4826.7,1,0,https://api.linked-systems.uk/api/schema-org/dataset/1916901,
1989712,urn:gleaner.io:oih:bodc:data:1ac25efd6f29f2ad1646ea31e258ccd5c5930828,none,False,False,,,,,0,0,https://api.linked-systems.uk/api/schema-org/dataset/1989712,
2052754,urn:gleaner.io:oih:bodc:data:b258eea49de226c91acee8992c640b02bfe4a4b7,none,False,False,,,,,0,0,https://api.linked-systems.uk/api/schema-org/dataset/2052754,
2014783,urn:gleaner.io:oih:bodc:data:711e02e21fb4a3b7eabd07a6183bd821b2180008,none,False,False,,,,,0,0,https://api.linked-systems.uk/api/schema-org/dataset/2014783,
1874380,urn:gleaner.io:oih:bodc:data:de3259f876576b791daf74cf820c9a73a1c1e2bf,tier1,True,False,DepBelowSurf,https://vocab.nerc.ac.uk/collection/P01/current/ADEPZZ01/,7,4822,1,0,https://api.linked-systems.uk/api/schema-org/dataset/1874380,
1903785,urn:gleaner.io:oih:bodc:data:387c9ac2e6a5aacf1d488ece8589d00a8b30848b,none,False,False,,,,,0,0,https://api.linked-systems.uk/api/schema-org/dataset/1903785,
1170948,urn:gleaner.io:oih:bodc:data:3c4a55ed015c881edd997e22d408ec9a59153443,tier2,False,False,BinDep,https://vocab.nerc.ac.uk/collection/P01/current/DBINAA01/,11,407,0,1,https://api.linked-systems.uk/api/schema-org/dataset/1170948,
1225957,urn:gleaner.io:oih:bodc:data:78e23355f38b1e3adc1d560674d662b4601886db,none,False,False,,,,,0,0,https://api.linked-systems.uk/api/schema-org/dataset/1225957,
2148916,urn:gleaner.io:oih:bodc:data:efe168b9f2cd2811c319bdc70914a94e5b93136d,tier1,True,False,DepBelowSurf,https://vocab.nerc.ac.uk/collection/P01/current/ADEPZZ01/,5.5,100.5,1,0,https://api.linked-systems.uk/api/schema-org/dataset/2148916,
1177787,urn:gleaner.io:oih:bodc:data:227f8e42fa141a4f06c5129e562de009e61128a2,none,False,False,,,,,0,0,https://api.linked-systems.uk/api/schema-org/dataset/1177787,
1836790,urn:gleaner.io:oih:bodc:data:2c6dcad676556c273ea9b291967d486e173b3433,none,False,False,,,,,0,0,https://api.linked-systems.uk/api/schema-org/dataset/1836790,
1880705,urn:gleaner.io:oih:bodc:data:b2b769ce8bcb0186e46f953fe17ebbb6a8a31ca1,none,False,False,,,,,0,0,https://api.linked-systems.uk/api/schema-org/dataset/1880705,
1226291,urn:gleaner.io:oih:bodc:data:ea0f09100ce18756d72f7ec7df217164af814052,tier_instrument,False,True,,,,,0,0,https://api.linked-systems.uk/api/schema-org/dataset/1226291,
2148615,urn:gleaner.io:oih:bodc:data:061d06d5817f3ef92c5487a38f2859617359cefe,tier1,True,False,DepBelowSurf,https://vocab.nerc.ac.uk/collection/P01/current/ADEPZZ01/,5.6,300.7,1,0,https://api.linked-systems.uk/api/schema-org/dataset/2148615,
1347272,urn:gleaner.io:oih:bodc:data:b3bae92925a1f856236297db717111ec11a20aaa,tier1,True,False,DepBelowSurf,https://vocab.nerc.ac.uk/collection/P01/current/ADEPZZ01/,7.4,2001.6,1,0,https://api.linked-systems.uk/api/schema-org/dataset/1347272,
2001698,urn:gleaner.io:oih:bodc:data:e9ec8fcbddc53086972288bca4e2fefbf6d09c2d,tier1,True,False,DepBelowSurf,https://vocab.nerc.ac.uk/collection/P01/current/ADEPZZ01/,9.7,4705.6,1,0,https://api.linked-systems.uk/api/schema-org/dataset/2001698,
2023006,urn:gleaner.io:oih:bodc:data:e505fe86dddac5780f566df1b091685a5f5de4c4,tier_instrument,False,True,,,,,0,0,https://api.linked-systems.uk/api/schema-org/dataset/2023006,
1177960,urn:gleaner.io:oih:bodc:data:a0d3f58b17ed66f981000567fa82f4475f6a4f4f,none,False,False,,,,,0,0,https://api.linked-systems.uk/api/schema-org/dataset/1177960,
1816912,urn:gleaner.io:oih:bodc:data:bfcc481281a1f99e40635c3e49c6c57963169489,tier2,False,False,Start_depth,https://vocab.nerc.ac.uk/collection/P01/current/DEPHPRST/,2.97,351.69,0,1,https://api.linked-systems.uk/api/schema-org/dataset/1816912,
1347099,urn:gleaner.io:oih:bodc:data:e4e11a2ff6fc0cdb9d4b39beced767ce8ba8defd,none,False,False,,,,,0,0,https://api.linked-systems.uk/api/schema-org/dataset/1347099,
2138786,urn:gleaner.io:oih:bodc:data:f9145e8eeca98c4b4acf97ddab2f64ec0498cccf,none,False,False,,,,,0,0,https://api.linked-systems.uk/api/schema-org/dataset/2138786,
1975716,urn:gleaner.io:oih:bodc:data:47534c0aeb39ebdf6b84d285d1c49eb8bd4d45d0,none,False,False,,,,,0,0,https://api.linked-systems.uk/api/schema-org/dataset/1975716,
2153562,urn:gleaner.io:oih:bodc:data:9fde7a069fe1a25f92b36f16cc7f9b8c1831d216,none,False,False,,,,,0,0,https://api.linked-systems.uk/api/schema-org/dataset/2153562,
1177610,urn:gleaner.io:oih:bodc:data:c24fda848f0c3a1e0cf83dad7b39da63a91d9f74,none,False,False,,,,,0,0,https://api.linked-systems.uk/api/schema-org/dataset/1177610,
1177517,urn:gleaner.io:oih:bodc:data:d7cec27b56e0a8c33764d1eadff445bf0303ba2e,none,False,False,,,,,0,0,https://api.linked-systems.uk/api/schema-org/dataset/1177517,
1903785,urn:gleaner.io:oih:bodc:data:12c5ae7908f93dc8e7527d5a9dcaef79c5719c1e,none,False,False,,,,,0,0,https://api.linked-systems.uk/api/schema-org/dataset/1903785,
1347211,urn:gleaner.io:oih:bodc:data:b3df633dafd61f0273d73cab0af2bb1fe4c2529f,tier1,True,False,DepBelowSurf,https://vocab.nerc.ac.uk/collection/P01/current/ADEPZZ01/,5.2,1000,1,0,https://api.linked-systems.uk/api/schema-org/dataset/1347211,
2148812,urn:gleaner.io:oih:bodc:data:5ae1798b4d67fca9a4527d391810df9e71138ba2,none,False,False,,,,,0,0,https://api.linked-systems.uk/api/schema-org/dataset/2148812,
1929075,urn:gleaner.io:oih:bodc:data:ca1109bb87d6be42cd8740ea13784fc685b08359,none,False,False,,,,,0,0,https://api.linked-systems.uk/api/schema-org/dataset/1929075,
1927892,urn:gleaner.io:oih:bodc:data:d5a8b0d54152831c77ca551deeaa115fa0d45ca3,tier1,True,False,DepBelowSurf,https://vocab.nerc.ac.uk/collection/P01/current/ADEPZZ01/,2,80,1,0,https://api.linked-systems.uk/api/schema-org/dataset/1927892,
2027818,urn:gleaner.io:oih:bodc:data:784d56c7203e2c32617682704242a02fbefa4f33,tier2,False,False,SFPG,https://vocab.nerc.ac.uk/collection/P01/current/DEPHFP01/,,,0,1,https://api.linked-systems.uk/api/schema-org/dataset/2027818,
2148351,urn:gleaner.io:oih:bodc:data:418bfb128b7137090139f10aaf515d1bdabfba74,none,False,False,,,,,0,0,https://api.linked-systems.uk/api/schema-org/dataset/2148351,
2051806,urn:gleaner.io:oih:bodc:data:7fc0ac6fee0d3c6a8855cf560190fd3c597bd499,tier1,True,False,DepBelowSurf,https://vocab.nerc.ac.uk/collection/P01/current/ADEPZZ01/,8.2,453.1,1,0,https://api.linked-systems.uk/api/schema-org/dataset/2051806,
1177959,urn:gleaner.io:oih:bodc:data:108576652ff4e873aac3f161703bfb8fce3e53d7,none,False,False,,,,,0,0,https://api.linked-systems.uk/api/schema-org/dataset/1177959,
1225841,urn:gleaner.io:oih:bodc:data:15ba336e79357b7a2e3770f970faf28fe70fffce,tier_instrument,False,True,,,,,0,0,https://api.linked-systems.uk/api/schema-org/dataset/1225841,
1759923,urn:gleaner.io:oih:bodc:data:b3961c9d5988204438b296d0e91a702dad9b86c4,none,False,False,,,,,0,0,https://api.linked-systems.uk/api/schema-org/dataset/1759923,
2074669,urn:gleaner.io:oih:bodc:data:82fa99eec8653e43e46506f00de334dd94d303e6,none,False,False,,,,,0,0,https://api.linked-systems.uk/api/schema-org/dataset/2074669,
2046994,urn:gleaner.io:oih:bodc:data:dd3d4dafd16444f0c2e75564df0b171ee921f92a,none,False,False,,,,,0,0,https://api.linked-systems.uk/api/schema-org/dataset/2046994,
2051855,urn:gleaner.io:oih:bodc:data:158e3421ab8c766898ff2121d0ef5795032c8599,tier1,True,False,DepBelowSurf,https://vocab.nerc.ac.uk/collection/P01/current/ADEPZZ01/,9.2,4697.6,1,0,https://api.linked-systems.uk/api/schema-org/dataset/2051855,
1171048,urn:gleaner.io:oih:bodc:data:eb970805b8ed9cd1f221bb455d36125438950d26,tier2,False,False,BinDep,https://vocab.nerc.ac.uk/collection/P01/current/DBINAA01/,11,407,0,1,https://api.linked-systems.uk/api/schema-org/dataset/1171048,
1927959,urn:gleaner.io:oih:bodc:data:58ea88ef9a2fb6a842d900bd266dd9e8f9dfb18b,none,False,False,,,,,0,0,https://api.linked-systems.uk/api/schema-org/dataset/1927959,
1880810,urn:gleaner.io:oih:bodc:data:6765ff77efeca14c4481ee3d65c811e51684aac7,tier1,True,False,DepBelowSurf,https://vocab.nerc.ac.uk/collection/P01/current/ADEPZZ01/,2,500,1,0,https://api.linked-systems.uk/api/schema-org/dataset/1880810,
2148271,urn:gleaner.io:oih:bodc:data:e8e8d8fe74feb28516d62d611685a3b991c6ace0,tier1,True,False,DepBelowSurf,https://vocab.nerc.ac.uk/collection/P01/current/ADEPZZ01/,6.1,300.7,1,0,https://api.linked-systems.uk/api/schema-org/dataset/2148271,
1347179,urn:gleaner.io:oih:bodc:data:8cbf940b5a787b56768531ebc0528fd5f3716818,tier1,True,False,DepBelowSurf,https://vocab.nerc.ac.uk/collection/P01/current/ADEPZZ01/,5.7,999.9,1,0,https://api.linked-systems.uk/api/schema-org/dataset/1347179,
2148676,urn:gleaner.io:oih:bodc:data:e15933a5ab2c8e76b1135804ecbe15cc42eeadfa,none,False,False,,,,,0,0,https://api.linked-systems.uk/api/schema-org/dataset/2148676,
1347376,urn:gleaner.io:oih:bodc:data:41753f83d2b6717cd9c29d663a381799e48c4e6c,tier1,True,False,DepBelowSurf,https://vocab.nerc.ac.uk/collection/P01/current/ADEPZZ01/,5.8,151.2,1,0,https://api.linked-systems.uk/api/schema-org/dataset/1347376,
1347118,urn:gleaner.io:oih:bodc:data:e9eafe405fd53575d20c1cb2cdaf718c9650b84b,tier1,True,False,DepBelowSurf,https://vocab.nerc.ac.uk/collection/P01/current/ADEPZZ01/,4.4,100.5,1,0,https://api.linked-systems.uk/api/schema-org/dataset/1347118,
1927831,urn:gleaner.io:oih:bodc:data:d4612ba83d22bb4e77086d1bae4f04670356a93d,none,False,False,,,,,0,0,https://api.linked-systems.uk/api/schema-org/dataset/1927831,
1880717,urn:gleaner.io:oih:bodc:data:0fa2874df866cc3518a4084ff9cf1cc8f1575c0a,none,False,False,,,,,0,0,https://api.linked-systems.uk/api/schema-org/dataset/1880717,
2046306,urn:gleaner.io:oih:bodc:data:63e6b883b2b9ceec77bd02a230297c74b4e7302d,none,False,False,,,,,0,0,https://api.linked-systems.uk/api/schema-org/dataset/2046306,
2004125,urn:gleaner.io:oih:bodc:data:5bfb0ce6a00234c57bca13b7cef91174c6052dab,tier1,True,False,DepBelowSurf,https://vocab.nerc.ac.uk/collection/P01/current/ADEPZZ01/,9.9,199.4,1,0,https://api.linked-systems.uk/api/schema-org/dataset/2004125,
1170807,urn:gleaner.io:oih:bodc:data:7b424982e698e4b6538610e7e7b3e38b820ee202,none,False,False,,,,,0,0,https://api.linked-systems.uk/api/schema-org/dataset/1170807,
1836808,urn:gleaner.io:oih:bodc:data:a731165fca11e8a9eb88cc70630ebca6718cc68b,none,False,False,,,,,0,0,https://api.linked-systems.uk/api/schema-org/dataset/1836808,
2074725,urn:gleaner.io:oih:bodc:data:b3b17e35d363e700eb70248cfad9b59ff459f546,none,False,False,,,,,0,0,https://api.linked-systems.uk/api/schema-org/dataset/2074725,
2110666,urn:gleaner.io:oih:bodc:data:9527686328c3a999ec270c1103f72f283f95c869,tier1,True,False,DepBelowSurf,https://vocab.nerc.ac.uk/collection/P01/current/ADEPZZ01/,499.7,4820.1,1,0,https://api.linked-systems.uk/api/schema-org/dataset/2110666,
1876626,urn:gleaner.io:oih:bodc:data:de3ccb9e39fdc298ab6f37c151d1891069fd78fb,none,False,False,,,,,0,0,https://api.linked-systems.uk/api/schema-org/dataset/1876626,
2153513,urn:gleaner.io:oih:bodc:data:0448dcec1d9b0769f83ccdc67852529615cc00cf,none,False,False,,,,,0,0,https://api.linked-systems.uk/api/schema-org/dataset/2153513,
2107622,urn:gleaner.io:oih:bodc:data:37459581406f8bf482fbc37b251a101f747a906e,tier1,True,False,DepBelowSurf,https://vocab.nerc.ac.uk/collection/P01/current/ADEPZZ01/,50,4500,1,0,https://api.linked-systems.uk/api/schema-org/dataset/2107622,
2046158,urn:gleaner.io:oih:bodc:data:9d1e1cebeac07d693978f85f05e41b6a6cd59a9f,tier1,True,False,DepBelowSurf,https://vocab.nerc.ac.uk/collection/P01/current/ADEPZZ01/,14.8,1805.1,1,0,https://api.linked-systems.uk/api/schema-org/dataset/2046158,
2148234,urn:gleaner.io:oih:bodc:data:a5f3f1aa39b9fc9d5ae9185d044fcf08ab2ddfe1,tier1,True,False,DepBelowSurf,https://vocab.nerc.ac.uk/collection/P01/current/ADEPZZ01/,6.1,300.7,1,0,https://api.linked-systems.uk/api/schema-org/dataset/2148234,
1922851,urn:gleaner.io:oih:bodc:data:c8b36c6bbbab10df31caed10d49df87d543388d8,none,False,False,,,,,0,0,https://api.linked-systems.uk/api/schema-org/dataset/1922851,
1177622,urn:gleaner.io:oih:bodc:data:e395b85b549b8b13a6f23b1928d092458869290b,none,False,False,,,,,0,0,https://api.linked-systems.uk/api/schema-org/dataset/1177622,
1346951,urn:gleaner.io:oih:bodc:data:e45bb7a135831e787a9c59eda80a1cdaa3d2b63d,tier1,True,False,DepBelowSurf,https://vocab.nerc.ac.uk/collection/P01/current/ADEPZZ01/,6.4,1000.7,1,0,https://api.linked-systems.uk/api/schema-org/dataset/1346951,
2046423,urn:gleaner.io:oih:bodc:data:76d7a3fdfe8c506126171a6d47d661a7b8f33102,none,False,False,,,,,0,0,https://api.linked-systems.uk/api/schema-org/dataset/2046423,
2051855,urn:gleaner.io:oih:bodc:data:c1b8bd05dbbf095b21617a4380af96ac748aa083,none,False,False,,,,,0,0,https://api.linked-systems.uk/api/schema-org/dataset/2051855,
1226230,urn:gleaner.io:oih:bodc:data:af09f5b16d9ebc9e3b2de0ab9f0964f8ebd0ef0a,none,False,False,,,,,0,0,https://api.linked-systems.uk/api/schema-org/dataset/1226230,
2046411,urn:gleaner.io:oih:bodc:data:f2dbc4fd872c5c3c53b7c30e688fb3818bf09ceb,none,False,False,,,,,0,0,https://api.linked-systems.uk/api/schema-org/dataset/2046411,
2148050,urn:gleaner.io:oih:bodc:data:02eef1f790670d1db5de29bdac117b42c75e8051,none,False,False,,,,,0,0,https://api.linked-systems.uk/api/schema-org/dataset/2148050,
2148676,urn:gleaner.io:oih:bodc:data:9a2332055691c53e38985eac4a9ca20db0020075,tier1,True,False,DepBelowSurf,https://vocab.nerc.ac.uk/collection/P01/current/ADEPZZ01/,5.3,298.5,1,0,https://api.linked-systems.uk/api/schema-org/dataset/2148676,
1880754,urn:gleaner.io:oih:bodc:data:1236b2068d0a06ed3c9e79ce48b1bae60fcc1b2f,tier1,True,False,DepBelowSurf,https://vocab.nerc.ac.uk/collection/P01/current/ADEPZZ01/,3,200,1,0,https://api.linked-systems.uk/api/schema-org/dataset/1880754,
1177308,urn:gleaner.io:oih:bodc:data:06ed099e492903d82fddd9437d1ca37c2c1596d0,none,False,False,,,,,0,0,https://api.linked-systems.uk/api/schema-org/dataset/1177308,
2153537,urn:gleaner.io:oih:bodc:data:14ae4113a5841fafaca2558677f48dd2935a77f8,tier1,True,False,DepBelowSurf,https://vocab.nerc.ac.uk/collection/P01/current/ADEPZZ01/,5,4827,1,0,https://api.linked-systems.uk/api/schema-org/dataset/2153537,
1347167,urn:gleaner.io:oih:bodc:data:53e3d8bbf28deb6c9ced93b25fe975656fcc78c4,none,False,False,,,,,0,0,https://api.linked-systems.uk/api/schema-org/dataset/1347167,
2138786,urn:gleaner.io:oih:bodc:data:c152c24b1d2aa982f102363a38c855ac73b4f831,none,False,False,,,,,0,0,https://api.linked-systems.uk/api/schema-org/dataset/2138786,
1928072,urn:gleaner.io:oih:bodc:data:050fcb1cd0c70c2c8120b17fb3c0512570a442f5,none,False,False,,,,,0,0,https://api.linked-systems.uk/api/schema-org/dataset/1928072,
2026723,urn:gleaner.io:oih:bodc:data:f8b9d073f8040573b70400fcb585ae1479c4e328,none,False,False,,,,,0,0,https://api.linked-systems.uk/api/schema-org/dataset/2026723,
1816881,urn:gleaner.io:oih:bodc:data:0b06fbd2d79c36c73e093e0bd54f9c48ee372587,tier2,False,False,Start_depth,https://vocab.nerc.ac.uk/collection/P01/current/DEPHPRST/,2.97,349.71,0,1,https://api.linked-systems.uk/api/schema-org/dataset/1816881,
1874238,urn:gleaner.io:oih:bodc:data:fa042f093dbb8bab2ae06cafbbed8e1bf1a62e75,none,False,False,,,,,0,0,https://api.linked-systems.uk/api/schema-org/dataset/1874238,
1816752,urn:gleaner.io:oih:bodc:data:9e0e0f1bef5933a2fd31cebac98c7409e603e22b,none,False,False,,,,,0,0,https://api.linked-systems.uk/api/schema-org/dataset/1816752,
1226082,urn:gleaner.io:oih:bodc:data:0f68ee453af03a4a7bcad8880af4fedc86a3ff56,none,False,False,,,,,0,0,https://api.linked-systems.uk/api/schema-org/dataset/1226082,
2115867,urn:gleaner.io:oih:bodc:data:9ecc1732ed11ff686941495767f25d23ceb2d3b2,tier1,True,False,DepBelowSurf,https://vocab.nerc.ac.uk/collection/P01/current/ADEPZZ01/,5.2,101,1,0,https://api.linked-systems.uk/api/schema-org/dataset/2115867,
1346963,urn:gleaner.io:oih:bodc:data:554417909e16f01595438b0cb7321d69db882092,none,False,False,,,,,0,0,https://api.linked-systems.uk/api/schema-org/dataset/1346963,
2022992,urn:gleaner.io:oih:bodc:data:8c1ffd7ce2df766a2fb0b158f5ceb14ae91f78ce,none,False,False,,,,,0,0,https://api.linked-systems.uk/api/schema-org/dataset/2022992,
1177972,urn:gleaner.io:oih:bodc:data:1893049b838b3be7c4215dc3de9ed59fea7b2226,none,False,False,,,,,0,0,https://api.linked-systems.uk/api/schema-org/dataset/1177972,
1177947,urn:gleaner.io:oih:bodc:data:382287d338b03feb25ba5bfb9aabae3d06404690,none,False,False,,,,,0,0,https://api.linked-systems.uk/api/schema-org/dataset/1177947,
1177554,urn:gleaner.io:oih:bodc:data:e0ceb6e76c5b0a939be7b8a2f7653a8af018d9a0,none,False,False,,,,,0,0,https://api.linked-systems.uk/api/schema-org/dataset/1177554,
1177542,urn:gleaner.io:oih:bodc:data:708b70396e7479119fcef5f88c40b4d3583692fe,none,False,False,,,,,0,0,https://api.linked-systems.uk/api/schema-org/dataset/1177542,
2148209,urn:gleaner.io:oih:bodc:data:c0efc9fa19fd1ffcf84260b38b4bff369d55072c,tier1,True,False,DepBelowSurf,https://vocab.nerc.ac.uk/collection/P01/current/ADEPZZ01/,5,300,1,0,https://api.linked-systems.uk/api/schema-org/dataset/2148209,
2148756,urn:gleaner.io:oih:bodc:data:38f3abbd5ad024cb813d75fe27c1d5d78b52b8d9,none,False,False,,,,,0,0,https://api.linked-systems.uk/api/schema-org/dataset/2148756,
2119021,urn:gleaner.io:oih:bodc:data:50a8cbf0a3ce0ff458030cc2f28dc4b2066cd2ed,none,False,False,,,,,0,0,https://api.linked-systems.uk/api/schema-org/dataset/2119021,
1170740,urn:gleaner.io:oih:bodc:data:667beccb0034ef8e3e5461c4312df8de7373ec91,tier2,False,False,BinDep,https://vocab.nerc.ac.uk/collection/P01/current/DBINAA01/,11,407,0,1,https://api.linked-systems.uk/api/schema-org/dataset/1170740,
2073248,urn:gleaner.io:oih:bodc:data:df147fd1e583fbe3e625d903a6a460dcb6104767,none,False,False,,,,,0,0,https://api.linked-systems.uk/api/schema-org/dataset/2073248,
1927855,urn:gleaner.io:oih:bodc:data:f6a7f2b1dc2f6d11b59e3e713cffa57de9391341,tier1,True,False,DepBelowSurf,https://vocab.nerc.ac.uk/collection/P01/current/ADEPZZ01/,3,50,1,0,https://api.linked-systems.uk/api/schema-org/dataset/1927855,
2046238,urn:gleaner.io:oih:bodc:data:a27fc09f5c0ab51d9a942a612c975b223b2fedf7,tier1,True,False,DepBelowSurf,https://vocab.nerc.ac.uk/collection/P01/current/ADEPZZ01/,13.1,825.8,1,0,https://api.linked-systems.uk/api/schema-org/dataset/2046238,
1177879,urn:gleaner.io:oih:bodc:data:80c8461ed12a431c31fd2bff9f8b9d527df26162,none,False,False,,,,,0,0,https://api.linked-systems.uk/api/schema-org/dataset/1177879,
1346883,urn:gleaner.io:oih:bodc:data:a0fc8f428430f55df0bb1c6365e41cbd9122788c,tier1,True,False,DepBelowSurf,https://vocab.nerc.ac.uk/collection/P01/current/ADEPZZ01/,11.9,499.5,1,0,https://api.linked-systems.uk/api/schema-org/dataset/1346883,
2153562,urn:gleaner.io:oih:bodc:data:e0ed7f7358a56e36e0ba4297ccbe1540f414ea89,tier1,True,False,DepBelowSurf,https://vocab.nerc.ac.uk/collection/P01/current/ADEPZZ01/,5,100,1,0,https://api.linked-systems.uk/api/schema-org/dataset/2153562,
2012069,urn:gleaner.io:oih:bodc:data:9236a9b16c9f2bdf1d44539fe133acc88a7fba34,none,False,False,,,,,0,0,https://api.linked-systems.uk/api/schema-org/dataset/2012069,
1880717,urn:gleaner.io:oih:bodc:data:415e94ec2a2ae596b06465371c20ced3f7c4ba8d,none,False,False,,,,,0,0,https://api.linked-systems.uk/api/schema-org/dataset/1880717,
2107591,urn:gleaner.io:oih:bodc:data:c9e05707f3eeea01d263af052cb501f985d96d8e,none,False,False,,,,,0,0,https://api.linked-systems.uk/api/schema-org/dataset/2107591,
1058137,urn:gleaner.io:oih:bodc:data:68fa76ce90c6967605dacc6bf28acee721dce126,none,False,False,,,,,0,0,https://api.linked-systems.uk/api/schema-org/dataset/1058137,
2048767,urn:gleaner.io:oih:bodc:data:0ef45813d4605071dac878c300a9ec8866b46d4d,none,False,False,,,,,0,0,https://api.linked-systems.uk/api/schema-org/dataset/2048767,
1347296,urn:gleaner.io:oih:bodc:data:f33348d9667d3f38581b23ebf1af508832913ed8,none,False,False,,,,,0,0,https://api.linked-systems.uk/api/schema-org/dataset/1347296,
2012125,urn:gleaner.io:oih:bodc:data:c7d07d9a57a726a81f59a6b28a99893d75213f54,none,False,False,,,,,0,0,https://api.linked-systems.uk/api/schema-org/dataset/2012125,
2107658,urn:gleaner.io:oih:bodc:data:ce0c8113ce412d8aecdbf77e6c5b4eadd5244677,none,False,False,,,,,0,0,https://api.linked-systems.uk/api/schema-org/dataset/2107658,
1177855,urn:gleaner.io:oih:bodc:data:bd37d1b88a11d4e4ab12d6fdd795a7a178e1c3b2,none,False,False,,,,,0,0,https://api.linked-systems.uk/api/schema-org/dataset/1177855,
2107578,urn:gleaner.io:oih:bodc:data:874dc42986f41612b4651e18beeca817474de332,tier1,True,False,DepBelowSurf,https://vocab.nerc.ac.uk/collection/P01/current/ADEPZZ01/,30.5,278.3,1,0,https://api.linked-systems.uk/api/schema-org/dataset/2107578,
2105793,urn:gleaner.io:oih:bodc:data:065e64a6923e6a3ca831a8a25c5b372bd67105e7,none,False,False,,,,,0,0,https://api.linked-systems.uk/api/schema-org/dataset/2105793,
2046306,urn:gleaner.io:oih:bodc:data:91a139726092324bbebd840be1a9684d5a7ff22c,tier1,True,False,DepBelowSurf,https://vocab.nerc.ac.uk/collection/P01/current/ADEPZZ01/,14,1804.6,1,0,https://api.linked-systems.uk/api/schema-org/dataset/2046306,
2148191,urn:gleaner.io:oih:bodc:data:2b1be595f9251507a2972d607bcbcbc2c1708f07,tier1,True,False,DepBelowSurf,https://vocab.nerc.ac.uk/collection/P01/current/ADEPZZ01/,5.6,301,1,0,https://api.linked-systems.uk/api/schema-org/dataset/2148191,
2148074,urn:gleaner.io:oih:bodc:data:0121d31f1492d7102a686e03b15dffd1975a9145,none,False,False,,,,,0,0,https://api.linked-systems.uk/api/schema-org/dataset/2148074,
2148756,urn:gleaner.io:oih:bodc:data:ad94f4e29be259c147b5fd7ea87fe36bfbfba076,none,False,False,,,,,0,0,https://api.linked-systems.uk/api/schema-org/dataset/2148756,
1759960,urn:gleaner.io:oih:bodc:data:c9081252c04ab1616cac12e805ec3b8309a21a4f,none,False,False,,,,,0,0,https://api.linked-systems.uk/api/schema-org/dataset/1759960,
1876638,urn:gleaner.io:oih:bodc:data:1a064666b07415b0e72a60e7e0f7d70f654f4e8c,tier1,True,False,DepBelowSurf,https://vocab.nerc.ac.uk/collection/P01/current/ADEPZZ01/,3.4,209.9,1,0,https://api.linked-systems.uk/api/schema-org/dataset/1876638,
2148511,urn:gleaner.io:oih:bodc:data:73fe2c7a333488b71f78a3f0037aab0279d0d65b,none,False,False,,,,,0,0,https://api.linked-systems.uk/api/schema-org/dataset/2148511,
2148812,urn:gleaner.io:oih:bodc:data:e8265790e3b2ccccfe8861706917cf5c897f6545,tier1,True,False,DepBelowSurf,https://vocab.nerc.ac.uk/collection/P01/current/ADEPZZ01/,6.3,300.3,1,0,https://api.linked-systems.uk/api/schema-org/dataset/2148812,
1225865,urn:gleaner.io:oih:bodc:data:4390163d6daa8521d6923ac9acdda621084ca92e,tier_instrument,False,True,,,,,0,0,https://api.linked-systems.uk/api/schema-org/dataset/1225865,
2148166,urn:gleaner.io:oih:bodc:data:9bcdea206d94fc8652d517e7b502fb2f9e2ef352,none,False,False,,,,,0,0,https://api.linked-systems.uk/api/schema-org/dataset/2148166,
1177843,urn:gleaner.io:oih:bodc:data:4b1fe6cf8e0b3212fa432f32dc0124adcb00e546,none,False,False,,,,,0,0,https://api.linked-systems.uk/api/schema-org/dataset/1177843,
1874380,urn:gleaner.io:oih:bodc:data:a02741199e739478e3f31aad06f0de30ca96e591,none,False,False,,,,,0,0,https://api.linked-systems.uk/api/schema-org/dataset/1874380,
2046435,urn:gleaner.io:oih:bodc:data:b54dbc8914b5823624f711fc7589ec70233aed8a,tier1,True,False,DepBelowSurf,https://vocab.nerc.ac.uk/collection/P01/current/ADEPZZ01/,8,204,1,0,https://api.linked-systems.uk/api/schema-org/dataset/2046435,
1225945,urn:gleaner.io:oih:bodc:data:e1613f62380df54104a95d5ed2e2362e8cb635a9,tier_instrument,False,True,,,,,0,0,https://api.linked-systems.uk/api/schema-org/dataset/1225945,
1928176,urn:gleaner.io:oih:bodc:data:3c882664e2312eee1d0746e266617e3d31edc20c,none,False,False,,,,,0,0,https://api.linked-systems.uk/api/schema-org/dataset/1928176,
2046238,urn:gleaner.io:oih:bodc:data:71ec35cb507345817d4de93554f283eb2f5e1f50,tier1,True,False,DepBelowSurf,https://vocab.nerc.ac.uk/collection/P01/current/ADEPZZ01/,13.1,825.8,1,0,https://api.linked-systems.uk/api/schema-org/dataset/2046238,
2046380,urn:gleaner.io:oih:bodc:data:781fefdd244f03126ae99bb5a5893bf1cc61aa52,none,False,False,,,,,0,0,https://api.linked-systems.uk/api/schema-org/dataset/2046380,
1879568,urn:gleaner.io:oih:bodc:data:4302a8ae3af3e87b9081dd18813837d23ddcbccf,none,False,False,,,,,0,0,https://api.linked-systems.uk/api/schema-org/dataset/1879568,
1989632,urn:gleaner.io:oih:bodc:data:720f536f0c6d2baa206540da34f7adfa0b896b3d,none,False,False,,,,,0,0,https://api.linked-systems.uk/api/schema-org/dataset/1989632,
2001705,urn:gleaner.io:oih:bodc:data:845e5791343d4e84cb0c85905b2171fa400cdb2f,none,False,False,,,,,0,0,https://api.linked-systems.uk/api/schema-org/dataset/2001705,
1347260,urn:gleaner.io:oih:bodc:data:97285f1f9df775c932e467d70276a7aeaca166ed,none,False,False,,,,,0,0,https://api.linked-systems.uk/api/schema-org/dataset/1347260,
2046287,urn:gleaner.io:oih:bodc:data:1eb7fa81b4d0b88220fb42a3ccf17d259ba676a4,tier1,True,False,DepBelowSurf,https://vocab.nerc.ac.uk/collection/P01/current/ADEPZZ01/,8,204,1,0,https://api.linked-systems.uk/api/schema-org/dataset/2046287,
2023006,urn:gleaner.io:oih:bodc:data:844ccb57c181e82e04349e4a1ff85393e84efdb6,none,False,False,,,,,0,0,https://api.linked-systems.uk/api/schema-org/dataset/2023006,
2014691,urn:gleaner.io:oih:bodc:data:b0b35423276459208f7dcffec7a936b2dbfd4d2e,tier2,False,False,Start_depth,https://vocab.nerc.ac.uk/collection/P01/current/DEPHPRST/,0.99,104.08,0,1,https://api.linked-systems.uk/api/schema-org/dataset/2014691,
2148117,urn:gleaner.io:oih:bodc:data:f176bd75e97670476c432b0b5358894b1cc3b721,tier1,True,False,DepBelowSurf,https://vocab.nerc.ac.uk/collection/P01/current/ADEPZZ01/,5.2,300.5,1,0,https://api.linked-systems.uk/api/schema-org/dataset/2148117,
2046367,urn:gleaner.io:oih:bodc:data:065a6c9db2f4775f69915fd91fdf63a3bdc6c660,tier1,True,False,DepBelowSurf,https://vocab.nerc.ac.uk/collection/P01/current/ADEPZZ01/,12.6,203.7,1,0,https://api.linked-systems.uk/api/schema-org/dataset/2046367,
1347075,urn:gleaner.io:oih:bodc:data:1cfe76c8f708f0af02d7f841c6f885acd45f40b5,tier1,True,False,DepBelowSurf,https://vocab.nerc.ac.uk/collection/P01/current/ADEPZZ01/,7,2000.4,1,0,https://api.linked-systems.uk/api/schema-org/dataset/1347075,
1868602,urn:gleaner.io:oih:bodc:data:21c66e088e07459d6fe383eb9e677261a848782f,tier1,True,False,DepBelowSurf,https://vocab.nerc.ac.uk/collection/P01/current/ADEPZZ01/,5,264.4,1,0,https://api.linked-systems.uk/api/schema-org/dataset/1868602,
1759996,urn:gleaner.io:oih:bodc:data:5bab587d4ac388e6d285dda2bedeb12a2ae88a22,none,False,False,,,,,0,0,https://api.linked-systems.uk/api/schema-org/dataset/1759996,
1927806,urn:gleaner.io:oih:bodc:data:f670771deda934275d8a84fbb11b9e0a922d0c73,none,False,False,,,,,0,0,https://api.linked-systems.uk/api/schema-org/dataset/1927806,
1928084,urn:gleaner.io:oih:bodc:data:265ac3708d0ea7f7b58b49380abfdb9ba89ff8ac,none,False,False,,,,,0,0,https://api.linked-systems.uk/api/schema-org/dataset/1928084,
1226094,urn:gleaner.io:oih:bodc:data:e4028c968ef4e0c9314d00af3088544c4c23bdec,tier_instrument,False,True,,,,,0,0,https://api.linked-systems.uk/api/schema-org/dataset/1226094,
2048755,urn:gleaner.io:oih:bodc:data:013156cbb63315b231af8c492e0caccd3e5518b0,tier1,True,False,DepBelowSurf,https://vocab.nerc.ac.uk/collection/P01/current/ADEPZZ01/,12.6,203.7,1,0,https://api.linked-systems.uk/api/schema-org/dataset/2048755,
888107,urn:gleaner.io:oih:bodc:data:1eb78c5e0f97a7228f8b06826432f112d54ae181,none,False,False,,,,,0,0,https://api.linked-systems.uk/api/schema-org/dataset/888107,
1989712,urn:gleaner.io:oih:bodc:data:777ba1d6ae7738549a8829dbe5af024b142be9e2,none,False,False,,,,,0,0,https://api.linked-systems.uk/api/schema-org/dataset/1989712,
1170739,urn:gleaner.io:oih:bodc:data:602913f3f21f2f184d40c393b6703ec2bdbfbe21,none,False,False,,,,,0,0,https://api.linked-systems.uk/api/schema-org/dataset/1170739,
2153550,urn:gleaner.io:oih:bodc:data:0f58707daec32ca0becd0ca118c6093ef97da966,none,False,False,,,,,0,0,https://api.linked-systems.uk/api/schema-org/dataset/2153550,
1347284,urn:gleaner.io:oih:bodc:data:45679b48a9c8e3eca94fbd326fba2e623ea1021d,none,False,False,,,,,0,0,https://api.linked-systems.uk/api/schema-org/dataset/1347284,
1225921,urn:gleaner.io:oih:bodc:data:c919a7b94b99ce89ad26a3ca4566afc913924aaa,none,False,False,,,,,0,0,https://api.linked-systems.uk/api/schema-org/dataset/1225921,
1350728,urn:gleaner.io:oih:bodc:data:1a529ee228cb3847a10d37c56bcfd3de63288100,tier1,True,False,DepBelowSurf,https://vocab.nerc.ac.uk/collection/P01/current/ADEPZZ01/,5,264.4,1,0,https://api.linked-systems.uk/api/schema-org/dataset/1350728,
2148720,urn:gleaner.io:oih:bodc:data:c24828391c47eb3ab6940b8170ccf5906e6bc7c2,none,False,False,,,,,0,0,https://api.linked-systems.uk/api/schema-org/dataset/2148720,
1989681,urn:gleaner.io:oih:bodc:data:05fc236a5c2851771346f853ebe32dac1dcac6fd,none,False,False,,,,,0,0,https://api.linked-systems.uk/api/schema-org/dataset/1989681,
2119045,urn:gleaner.io:oih:bodc:data:ed5e253bdece0a7ca006d31dd176eafe41c25a0d,none,False,False,,,,,0,0,https://api.linked-systems.uk/api/schema-org/dataset/2119045,
1347180,urn:gleaner.io:oih:bodc:data:e3018f6c91b038618f539e8938eaa0da72a51dc7,none,False,False,,,,,0,0,https://api.linked-systems.uk/api/schema-org/dataset/1347180,
2148074,urn:gleaner.io:oih:bodc:data:2ca6d38cee061fb5e2b8f0a191f850f8a0cde3c6,tier1,True,False,DepBelowSurf,https://vocab.nerc.ac.uk/collection/P01/current/ADEPZZ01/,6.1,301.1,1,0,https://api.linked-systems.uk/api/schema-org/dataset/2148074,
1929026,urn:gleaner.io:oih:bodc:data:8cd481cbcd7c17347ece138cd0f7f1b962e88d8d,none,False,False,,,,,0,0,https://api.linked-systems.uk/api/schema-org/dataset/1929026,
2052115,urn:gleaner.io:oih:bodc:data:e53a7c46096eaab327b3d736dc446123d35c8a03,tier_instrument,False,True,,,,,0,0,https://api.linked-systems.uk/api/schema-org/dataset/2052115,
1347247,urn:gleaner.io:oih:bodc:data:91316f0d5c50c0ea6027f843b040aa496522d784,tier1,True,False,DepBelowSurf,https://vocab.nerc.ac.uk/collection/P01/current/ADEPZZ01/,5.4,996.5,1,0,https://api.linked-systems.uk/api/schema-org/dataset/1347247,
1170936,urn:gleaner.io:oih:bodc:data:eb73d8d60cf60626bb51a61371328d47dc5a66f0,none,False,False,,,,,0,0,https://api.linked-systems.uk/api/schema-org/dataset/1170936,
2107855,urn:gleaner.io:oih:bodc:data:997b0fd2f1eb200527ee599e431ca53461925760,none,False,False,,,,,0,0,https://api.linked-systems.uk/api/schema-org/dataset/2107855,
1927923,urn:gleaner.io:oih:bodc:data:4580c8dbfef4b33201f2cd4db874f3b83ceafaf2,tier1,True,False,DepBelowSurf,https://vocab.nerc.ac.uk/collection/P01/current/ADEPZZ01/,2,150,1,0,https://api.linked-systems.uk/api/schema-org/dataset/1927923,
2004149,urn:gleaner.io:oih:bodc:data:e6c14a5cdd671995667bf4f99f741a3dd56e1cbe,tier1,True,False,DepBelowSurf,https://vocab.nerc.ac.uk/collection/P01/current/ADEPZZ01/,11.7,4727,1,0,https://api.linked-systems.uk/api/schema-org/dataset/2004149,
2148351,urn:gleaner.io:oih:bodc:data:cbf5c53b4b00b3e042d31811840dc2dc69d4dc19,tier1,True,False,DepBelowSurf,https://vocab.nerc.ac.uk/collection/P01/current/ADEPZZ01/,6.4,301.8,1,0,https://api.linked-systems.uk/api/schema-org/dataset/2148351,
1989681,urn:gleaner.io:oih:bodc:data:de8cc4241cca3f1ffd8dfc99af0ab09fb89f5db9,none,False,False,,,,,0,0,https://api.linked-systems.uk/api/schema-org/dataset/1989681,
1927787,urn:gleaner.io:oih:bodc:data:0207352c847bd294d74658629de5311ab41a6480,tier1,True,False,DepBelowSurf,https://vocab.nerc.ac.uk/collection/P01/current/ADEPZZ01/,3,90,1,0,https://api.linked-systems.uk/api/schema-org/dataset/1927787,
1346938,urn:gleaner.io:oih:bodc:data:58bf68891a1829551f43b7d5e211e97af4a275a9,none,False,False,,,,,0,0,https://api.linked-systems.uk/api/schema-org/dataset/1346938,
1880662,urn:gleaner.io:oih:bodc:data:af3fdc14adbfdec73cd26ef97c045bdb57a720a2,none,False,False,,,,,0,0,https://api.linked-systems.uk/api/schema-org/dataset/1880662,
2107775,urn:gleaner.io:oih:bodc:data:f521d4cd472115fcf71de3396dee438d156b2fa2,none,False,False,,,,,0,0,https://api.linked-systems.uk/api/schema-org/dataset/2107775,
2001705,urn:gleaner.io:oih:bodc:data:1debf1554526bdd198dae32530eba0e680abf3b3,tier1,True,False,DepBelowSurf,https://vocab.nerc.ac.uk/collection/P01/current/ADEPZZ01/,9.9,100.5,1,0,https://api.linked-systems.uk/api/schema-org/dataset/2001705,
1880625,urn:gleaner.io:oih:bodc:data:9ecb03a55f8cc350b2f039b7323c3fdb1b9736ef,tier1,True,False,DepBelowSurf,https://vocab.nerc.ac.uk/collection/P01/current/ADEPZZ01/,3,200,1,0,https://api.linked-systems.uk/api/schema-org/dataset/1880625,
2148351,urn:gleaner.io:oih:bodc:data:34143375dd3e20873288e75695e3ddef9727909e,tier1,True,False,DepBelowSurf,https://vocab.nerc.ac.uk/collection/P01/current/ADEPZZ01/,6.4,301.8,1,0,https://api.linked-systems.uk/api/schema-org/dataset/2148351,
1929087,urn:gleaner.io:oih:bodc:data:7e3f7b7abd068e71cfd252c15b80f787e211cc16,tier1,True,False,DepBelowSurf,https://vocab.nerc.ac.uk/collection/P01/current/ADEPZZ01/,6,504,1,0,https://api.linked-systems.uk/api/schema-org/dataset/1929087,
2148302,urn:gleaner.io:oih:bodc:data:09011ab1a5df67c1a641fe9fa655417dbd6f591b,tier1,True,False,DepBelowSurf,https://vocab.nerc.ac.uk/collection/P01/current/ADEPZZ01/,6.3,301.2,1,0,https://api.linked-systems.uk/api/schema-org/dataset/2148302,
1170844,urn:gleaner.io:oih:bodc:data:5b8299a1f90932db485cdb8f7c4a23e9d17cc72c,none,False,False,,,,,0,0,https://api.linked-systems.uk/api/schema-org/dataset/1170844,
1171073,urn:gleaner.io:oih:bodc:data:62c5fd2d2349fcff5a330e0a0d8f2b4e35c7e596,tier2,False,False,BinDep,https://vocab.nerc.ac.uk/collection/P01/current/DBINAA01/,11,407,0,1,https://api.linked-systems.uk/api/schema-org/dataset/1171073,
1170740,urn:gleaner.io:oih:bodc:data:066c8eb317cbfd763841a3452255755b24d82254,none,False,False,,,,,0,0,https://api.linked-systems.uk/api/schema-org/dataset/1170740,
2148596,urn:gleaner.io:oih:bodc:data:29f500d492c940815b3626f5d4a65f0a1c61ce20,tier1,True,False,DepBelowSurf,https://vocab.nerc.ac.uk/collection/P01/current/ADEPZZ01/,,,1,0,https://api.linked-systems.uk/api/schema-org/dataset/2148596,
2148732,urn:gleaner.io:oih:bodc:data:1e9cb12af2b6ebe755c0486b2e5de6854ff7de67,tier1,True,False,DepBelowSurf,https://vocab.nerc.ac.uk/collection/P01/current/ADEPZZ01/,7.2,302.1,1,0,https://api.linked-systems.uk/api/schema-org/dataset/2148732,
1927763,urn:gleaner.io:oih:bodc:data:a9d6015a22d190d9f8172caca93ad81a87aec639,tier1,True,False,DepBelowSurf,https://vocab.nerc.ac.uk/collection/P01/current/ADEPZZ01/,2,150,1,0,https://api.linked-systems.uk/api/schema-org/dataset/1927763,
1177357,urn:gleaner.io:oih:bodc:data:236e45ab30f0007dc5151612554738ab39d8a8b0,none,False,False,,,,,0,0,https://api.linked-systems.uk/api/schema-org/dataset/1177357,
1226021,urn:gleaner.io:oih:bodc:data:b5d2b5600cab8121a81db0ed22fde66a604279d1,none,False,False,,,,,0,0,https://api.linked-systems.uk/api/schema-org/dataset/1226021,
2107714,urn:gleaner.io:oih:bodc:data:e2ca19e654e4bf9939af80004b6a3da9fc4c68a5,none,False,False,,,,,0,0,https://api.linked-systems.uk/api/schema-org/dataset/2107714,
2051806,urn:gleaner.io:oih:bodc:data:70859b949bc94c4b05cf60da0a6cf26f89893c68,none,False,False,,,,,0,0,https://api.linked-systems.uk/api/schema-org/dataset/2051806,
1816776,urn:gleaner.io:oih:bodc:data:338b143027391ee392e40cd1b9ab024dc4d84f4f,none,False,False,,,,,0,0,https://api.linked-systems.uk/api/schema-org/dataset/1816776,
1816740,urn:gleaner.io:oih:bodc:data:8ab93fab40dc3c85f3319ec85b42d9c7bc6f4a73,none,False,False,,,,,0,0,https://api.linked-systems.uk/api/schema-org/dataset/1816740,
2115843,urn:gleaner.io:oih:bodc:data:0180b80760825a75e205ad559cfb2de79e009d82,tier1,True,False,DepBelowSurf,https://vocab.nerc.ac.uk/collection/P01/current/ADEPZZ01/,35,2007.1,1,0,https://api.linked-systems.uk/api/schema-org/dataset/2115843,
2046355,urn:gleaner.io:oih:bodc:data:fba65f50f34da63fac250a9bbf74b9c4bc329411,tier1,True,False,DepBelowSurf,https://vocab.nerc.ac.uk/collection/P01/current/ADEPZZ01/,12.6,1001.5,1,0,https://api.linked-systems.uk/api/schema-org/dataset/2046355,
1759959,urn:gleaner.io:oih:bodc:data:4f8df7298f213801dbd212dfd902ef2174e9c2be,none,False,False,,,,,0,0,https://api.linked-systems.uk/api/schema-org/dataset/1759959,
1839413,urn:gleaner.io:oih:bodc:data:54efe189b4c3ce8bf1846af989da981c4d14146d,none,False,False,,,,,0,0,https://api.linked-systems.uk/api/schema-org/dataset/1839413,
2148074,urn:gleaner.io:oih:bodc:data:1016759f615fc0997c650985a8719afa3dc63834,tier1,True,False,DepBelowSurf,https://vocab.nerc.ac.uk/collection/P01/current/ADEPZZ01/,6.1,301.1,1,0,https://api.linked-systems.uk/api/schema-org/dataset/2148074,
2148154,urn:gleaner.io:oih:bodc:data:7d3a77709fca3db18d3c9f20672f40384107d4f4,tier1,True,False,DepBelowSurf,https://vocab.nerc.ac.uk/collection/P01/current/ADEPZZ01/,5.3,298.5,1,0,https://api.linked-systems.uk/api/schema-org/dataset/2148154,
1177517,urn:gleaner.io:oih:bodc:data:629864851ad13a6511c8272e70e79861639170a6,none,False,False,,,,,0,0,https://api.linked-systems.uk/api/schema-org/dataset/1177517,
2048767,urn:gleaner.io:oih:bodc:data:92e19c7ccef6c97874b807bf3b4a9c5ac609bdc9,none,False,False,,,,,0,0,https://api.linked-systems.uk/api/schema-org/dataset/2048767,
2148707,urn:gleaner.io:oih:bodc:data:a81de6a70dafada4a5e8a54a17cb7db3e2b8ba9e,tier1,True,False,DepBelowSurf,https://vocab.nerc.ac.uk/collection/P01/current/ADEPZZ01/,4.7,300.7,1,0,https://api.linked-systems.uk/api/schema-org/dataset/2148707,
1816868,urn:gleaner.io:oih:bodc:data:96162fa5ae3f0b9a7d69376d25dafa5c91d53c22,none,False,False,,,,,0,0,https://api.linked-systems.uk/api/schema-org/dataset/1816868,
1880686,urn:gleaner.io:oih:bodc:data:4532f3df2e96a24c39e5bf5144de23cc4ba613f3,none,False,False,,,,,0,0,https://api.linked-systems.uk/api/schema-org/dataset/1880686,
2014710,urn:gleaner.io:oih:bodc:data:b610a788aa80bf66ddeb6e9cac411b9b7af2115a,tier2,False,False,Start_depth,https://vocab.nerc.ac.uk/collection/P01/current/DEPHPRST/,8.92,104.08,0,1,https://api.linked-systems.uk/api/schema-org/dataset/2014710,
888181,urn:gleaner.io:oih:bodc:data:946a68ea58ecaac4549587cce38be50ae9da1939,none,False,False,,,,,0,0,https://api.linked-systems.uk/api/schema-org/dataset/888181,
1177880,urn:gleaner.io:oih:bodc:data:c25c967833ab3965eed67d6619605d87da7f4c46,none,False,False,,,,,0,0,https://api.linked-systems.uk/api/schema-org/dataset/1177880,
2107702,urn:gleaner.io:oih:bodc:data:b94b3889065da8b3bb47e8f42f30cb1f42e72a94,tier1,True,False,DepBelowSurf,https://vocab.nerc.ac.uk/collection/P01/current/ADEPZZ01/,15,90,1,0,https://api.linked-systems.uk/api/schema-org/dataset/2107702,
1816788,urn:gleaner.io:oih:bodc:data:c3eb974fce40bb86d8f3a4ba4ae890b81be43df7,tier2,False,False,Start_depth,https://vocab.nerc.ac.uk/collection/P01/current/DEPHPRST/,8.92,351.68,0,1,https://api.linked-systems.uk/api/schema-org/dataset/1816788,
2148781,urn:gleaner.io:oih:bodc:data:6a587f2d9b0b5b850314fb8c8744c5634f0766a1,tier1,True,False,DepBelowSurf,https://vocab.nerc.ac.uk/collection/P01/current/ADEPZZ01/,5.3,300.4,1,0,https://api.linked-systems.uk/api/schema-org/dataset/2148781,
2046318,urn:gleaner.io:oih:bodc:data:94c21fa2aa0b0c8e5aab0654f6946019da09a04e,tier1,True,False,DepBelowSurf,https://vocab.nerc.ac.uk/collection/P01/current/ADEPZZ01/,14.2,99.2,1,0,https://api.linked-systems.uk/api/schema-org/dataset/2046318,
1759972,urn:gleaner.io:oih:bodc:data:ebbb9fd8e00c9ce2c4118e53826817c5dc05fd59,none,False,False,,,,,0,0,https://api.linked-systems.uk/api/schema-org/dataset/1759972,
2046251,urn:gleaner.io:oih:bodc:data:c9f2cb34eead94378847f55e3e3f31f2026e0b9c,none,False,False,,,,,0,0,https://api.linked-systems.uk/api/schema-org/dataset/2046251,
1226346,urn:gleaner.io:oih:bodc:data:5e18a05ec90e7bb7e46396ac349fc049f1a4af5b,tier_instrument,False,True,,,,,0,0,https://api.linked-systems.uk/api/schema-org/dataset/1226346,
2014678,urn:gleaner.io:oih:bodc:data:4ef5d8726310e56324d5e9438036249c51a60d8a,none,False,False,,,,,0,0,https://api.linked-systems.uk/api/schema-org/dataset/2014678,
1928176,urn:gleaner.io:oih:bodc:data:cd6e34f5080619fd73cdcd3caaeb6ad289ef4597,tier1,True,False,DepBelowSurf,https://vocab.nerc.ac.uk/collection/P01/current/ADEPZZ01/,4.2,989.1,1,0,https://api.linked-systems.uk/api/schema-org/dataset/1928176,
1876626,urn:gleaner.io:oih:bodc:data:3ba90aafdce86aebfd24af3c8f33fad00d3b11f6,none,False,False,,,,,0,0,https://api.linked-systems.uk/api/schema-org/dataset/1876626,
2027818,urn:gleaner.io:oih:bodc:data:c193503a0bb7b68d48af6082a6278c8e87b130ae,tier2,False,False,SFPG,https://vocab.nerc.ac.uk/collection/P01/current/DEPHFP01/,,,0,1,https://api.linked-systems.uk/api/schema-org/dataset/2027818,
1347075,urn:gleaner.io:oih:bodc:data:cd99e158835dd9d63d4928116b0ae7cc04308f32,tier1,True,False,DepBelowSurf,https://vocab.nerc.ac.uk/collection/P01/current/ADEPZZ01/,7,2000.4,1,0,https://api.linked-systems.uk/api/schema-org/dataset/1347075,
1225921,urn:gleaner.io:oih:bodc:data:e2ffbb3edaef60a3115dda900353affb1903eafb,tier_instrument,False,True,,,,,0,0,https://api.linked-systems.uk/api/schema-org/dataset/1225921,
2001662,urn:gleaner.io:oih:bodc:data:e38eada26d51bf7c8bf2bceefe6a3f63ac991dbd,tier1,True,False,DepBelowSurf,https://vocab.nerc.ac.uk/collection/P01/current/ADEPZZ01/,11.7,4727,1,0,https://api.linked-systems.uk/api/schema-org/dataset/2001662,
1177799,urn:gleaner.io:oih:bodc:data:fa5354571029877d0a13004650962c26e93d36e0,none,False,False,,,,,0,0,https://api.linked-systems.uk/api/schema-org/dataset/1177799,
2051843,urn:gleaner.io:oih:bodc:data:ad65e6aadc9cc7f8ffb1dfe81d848070700f1b08,none,False,False,,,,,0,0,https://api.linked-systems.uk/api/schema-org/dataset/2051843,
2004101,urn:gleaner.io:oih:bodc:data:d080330485bfcf829301c856e2731d19b988d84f,tier1,True,False,DepBelowSurf,https://vocab.nerc.ac.uk/collection/P01/current/ADEPZZ01/,10.4,991.1,1,0,https://api.linked-systems.uk/api/schema-org/dataset/2004101,
1346871,urn:gleaner.io:oih:bodc:data:b735e997ce419cbaf09c67a94dfa8b13fc7a2873,tier1,True,False,DepBelowSurf,https://vocab.nerc.ac.uk/collection/P01/current/ADEPZZ01/,7.3,1001.4,1,0,https://api.linked-systems.uk/api/schema-org/dataset/1346871,
1927879,urn:gleaner.io:oih:bodc:data:c3cba5532b860b1958a87149f7ef1e1acd6d1581,none,False,False,,,,,0,0,https://api.linked-systems.uk/api/schema-org/dataset/1927879,
2048859,urn:gleaner.io:oih:bodc:data:1da7d33d876b7ced38364a7a3c0420b57cdd1b8f,none,False,False,,,,,0,0,https://api.linked-systems.uk/api/schema-org/dataset/2048859,
1347247,urn:gleaner.io:oih:bodc:data:338fb847dc09a499dcd4f75043a6cb08ddf8fbe9,tier1,True,False,DepBelowSurf,https://vocab.nerc.ac.uk/collection/P01/current/ADEPZZ01/,5.4,996.5,1,0,https://api.linked-systems.uk/api/schema-org/dataset/1347247,
2148062,urn:gleaner.io:oih:bodc:data:1d03b5786f113b2384926ec090ae0df833a74011,tier1,True,False,DepBelowSurf,https://vocab.nerc.ac.uk/collection/P01/current/ADEPZZ01/,6,301,1,0,https://api.linked-systems.uk/api/schema-org/dataset/2148062,
1929075,urn:gleaner.io:oih:bodc:data:8da245f04e2517c3ee73cfdf6ee5977bf02058ba,tier1,True,False,DepBelowSurf,https://vocab.nerc.ac.uk/collection/P01/current/ADEPZZ01/,20.6,4826.7,1,0,https://api.linked-systems.uk/api/schema-org/dataset/1929075,
1347260,urn:gleaner.io:oih:bodc:data:697f8dc4153a44dac6b3d9cff29996cd965f6562,tier1,True,False,DepBelowSurf,https://vocab.nerc.ac.uk/collection/P01/current/ADEPZZ01/,6.3,101.2,1,0,https://api.linked-systems.uk/api/schema-org/dataset/1347260,
1778785,urn:gleaner.io:oih:bodc:data:8bfbcdba24fd8f68b5730fb9e71c75832d013fd0,none,False,False,,,,,0,0,https://api.linked-systems.uk/api/schema-org/dataset/1778785,
1350777,urn:gleaner.io:oih:bodc:data:92977bbfa630481beea4438b9b859d249e779f3a,tier1,True,False,DepBelowSurf,https://vocab.nerc.ac.uk/collection/P01/current/ADEPZZ01/,13.9,286.4,1,0,https://api.linked-systems.uk/api/schema-org/dataset/1350777,
2119008,urn:gleaner.io:oih:bodc:data:938fce67ab1cff9dc78d7f2d550a9c9367ac15a5,tier1,True,False,DepBelowSurf,https://vocab.nerc.ac.uk/collection/P01/current/ADEPZZ01/,10,201.3,1,0,https://api.linked-systems.uk/api/schema-org/dataset/2119008,
2119033,urn:gleaner.io:oih:bodc:data:1f41e66681fadcae8b9f76f13c63cc563728a8cb,tier1,True,False,DepBelowSurf,https://vocab.nerc.ac.uk/collection/P01/current/ADEPZZ01/,33.3,4799.1,1,0,https://api.linked-systems.uk/api/schema-org/dataset/2119033,
2148688,urn:gleaner.io:oih:bodc:data:f6bdb509094a83c0ce7d3170aedb5387d900ee7f,none,False,False,,,,,0,0,https://api.linked-systems.uk/api/schema-org/dataset/2148688,
2014783,urn:gleaner.io:oih:bodc:data:051def7173b8c74792d83fca500b468fa18ce5e8,tier2,False,False,Start_depth,https://vocab.nerc.ac.uk/collection/P01/current/DEPHPRST/,20.82,4827.58,0,1,https://api.linked-systems.uk/api/schema-org/dataset/2014783,
2048706,urn:gleaner.io:oih:bodc:data:3971fbef652195bec43a1e0d0b9460ccd3864d3d,none,False,False,,,,,0,0,https://api.linked-systems.uk/api/schema-org/dataset/2048706,
2051763,urn:gleaner.io:oih:bodc:data:c520fd8ab57b6fe3113dba74090a4f433ab53995,tier1,True,False,DepBelowSurf,https://vocab.nerc.ac.uk/collection/P01/current/ADEPZZ01/,8.4,82.4,1,0,https://api.linked-systems.uk/api/schema-org/dataset/2051763,
2046202,urn:gleaner.io:oih:bodc:data:3212ec6c94d068f882c004e619e4dcd43e9769ba,none,False,False,,,,,0,0,https://api.linked-systems.uk/api/schema-org/dataset/2046202,
1816727,urn:gleaner.io:oih:bodc:data:1d3627c2c82fc3186b7a0815eef34e559bacf359,tier2,False,False,Start_depth,https://vocab.nerc.ac.uk/collection/P01/current/DEPHPRST/,0.99,52.54,0,1,https://api.linked-systems.uk/api/schema-org/dataset/1816727,
1879624,urn:gleaner.io:oih:bodc:data:1b36bdd8c556da0e5a23b3348ef41953999f3f5d,tier1,True,False,DepBelowSurf,https://vocab.nerc.ac.uk/collection/P01/current/ADEPZZ01/,,,1,0,https://api.linked-systems.uk/api/schema-org/dataset/1879624,
1177530,urn:gleaner.io:oih:bodc:data:7b79ca78b8c67dca5db86473d0a0f75e22ee9ccc,none,False,False,,,,,0,0,https://api.linked-systems.uk/api/schema-org/dataset/1177530,
2014771,urn:gleaner.io:oih:bodc:data:b0891a9026660e7a3c798ff45e5866381fcb8f66,none,False,False,,,,,0,0,https://api.linked-systems.uk/api/schema-org/dataset/2014771,
1927763,urn:gleaner.io:oih:bodc:data:15532c7d311707b067a3d52674ca89abe229ba0c,tier1,True,False,DepBelowSurf,https://vocab.nerc.ac.uk/collection/P01/current/ADEPZZ01/,2,150,1,0,https://api.linked-systems.uk/api/schema-org/dataset/1927763,
2148406,urn:gleaner.io:oih:bodc:data:36145af7a12cf755dd4345f8555c5d0f2a59cc41,tier1,True,False,DepBelowSurf,https://vocab.nerc.ac.uk/collection/P01/current/ADEPZZ01/,4.9,99.4,1,0,https://api.linked-systems.uk/api/schema-org/dataset/2148406,
1177413,urn:gleaner.io:oih:bodc:data:43aceaaca8a4d3aa3e972cea01d415b715d0a61f,none,False,False,,,,,0,0,https://api.linked-systems.uk/api/schema-org/dataset/1177413,
1928059,urn:gleaner.io:oih:bodc:data:bb9fe17bc395b69711410eabb71f4b887b0f7864,tier1,True,False,DepBelowSurf,https://vocab.nerc.ac.uk/collection/P01/current/ADEPZZ01/,249.6,497.7,1,0,https://api.linked-systems.uk/api/schema-org/dataset/1928059,
2148338,urn:gleaner.io:oih:bodc:data:3036d750058e5f725ea609ffd09c9ab6512f40af,none,False,False,,,,,0,0,https://api.linked-systems.uk/api/schema-org/dataset/2148338,
2148756,urn:gleaner.io:oih:bodc:data:51f7974004162fe501c7718c1ba8ade14b9550d1,tier1,True,False,DepBelowSurf,https://vocab.nerc.ac.uk/collection/P01/current/ADEPZZ01/,6.1,300.7,1,0,https://api.linked-systems.uk/api/schema-org/dataset/2148756,
1177554,urn:gleaner.io:oih:bodc:data:9091b9f515a3751cea175d736de450b550174079,none,False,False,,,,,0,0,https://api.linked-systems.uk/api/schema-org/dataset/1177554,
1226174,urn:gleaner.io:oih:bodc:data:f5261ec95ca77d5476b70d94758bf6c3394c3063,tier_instrument,False,True,,,,,0,0,https://api.linked-systems.uk/api/schema-org/dataset/1226174,
1927935,urn:gleaner.io:oih:bodc:data:5590939b236a8ab7d2723b7256cd4d45ad24a3e2,tier1,True,False,DepBelowSurf,https://vocab.nerc.ac.uk/collection/P01/current/ADEPZZ01/,2,150,1,0,https://api.linked-systems.uk/api/schema-org/dataset/1927935,
2001730,urn:gleaner.io:oih:bodc:data:1a61d52a0b85534902cdf27480d5be1bec5cb626,none,False,False,,,,,0,0,https://api.linked-systems.uk/api/schema-org/dataset/2001730,
2153482,urn:gleaner.io:oih:bodc:data:60c1ef57bd6743ac3237673d17bfc69fa0310352,tier1,True,False,DepBelowSurf,https://vocab.nerc.ac.uk/collection/P01/current/ADEPZZ01/,20,4816,1,0,https://api.linked-systems.uk/api/schema-org/dataset/2153482,
2148283,urn:gleaner.io:oih:bodc:data:5f41b0eb72198bb91b73627221a8364d0abb104c,none,False,False,,,,,0,0,https://api.linked-systems.uk/api/schema-org/dataset/2148283,
2148234,urn:gleaner.io:oih:bodc:data:1100aa06fdbe05e370947433db87c2c1d128c7a4,none,False,False,,,,,0,0,https://api.linked-systems.uk/api/schema-org/dataset/2148234,
1989668,urn:gleaner.io:oih:bodc:data:a7d7a5b8c388ecdf5c1c2cef7336987d47c5620b,none,False,False,,,,,0,0,https://api.linked-systems.uk/api/schema-org/dataset/1989668,
1346975,urn:gleaner.io:oih:bodc:data:53093a49b22fa5abe2fc37968af6278dd479076b,tier1,True,False,DepBelowSurf,https://vocab.nerc.ac.uk/collection/P01/current/ADEPZZ01/,6.3,998.6,1,0,https://api.linked-systems.uk/api/schema-org/dataset/1346975,
1346902,urn:gleaner.io:oih:bodc:data:52622b20233b2f7e1e5f98758a8eaa4dadecb6dc,none,False,False,,,,,0,0,https://api.linked-systems.uk/api/schema-org/dataset/1346902,
1177450,urn:gleaner.io:oih:bodc:data:866f9cabf9b4a38857339865aaac544ddacbd846,none,False,False,,,,,0,0,https://api.linked-systems.uk/api/schema-org/dataset/1177450,
1879661,urn:gleaner.io:oih:bodc:data:333250f791f48bb5cd850f069e268c6701fa20dc,none,False,False,,,,,0,0,https://api.linked-systems.uk/api/schema-org/dataset/1879661,
1927855,urn:gleaner.io:oih:bodc:data:68947a8037d9956783fc0b9e38bc8dabe1d13ae2,none,False,False,,,,,0,0,https://api.linked-systems.uk/api/schema-org/dataset/1927855,
1880778,urn:gleaner.io:oih:bodc:data:f9f799f90505afa43bfcb24f7656958ead5bd8fb,tier1,True,False,DepBelowSurf,https://vocab.nerc.ac.uk/collection/P01/current/ADEPZZ01/,3,200,1,0,https://api.linked-systems.uk/api/schema-org/dataset/1880778,
1177425,urn:gleaner.io:oih:bodc:data:46b08447e506d35ba04bb01b733980c9fd2006a8,none,False,False,,,,,0,0,https://api.linked-systems.uk/api/schema-org/dataset/1177425,
1177714,urn:gleaner.io:oih:bodc:data:9a6e73f67e84f4ab90affe5e2a59ce2242e0f913,none,False,False,,,,,0,0,https://api.linked-systems.uk/api/schema-org/dataset/1177714,
2052096,urn:gleaner.io:oih:bodc:data:34889966588703475bd28ddfb9dfb960668608c3,none,False,False,,,,,0,0,https://api.linked-systems.uk/api/schema-org/dataset/2052096,
1989693,urn:gleaner.io:oih:bodc:data:ca67ce350cc4b71b54b560285f9460b0e85bcc8f,tier1,True,False,DepBelowSurf,https://vocab.nerc.ac.uk/collection/P01/current/ADEPZZ01/,9.7,4729.6,1,0,https://api.linked-systems.uk/api/schema-org/dataset/1989693,
1879636,urn:gleaner.io:oih:bodc:data:74dccf53f877a7f82fdbf9e2dd832bb748fdcf19,tier1,True,False,DepBelowSurf,https://vocab.nerc.ac.uk/collection/P01/current/ADEPZZ01/,5,101,1,0,https://api.linked-systems.uk/api/schema-org/dataset/1879636,
1880637,urn:gleaner.io:oih:bodc:data:0aaaa295327510a53b81f27cef7635bc3aa9a74d,tier1,True,False,DepBelowSurf,https://vocab.nerc.ac.uk/collection/P01/current/ADEPZZ01/,5,200,1,0,https://api.linked-systems.uk/api/schema-org/dataset/1880637,
1226008,urn:gleaner.io:oih:bodc:data:11ecc5c8916de23329145e5f7dc92497bd3e8cce,none,False,False,,,,,0,0,https://api.linked-systems.uk/api/schema-org/dataset/1226008,
1922838,urn:gleaner.io:oih:bodc:data:52ea114d3e09c15674cba27d8d081658dd871383,none,False,False,,,,,0,0,https://api.linked-systems.uk/api/schema-org/dataset/1922838,
1171048,urn:gleaner.io:oih:bodc:data:7f5f11e27f001faa78ee6f32f409a7995cd96d88,none,False,False,,,,,0,0,https://api.linked-systems.uk/api/schema-org/dataset/1171048,
1177935,urn:gleaner.io:oih:bodc:data:90de16709c6a553d6e1c5fc1ced612053491e688,none,False,False,,,,,0,0,https://api.linked-systems.uk/api/schema-org/dataset/1177935,
1226137,urn:gleaner.io:oih:bodc:data:011e68e1f78b4be96675e4e71dc233edce680ab7,tier_instrument,False,True,,,,,0,0,https://api.linked-systems.uk/api/schema-org/dataset/1226137,
1171116,urn:gleaner.io:oih:bodc:data:75a49289762e8db373e1ceaba7c6ded4554b9570,tier2,False,False,BinDep,https://vocab.nerc.ac.uk/collection/P01/current/DBINAA01/,11,407,0,1,https://api.linked-systems.uk/api/schema-org/dataset/1171116,
2001625,urn:gleaner.io:oih:bodc:data:b18f3a742eb2b0c40034f62f49f9f44296af6155,none,False,False,,,,,0,0,https://api.linked-systems.uk/api/schema-org/dataset/2001625,
1346858,urn:gleaner.io:oih:bodc:data:abcf60c02e601364b8f91a79abd6e0f7c7157d3f,tier1,True,False,DepBelowSurf,https://vocab.nerc.ac.uk/collection/P01/current/ADEPZZ01/,5.8,201.8,1,0,https://api.linked-systems.uk/api/schema-org/dataset/1346858,
1927855,urn:gleaner.io:oih:bodc:data:c64db9f781c6ceab9b5954ac144f6a7f4d5f5a15,tier1,True,False,DepBelowSurf,https://vocab.nerc.ac.uk/collection/P01/current/ADEPZZ01/,3,50,1,0,https://api.linked-systems.uk/api/schema-org/dataset/1927855,
1226186,urn:gleaner.io:oih:bodc:data:de4b7732d4bdd66764e3ab1155af8070d9a57f8b,none,False,False,,,,,0,0,https://api.linked-systems.uk/api/schema-org/dataset/1226186,
1347247,urn:gleaner.io:oih:bodc:data:c4a1083951b65871831394fbfdbcaab32f54e754,none,False,False,,,,,0,0,https://api.linked-systems.uk/api/schema-org/dataset/1347247,
1816776,urn:gleaner.io:oih:bodc:data:f12055a42aa2380bef10dd6a767cd8b81638fb4e,tier2,False,False,Start_depth,https://vocab.nerc.ac.uk/collection/P01/current/DEPHPRST/,10.91,4823.72,0,1,https://api.linked-systems.uk/api/schema-org/dataset/1816776,
1816844,urn:gleaner.io:oih:bodc:data:edca2a431063cbbcc2006ce327efd5b044c9bbb3,none,False,False,,,,,0,0,https://api.linked-systems.uk/api/schema-org/dataset/1816844,
1927996,urn:gleaner.io:oih:bodc:data:d172ec3411ef78149273f5abacd55256cf964522,tier1,True,False,DepBelowSurf,https://vocab.nerc.ac.uk/collection/P01/current/ADEPZZ01/,9.4,58.3,1,0,https://api.linked-systems.uk/api/schema-org/dataset/1927996,
2107622,urn:gleaner.io:oih:bodc:data:95132a0d7e1a9e6fa4ad818aee4a4d5702fc799f,none,False,False,,,,,0,0,https://api.linked-systems.uk/api/schema-org/dataset/2107622,
2027843,urn:gleaner.io:oih:bodc:data:98cd726ae779d0801b046f6779187238a3dfc431,none,False,False,,,,,0,0,https://api.linked-systems.uk/api/schema-org/dataset/2027843,
1876699,urn:gleaner.io:oih:bodc:data:cca82cd08bcb5bee1ea2ad5ed4cefccb0f21ddf4,none,False,False,,,,,0,0,https://api.linked-systems.uk/api/schema-org/dataset/1876699,
2026907,urn:gleaner.io:oih:bodc:data:2e4d0491a79eb771d163e079474b7590518bd303,tier_instrument,False,True,,,,,0,0,https://api.linked-systems.uk/api/schema-org/dataset/2026907,
2026606,urn:gleaner.io:oih:bodc:data:521e9b45b619f717ff6b6ce827b850a4b30b905f,tier_instrument,False,True,,,,,0,0,https://api.linked-systems.uk/api/schema-org/dataset/2026606,
2046226,urn:gleaner.io:oih:bodc:data:64461f491d3925099aee0b6b32563fba763ef43d,tier1,True,False,DepBelowSurf,https://vocab.nerc.ac.uk/collection/P01/current/ADEPZZ01/,13.1,801.4,1,0,https://api.linked-systems.uk/api/schema-org/dataset/2046226,
2148941,urn:gleaner.io:oih:bodc:data:9e8fcd11c54c92726a67bd84c057ba24e7770ca4,none,False,False,,,,,0,0,https://api.linked-systems.uk/api/schema-org/dataset/2148941,
1177880,urn:gleaner.io:oih:bodc:data:3c6ff78a87e181a5be30ab8a3d456bd75e1856b9,none,False,False,,,,,0,0,https://api.linked-systems.uk/api/schema-org/dataset/1177880,
2138737,urn:gleaner.io:oih:bodc:data:8cf9c10c927b502f8c6da18497b7ec35b9360fb4,none,False,False,,,,,0,0,https://api.linked-systems.uk/api/schema-org/dataset/2138737,
1347002,urn:gleaner.io:oih:bodc:data:cfac0a1d27948ef15709533842c1e52347798dcb,none,False,False,,,,,0,0,https://api.linked-systems.uk/api/schema-org/dataset/1347002,
2074694,urn:gleaner.io:oih:bodc:data:3c63f144ea42e6d0b05a47923e8943eeb562e706,none,False,False,,,,,0,0,https://api.linked-systems.uk/api/schema-org/dataset/2074694,
2107671,urn:gleaner.io:oih:bodc:data:a5d96c12871a10fb2470634dcc1bdadeddefffd0,none,False,False,,,,,0,0,https://api.linked-systems.uk/api/schema-org/dataset/2107671,
1879600,urn:gleaner.io:oih:bodc:data:5f53cfa69b989b3fba75f75c93507e17cc3c5094,none,False,False,,,,,0,0,https://api.linked-systems.uk/api/schema-org/dataset/1879600,
1903785,urn:gleaner.io:oih:bodc:data:937e70f4b92a271f6b7fb90d2418394fc9895cdf,none,False,False,,,,,0,0,https://api.linked-systems.uk/api/schema-org/dataset/1903785,
1927984,urn:gleaner.io:oih:bodc:data:f14fc1c53c38607613a3cca36a7d2d8bee989602,none,False,False,,,,,0,0,https://api.linked-systems.uk/api/schema-org/dataset/1927984,
1874355,urn:gleaner.io:oih:bodc:data:9e12a040e67baa1c2ca8eb9c2606488662f2a276,none,False,False,,,,,0,0,https://api.linked-systems.uk/api/schema-org/dataset/1874355,
2118945,urn:gleaner.io:oih:bodc:data:5b19266503edf2af008a5ed8e0ea4a112f665a49,none,False,False,,,,,0,0,https://api.linked-systems.uk/api/schema-org/dataset/2118945,
1816856,urn:gleaner.io:oih:bodc:data:c13e0b753cb4e3a7f13dccc9d8df7317a1e0a5f9,none,False,False,,,,,0,0,https://api.linked-systems.uk/api/schema-org/dataset/1816856,
1177646,urn:gleaner.io:oih:bodc:data:7c47f611f9ef796423881351c182bf50c1ee68c8,none,False,False,,,,,0,0,https://api.linked-systems.uk/api/schema-org/dataset/1177646,
1816893,urn:gleaner.io:oih:bodc:data:14d39160b74f3d95197b7764d502de3f4e368645,tier2,False,False,Start_depth,https://vocab.nerc.ac.uk/collection/P01/current/DEPHPRST/,4.96,4829.52,0,1,https://api.linked-systems.uk/api/schema-org/dataset/1816893,
876500,urn:gleaner.io:oih:bodc:data:1989227904762ddfd24627963e41f745c198c0a9,none,False,False,,,,,0,0,https://api.linked-systems.uk/api/schema-org/dataset/876500,
2148928,urn:gleaner.io:oih:bodc:data:3d003101b66a1974ff26bd38197ee95df13af931,none,False,False,,,,,0,0,https://api.linked-systems.uk/api/schema-org/dataset/2148928,
1816715,urn:gleaner.io:oih:bodc:data:3b492727f59b7b67ee67f721cd809bc61d541819,none,False,False,,,,,0,0,https://api.linked-systems.uk/api/schema-org/dataset/1816715,
1816788,urn:gleaner.io:oih:bodc:data:938097895044e512f33484cf0c61a6d83534622e,none,False,False,,,,,0,0,https://api.linked-systems.uk/api/schema-org/dataset/1816788,
2023006,urn:gleaner.io:oih:bodc:data:e14cdc79ad7618cfa3202fdd09f3d0395a8ff979,none,False,False,,,,,0,0,https://api.linked-systems.uk/api/schema-org/dataset/2023006,
1879556,urn:gleaner.io:oih:bodc:data:03ad47d17cb26ddff42da5479c567dfb7d426f89,none,False,False,,,,,0,0,https://api.linked-systems.uk/api/schema-org/dataset/1879556,
2148271,urn:gleaner.io:oih:bodc:data:0b263faeb86c5ba306f7b2d6612174e410dd7989,none,False,False,,,,,0,0,https://api.linked-systems.uk/api/schema-org/dataset/2148271,
2014734,urn:gleaner.io:oih:bodc:data:32c58f413ee03461985aee7df26057c8defeeff6,none,False,False,,,,,0,0,https://api.linked-systems.uk/api/schema-org/dataset/2014734,
1177566,urn:gleaner.io:oih:bodc:data:1c0d7aa61c8df4a540ecfdaa43711fdeac79eab9,none,False,False,,,,,0,0,https://api.linked-systems.uk/api/schema-org/dataset/1177566,
1816740,urn:gleaner.io:oih:bodc:data:5adb43e9014dd7b240594e7c3d07bd8fc71d0897,tier2,False,False,Start_depth,https://vocab.nerc.ac.uk/collection/P01/current/DEPHPRST/,4.96,351.69,0,1,https://api.linked-systems.uk/api/schema-org/dataset/1816740,
2107610,urn:gleaner.io:oih:bodc:data:bcb9274480498105fe2cd2f1f83941a7f2f9a918,none,False,False,,,,,0,0,https://api.linked-systems.uk/api/schema-org/dataset/2107610,
2115799,urn:gleaner.io:oih:bodc:data:ea3dc605590824de66da0152d1c0cc068f481a1c,tier1,True,False,DepBelowSurf,https://vocab.nerc.ac.uk/collection/P01/current/ADEPZZ01/,8.8,4819.4,1,0,https://api.linked-systems.uk/api/schema-org/dataset/2115799,
1928047,urn:gleaner.io:oih:bodc:data:b1a76cb93acce22150f91c591ceb4e7b1b72c2dc,none,False,False,,,,,0,0,https://api.linked-systems.uk/api/schema-org/dataset/1928047,
1170924,urn:gleaner.io:oih:bodc:data:7ca84b289483f604b602923520dacd492fe07761,tier2,False,False,BinDep,https://vocab.nerc.ac.uk/collection/P01/current/DBINAA01/,11,407,0,1,https://api.linked-systems.uk/api/schema-org/dataset/1170924,
2110642,urn:gleaner.io:oih:bodc:data:2819c8cd6ebddddf4e42cebb9af18271b3254408,none,False,False,,,,,0,0,https://api.linked-systems.uk/api/schema-org/dataset/2110642,
2148676,urn:gleaner.io:oih:bodc:data:202d94a4145bed0a552c68bec0a3e1793624df59,none,False,False,,,,,0,0,https://api.linked-systems.uk/api/schema-org/dataset/2148676,
1170881,urn:gleaner.io:oih:bodc:data:a22732ba01f180121c4e9e088e6595da9f605b01,tier2,False,False,BinDep,https://vocab.nerc.ac.uk/collection/P01/current/DBINAA01/,11,407,0,1,https://api.linked-systems.uk/api/schema-org/dataset/1170881,
2148209,urn:gleaner.io:oih:bodc:data:395207766c391f7ab035fc4a43008fb05ef4ddcb,none,False,False,,,,,0,0,https://api.linked-systems.uk/api/schema-org/dataset/2148209,
1177972,urn:gleaner.io:oih:bodc:data:bf7a61e4c7795c4871ac46cf041b6a47885c2e78,none,False,False,,,,,0,0,https://api.linked-systems.uk/api/schema-org/dataset/1177972,
2148210,urn:gleaner.io:oih:bodc:data:014aa343423a7256a6c9ca6ec0c3a586c98c1de2,none,False,False,,,,,0,0,https://api.linked-systems.uk/api/schema-org/dataset/2148210,
2046183,urn:gleaner.io:oih:bodc:data:45331c93953aa4771e2fc3c040ae259473774402,tier1,True,False,DepBelowSurf,https://vocab.nerc.ac.uk/collection/P01/current/ADEPZZ01/,13.6,4758,1,0,https://api.linked-systems.uk/api/schema-org/dataset/2046183,
2106876,urn:gleaner.io:oih:bodc:data:35f19a01ec4e75ea3ea57688c1c8ea029fddd466,none,False,False,,,,,0,0,https://api.linked-systems.uk/api/schema-org/dataset/2106876,
1876699,urn:gleaner.io:oih:bodc:data:7f98819f29f71cd7682cedb3ed54d3eb346e3c77,tier1,True,False,DepBelowSurf,https://vocab.nerc.ac.uk/collection/P01/current/ADEPZZ01/,5.1,212.6,1,0,https://api.linked-systems.uk/api/schema-org/dataset/1876699,
1347327,urn:gleaner.io:oih:bodc:data:f331af35c307fedb944e8dcbbd55d3aedd632dfa,none,False,False,,,,,0,0,https://api.linked-systems.uk/api/schema-org/dataset/1347327,
2048823,urn:gleaner.io:oih:bodc:data:9f70fa96017f41cc2cb977ca4fcbf47bbf798cd2,none,False,False,,,,,0,0,https://api.linked-systems.uk/api/schema-org/dataset/2048823,
1759996,urn:gleaner.io:oih:bodc:data:510ef23ba7e1d0fd01f29c393e98a8767469f5fa,none,False,False,,,,,0,0,https://api.linked-systems.uk/api/schema-org/dataset/1759996,
1226334,urn:gleaner.io:oih:bodc:data:a80e58d27ea9989a7ee3a3f4c99b467136237f51,none,False,False,,,,,0,0,https://api.linked-systems.uk/api/schema-org/dataset/1226334,
1927911,urn:gleaner.io:oih:bodc:data:626f96e6023903c5f304a2b0ee376daf25251121,tier1,True,False,DepBelowSurf,https://vocab.nerc.ac.uk/collection/P01/current/ADEPZZ01/,2,70,1,0,https://api.linked-systems.uk/api/schema-org/dataset/1927911,
2074682,urn:gleaner.io:oih:bodc:data:56a1e051f322c11edeb6f43834dd584e95ad2cb6,none,False,False,,,,,0,0,https://api.linked-systems.uk/api/schema-org/dataset/2074682,
1879556,urn:gleaner.io:oih:bodc:data:9e68d9d4528939de1e12e18cbd16182e29379684,tier1,True,False,DepBelowSurf,https://vocab.nerc.ac.uk/collection/P01/current/ADEPZZ01/,11.4,999.1,1,0,https://api.linked-systems.uk/api/schema-org/dataset/1879556,
2046392,urn:gleaner.io:oih:bodc:data:253275b9dfbdcbf318845cf47f42c7f2fcdbe6ee,none,False,False,,,,,0,0,https://api.linked-systems.uk/api/schema-org/dataset/2046392,
2074670,urn:gleaner.io:oih:bodc:data:85f2da415bd448f7e2791d8343df00a210381046,tier_instrument,False,True,,,,,0,0,https://api.linked-systems.uk/api/schema-org/dataset/2074670,
1989644,urn:gleaner.io:oih:bodc:data:521c5f79ce4ac534e3e4f6e474aee27c5dc823b4,none,False,False,,,,,0,0,https://api.linked-systems.uk/api/schema-org/dataset/1989644,
2148049,urn:gleaner.io:oih:bodc:data:fcd1ded2020e8dcfd29bc8d6b5e5bbdccddbee8a,none,False,False,,,,,0,0,https://api.linked-systems.uk/api/schema-org/dataset/2148049,
1346938,urn:gleaner.io:oih:bodc:data:537cbd3ef8ff96cca4dad0667e5bc4cb32c4aab2,tier1,True,False,DepBelowSurf,https://vocab.nerc.ac.uk/collection/P01/current/ADEPZZ01/,6,999,1,0,https://api.linked-systems.uk/api/schema-org/dataset/1346938,
1347327,urn:gleaner.io:oih:bodc:data:1d06bcee4c806edcf34e6d55a1eccda01e6b5d2f,tier1,True,False,DepBelowSurf,https://vocab.nerc.ac.uk/collection/P01/current/ADEPZZ01/,5.8,126.2,1,0,https://api.linked-systems.uk/api/schema-org/dataset/1347327,
1171000,urn:gleaner.io:oih:bodc:data:0869bf8be3600d5bd21e2e8cde1c129d9613e375,none,False,False,,,,,0,0,https://api.linked-systems.uk/api/schema-org/dataset/1171000,
1347192,urn:gleaner.io:oih:bodc:data:a3c6f6ceb8521900739e0ea954110cdb4bf7d54b,tier1,True,False,DepBelowSurf,https://vocab.nerc.ac.uk/collection/P01/current/ADEPZZ01/,5,993.5,1,0,https://api.linked-systems.uk/api/schema-org/dataset/1347192,
2074713,urn:gleaner.io:oih:bodc:data:b6393131492f8341a024418b90bc59a1eaf6b61f,none,False,False,,,,,0,0,https://api.linked-systems.uk/api/schema-org/dataset/2074713,
2053966,urn:gleaner.io:oih:bodc:data:dce74f94493171e78013ccd206cb795efd3ae6c6,tier2,False,False,SwathCBBathyDep,https://vocab.nerc.ac.uk/collection/P01/current/MBANSWCB/,,,0,1,https://api.linked-systems.uk/api/schema-org/dataset/2053966,
2148431,urn:gleaner.io:oih:bodc:data:28c435e09033fcdefffa280ece8992133a041054,none,False,False,,,,,0,0,https://api.linked-systems.uk/api/schema-org/dataset/2148431,
1927738,urn:gleaner.io:oih:bodc:data:10394372cc17e6b60cc62741e4a3cb7ae6fc69bf,tier1,True,False,DepBelowSurf,https://vocab.nerc.ac.uk/collection/P01/current/ADEPZZ01/,5,150,1,0,https://api.linked-systems.uk/api/schema-org/dataset/1927738,
1874306,urn:gleaner.io:oih:bodc:data:1f4570405c30002f376e8bc65d05537db8c6b09b,none,False,False,,,,,0,0,https://api.linked-systems.uk/api/schema-org/dataset/1874306,
2107799,urn:gleaner.io:oih:bodc:data:a3f68740a899f3cb66da7aec412faf6cb2f093d8,tier1,True,False,DepBelowSurf,https://vocab.nerc.ac.uk/collection/P01/current/ADEPZZ01/,15,200,1,0,https://api.linked-systems.uk/api/schema-org/dataset/2107799,
2110709,urn:gleaner.io:oih:bodc:data:20488a0df63be8bb4fd6df42f67a397f721e44b1,tier1,True,False,DepBelowSurf,https://vocab.nerc.ac.uk/collection/P01/current/ADEPZZ01/,148.9,4723.4,1,0,https://api.linked-systems.uk/api/schema-org/dataset/2110709,
2148812,urn:gleaner.io:oih:bodc:data:e6b6ae70257e6a54cdd4f2e9a7f8297799236c6e,tier1,True,False,DepBelowSurf,https://vocab.nerc.ac.uk/collection/P01/current/ADEPZZ01/,6.3,300.3,1,0,https://api.linked-systems.uk/api/schema-org/dataset/2148812,
1922863,urn:gleaner.io:oih:bodc:data:f9b21ec88454007645421039cc52327f20c0fcac,none,False,False,,,,,0,0,https://api.linked-systems.uk/api/schema-org/dataset/1922863,
2004150,urn:gleaner.io:oih:bodc:data:e4bcbf0b337697279c73a301425b6f69c6d8c1b6,none,False,False,,,,,0,0,https://api.linked-systems.uk/api/schema-org/dataset/2004150,
2074713,urn:gleaner.io:oih:bodc:data:86ca11048ea7cc751b3752024f16fcc8ec070809,tier_instrument,False,True,,,,,0,0,https://api.linked-systems.uk/api/schema-org/dataset/2074713,
1347235,urn:gleaner.io:oih:bodc:data:816e9bb58cd9be400ef8669b350a6b7993cad7a3,tier1,True,False,DepBelowSurf,https://vocab.nerc.ac.uk/collection/P01/current/ADEPZZ01/,6.1,998.9,1,0,https://api.linked-systems.uk/api/schema-org/dataset/1347235,
1225890,urn:gleaner.io:oih:bodc:data:1b3299a9a7c4e44e1b900445212243f18ad8b4d4,tier_instrument,False,True,,,,,0,0,https://api.linked-systems.uk/api/schema-org/dataset/1225890,
2046994,urn:gleaner.io:oih:bodc:data:2f2f205b535f2d3f52f37e4cb005bc7a6b9c5999,none,False,False,,,,,0,0,https://api.linked-systems.uk/api/schema-org/dataset/2046994,
1928072,urn:gleaner.io:oih:bodc:data:789bff55c0ea56afafb63d3fd829ae9c4f5fd659,tier1,True,False,DepBelowSurf,https://vocab.nerc.ac.uk/collection/P01/current/ADEPZZ01/,28.3,128.9,1,0,https://api.linked-systems.uk/api/schema-org/dataset/1928072,
1346834,urn:gleaner.io:oih:bodc:data:cdab3f4e6d2f21df0b39e7b1b543c64b5a4c0375,none,False,False,,,,,0,0,https://api.linked-systems.uk/api/schema-org/dataset/1346834,
2107799,urn:gleaner.io:oih:bodc:data:c75bd216cbb694335f12bbbd929007fbfa1c5ea0,none,False,False,,,,,0,0,https://api.linked-systems.uk/api/schema-org/dataset/2107799,
876512,urn:gleaner.io:oih:bodc:data:32da0b4afd1869d784d01f90de415880dbb4bf35,none,False,False,,,,,0,0,https://api.linked-systems.uk/api/schema-org/dataset/876512,
2012125,urn:gleaner.io:oih:bodc:data:0ad68ed939597c053a0b661ecd1dd237a82809dc,none,False,False,,,,,0,0,https://api.linked-systems.uk/api/schema-org/dataset/2012125,
1226310,urn:gleaner.io:oih:bodc:data:673d36ffb63932b16c46f04ace1febe86cc17d6e,none,False,False,,,,,0,0,https://api.linked-systems.uk/api/schema-org/dataset/1226310,
1347155,urn:gleaner.io:oih:bodc:data:c98935d939d35165718d3fa4e6540b88c565feb4,none,False,False,,,,,0,0,https://api.linked-systems.uk/api/schema-org/dataset/1347155,
1989656,urn:gleaner.io:oih:bodc:data:ed4a13273b438fbcf8fb478c51345acca9b90b24,tier1,True,False,DepBelowSurf,https://vocab.nerc.ac.uk/collection/P01/current/ADEPZZ01/,9.2,103.4,1,0,https://api.linked-systems.uk/api/schema-org/dataset/1989656,
2048743,urn:gleaner.io:oih:bodc:data:9872a869327e921f0fb1865fade63e55674845c8,tier1,True,False,DepBelowSurf,https://vocab.nerc.ac.uk/collection/P01/current/ADEPZZ01/,12.6,1001.5,1,0,https://api.linked-systems.uk/api/schema-org/dataset/2048743,
1816740,urn:gleaner.io:oih:bodc:data:58e11520df835f3400ed24ea6cc388e940e9bdd7,tier2,False,False,Start_depth,https://vocab.nerc.ac.uk/collection/P01/current/DEPHPRST/,4.96,351.69,0,1,https://api.linked-systems.uk/api/schema-org/dataset/1816740,
1816739,urn:gleaner.io:oih:bodc:data:4fcaf74bd6c101c515d9409baf093f53f72b1a52,tier2,False,False,Start_depth,https://vocab.nerc.ac.uk/collection/P01/current/DEPHPRST/,2.97,4790.72,0,1,https://api.linked-systems.uk/api/schema-org/dataset/1816739,
2148375,urn:gleaner.io:oih:bodc:data:e0227ec0f1903d6cc7a93e2aab338456dd22dd87,tier1,True,False,DepBelowSurf,https://vocab.nerc.ac.uk/collection/P01/current/ADEPZZ01/,5.8,151.2,1,0,https://api.linked-systems.uk/api/schema-org/dataset/2148375,
1177308,urn:gleaner.io:oih:bodc:data:0846d735c257c56b9c30a09b5b0b05e7ee73d433,none,False,False,,,,,0,0,https://api.linked-systems.uk/api/schema-org/dataset/1177308,
1928140,urn:gleaner.io:oih:bodc:data:112c83de2057c2ae7d89815f46f10779d255eb81,none,False,False,,,,,0,0,https://api.linked-systems.uk/api/schema-org/dataset/1928140,
1880834,urn:gleaner.io:oih:bodc:data:6329f912c2c10ddd5ea2261fd3389a8b0d0cd111,tier1,True,False,DepBelowSurf,https://vocab.nerc.ac.uk/collection/P01/current/ADEPZZ01/,2,200,1,0,https://api.linked-systems.uk/api/schema-org/dataset/1880834,
1927799,urn:gleaner.io:oih:bodc:data:b0d8543e7bb429a2d23a742e0cdbeca7e3788aca,tier1,True,False,DepBelowSurf,https://vocab.nerc.ac.uk/collection/P01/current/ADEPZZ01/,2,150,1,0,https://api.linked-systems.uk/api/schema-org/dataset/1927799,
2054017,urn:gleaner.io:oih:bodc:data:cffe42ab58c64431fa38c9b1cc4f37e71c0d61a3,tier2,False,False,SFPG,https://vocab.nerc.ac.uk/collection/P01/current/DEPHFP01/,,,0,1,https://api.linked-systems.uk/api/schema-org/dataset/2054017,
1836556,urn:gleaner.io:oih:bodc:data:d19a1b34e3840d4293af943f22abf2f2c8532406,none,False,False,,,,,0,0,https://api.linked-systems.uk/api/schema-org/dataset/1836556,
876493,urn:gleaner.io:oih:bodc:data:2aa1facfbbde069c5f6b66703e8622c6b66c493d,none,False,False,,,,,0,0,https://api.linked-systems.uk/api/schema-org/dataset/876493,
1928115,urn:gleaner.io:oih:bodc:data:1567ba869a223de98beb91a4ca3d1c6390e0fd22,tier1,True,False,DepBelowSurf,https://vocab.nerc.ac.uk/collection/P01/current/ADEPZZ01/,27.7,491.1,1,0,https://api.linked-systems.uk/api/schema-org/dataset/1928115,
2111878,urn:gleaner.io:oih:bodc:data:248d4a98fb2eea3567b944d623bab65311d4613d,tier1,True,False,DepBelowSurf,https://vocab.nerc.ac.uk/collection/P01/current/ADEPZZ01/,2,65,1,0,https://api.linked-systems.uk/api/schema-org/dataset/2111878,
1177542,urn:gleaner.io:oih:bodc:data:14deef531cee2b3a86a14410b5d71d3002607c2e,none,False,False,,,,,0,0,https://api.linked-systems.uk/api/schema-org/dataset/1177542,
1880613,urn:gleaner.io:oih:bodc:data:c002c5fee6da94d4e864edd309a99d84fca9b277,tier1,True,False,DepBelowSurf,https://vocab.nerc.ac.uk/collection/P01/current/ADEPZZ01/,2,70,1,0,https://api.linked-systems.uk/api/schema-org/dataset/1880613,
1177401,urn:gleaner.io:oih:bodc:data:a1ee476c207f1230960222c5192e1dcbca7b3669,none,False,False,,,,,0,0,https://api.linked-systems.uk/api/schema-org/dataset/1177401,
2110678,urn:gleaner.io:oih:bodc:data:0306c579c53387b4abe0aa9bc80989e1fe8d2205,none,False,False,,,,,0,0,https://api.linked-systems.uk/api/schema-org/dataset/2110678,
2107683,urn:gleaner.io:oih:bodc:data:0635fb8316f4e5e3a722dc823e8015274dc8074c,none,False,False,,,,,0,0,https://api.linked-systems.uk/api/schema-org/dataset/2107683,
2048743,urn:gleaner.io:oih:bodc:data:863c1cc9177cf7bdc310b75b6f45500d097c824d,tier1,True,False,DepBelowSurf,https://vocab.nerc.ac.uk/collection/P01/current/ADEPZZ01/,12.6,1001.5,1,0,https://api.linked-systems.uk/api/schema-org/dataset/2048743,
2107818,urn:gleaner.io:oih:bodc:data:df3ec08dfdadcc0064053dac6c7bdb9f958de4f0,none,False,False,,,,,0,0,https://api.linked-systems.uk/api/schema-org/dataset/2107818,
1225853,urn:gleaner.io:oih:bodc:data:2405f07a7362032212abff1e29923a409c161a0c,tier_instrument,False,True,,,,,0,0,https://api.linked-systems.uk/api/schema-org/dataset/1225853,
2046263,urn:gleaner.io:oih:bodc:data:4bb4d927de80ddd440cfd259636f76dbd108bc79,none,False,False,,,,,0,0,https://api.linked-systems.uk/api/schema-org/dataset/2046263,
2048872,urn:gleaner.io:oih:bodc:data:f7913500fa8f1fd544b7e4866f371b398fe519eb,none,False,False,,,,,0,0,https://api.linked-systems.uk/api/schema-org/dataset/2048872,
2051867,urn:gleaner.io:oih:bodc:data:f963f7cd9e18c5a460d4141f43c053c11327f74c,tier1,True,False,DepBelowSurf,https://vocab.nerc.ac.uk/collection/P01/current/ADEPZZ01/,8.2,453.1,1,0,https://api.linked-systems.uk/api/schema-org/dataset/2051867,
888120,urn:gleaner.io:oih:bodc:data:41bc578925d9c2bdaeafe13eb76fb6de463ee657,none,False,False,,,,,0,0,https://api.linked-systems.uk/api/schema-org/dataset/888120,
1928096,urn:gleaner.io:oih:bodc:data:a6e690b4e9d78ae849d146c27bc99e93646491b1,tier1,True,False,DepBelowSurf,https://vocab.nerc.ac.uk/collection/P01/current/ADEPZZ01/,25.9,81,1,0,https://api.linked-systems.uk/api/schema-org/dataset/1928096,
1874251,urn:gleaner.io:oih:bodc:data:df36bc8223c150bcf2addf8c9f553660a205426f,tier1,True,False,DepBelowSurf,https://vocab.nerc.ac.uk/collection/P01/current/ADEPZZ01/,12,501,1,0,https://api.linked-systems.uk/api/schema-org/dataset/1874251,
2107702,urn:gleaner.io:oih:bodc:data:1c7c04a9b99669df9d405397ce40a2d2af2c50da,none,False,False,,,,,0,0,https://api.linked-systems.uk/api/schema-org/dataset/2107702,
2107610,urn:gleaner.io:oih:bodc:data:0ddcd959ae72d9a193a01d5e96344f88c9751cde,none,False,False,,,,,0,0,https://api.linked-systems.uk/api/schema-org/dataset/2107610,
2048792,urn:gleaner.io:oih:bodc:data:5bad5a320fda5d346df155218fbc896043ab2302,none,False,False,,,,,0,0,https://api.linked-systems.uk/api/schema-org/dataset/2048792,
1346951,urn:gleaner.io:oih:bodc:data:2292dc987ef69a3c79c84b8c584d6221fbab773c,none,False,False,,,,,0,0,https://api.linked-systems.uk/api/schema-org/dataset/1346951,
2111891,urn:gleaner.io:oih:bodc:data:2bae08dcf8bfe207536b3aa570839f2f3f6b4f0b,tier1,True,False,DepBelowSurf,https://vocab.nerc.ac.uk/collection/P01/current/ADEPZZ01/,40,4800,1,0,https://api.linked-systems.uk/api/schema-org/dataset/2111891,
1226198,urn:gleaner.io:oih:bodc:data:26b5e94de4ebccb0b2e2a7dbcd7fcf15ce53daca,tier_instrument,False,True,,,,,0,0,https://api.linked-systems.uk/api/schema-org/dataset/1226198,
1816948,urn:gleaner.io:oih:bodc:data:3987095f97f14885c73c0026f8a8190d18488324,tier2,False,False,Start_depth,https://vocab.nerc.ac.uk/collection/P01/current/DEPHPRST/,4.96,351.69,0,1,https://api.linked-systems.uk/api/schema-org/dataset/1816948,
888181,urn:gleaner.io:oih:bodc:data:4dce540dc8a3cf2db35dc17746ea086fe7d99439,none,False,False,,,,,0,0,https://api.linked-systems.uk/api/schema-org/dataset/888181,
2138762,urn:gleaner.io:oih:bodc:data:518e4939c2dd6d5fb2da2db7259c0cb70529b0b0,tier1,True,False,DepBelowSurf,https://vocab.nerc.ac.uk/collection/P01/current/ADEPZZ01/,10,100.1,1,0,https://api.linked-systems.uk/api/schema-org/dataset/2138762,
2148492,urn:gleaner.io:oih:bodc:data:93c2e8eeacc0ea43dc0e89e8cde32b4c17c8dc9f,tier1,True,False,DepBelowSurf,https://vocab.nerc.ac.uk/collection/P01/current/ADEPZZ01/,5.4,301.8,1,0,https://api.linked-systems.uk/api/schema-org/dataset/2148492,
2014795,urn:gleaner.io:oih:bodc:data:a171666f374f5ae96e3ce5eea25594b6c27430a5,none,False,False,,,,,0,0,https://api.linked-systems.uk/api/schema-org/dataset/2014795,
1177566,urn:gleaner.io:oih:bodc:data:ca3b3e20465aed1ecb0fdd5fa9015f1f5e3e2594,none,False,False,,,,,0,0,https://api.linked-systems.uk/api/schema-org/dataset/1177566,
1177289,urn:gleaner.io:oih:bodc:data:f0b40d9a5eec2a18f01e9b820281a4e3befc46af,none,False,False,,,,,0,0,https://api.linked-systems.uk/api/schema-org/dataset/1177289,
1989607,urn:gleaner.io:oih:bodc:data:f61ff8089103f09fec7eb46f1ffcc46c17ec4538,tier1,True,False,DepBelowSurf,https://vocab.nerc.ac.uk/collection/P01/current/ADEPZZ01/,10.4,991.1,1,0,https://api.linked-systems.uk/api/schema-org/dataset/1989607,
1839413,urn:gleaner.io:oih:bodc:data:49384efa824214dbbbd16b07480ce37534ee23e1,none,False,False,,,,,0,0,https://api.linked-systems.uk/api/schema-org/dataset/1839413,
2111842,urn:gleaner.io:oih:bodc:data:fe749c0b47ea8ebcde7d47b58925c5d9126cee0a,tier1,True,False,DepBelowSurf,https://vocab.nerc.ac.uk/collection/P01/current/ADEPZZ01/,2.8,279.5,1,0,https://api.linked-systems.uk/api/schema-org/dataset/2111842,
2153550,urn:gleaner.io:oih:bodc:data:2c883c282f282fc5b599423a4595df55893bcc5f,none,False,False,,,,,0,0,https://api.linked-systems.uk/api/schema-org/dataset/2153550,
1989656,urn:gleaner.io:oih:bodc:data:4d049a542babedc8ac2a707653786af86a277eb9,none,False,False,,,,,0,0,https://api.linked-systems.uk/api/schema-org/dataset/1989656,
1836790,urn:gleaner.io:oih:bodc:data:e6a77eb3b8aab781398d9977d8d5b7896edfdf46,tier2,False,False,BathyDepES_ISL,https://vocab.nerc.ac.uk/collection/P01/current/MBANZZ01/,,,0,1,https://api.linked-systems.uk/api/schema-org/dataset/1836790,
2115787,urn:gleaner.io:oih:bodc:data:07c571053830de3da0138994c84df43edaab3583,none,False,False,,,,,0,0,https://api.linked-systems.uk/api/schema-org/dataset/2115787,
1836821,urn:gleaner.io:oih:bodc:data:6a8100d34ae1ca4b56725f94e5c90747aa3d7759,none,False,False,,,,,0,0,https://api.linked-systems.uk/api/schema-org/dataset/1836821,
1347407,urn:gleaner.io:oih:bodc:data:8c0e4da79a82b7e3f647b67888a84493d0070b55,none,False,False,,,,,0,0,https://api.linked-systems.uk/api/schema-org/dataset/1347407,
1880778,urn:gleaner.io:oih:bodc:data:f40a64996781430bf2238a3686d2eebe2daa9539,none,False,False,,,,,0,0,https://api.linked-systems.uk/api/schema-org/dataset/1880778,
1226113,urn:gleaner.io:oih:bodc:data:d6e103fa5f1ed86f1ac2ed1d67783764146f60a8,none,False,False,,,,,0,0,https://api.linked-systems.uk/api/schema-org/dataset/1226113,
1171012,urn:gleaner.io:oih:bodc:data:67ce3879e9a1da8469128f5405e53c49795678a9,none,False,False,,,,,0,0,https://api.linked-systems.uk/api/schema-org/dataset/1171012,
2105781,urn:gleaner.io:oih:bodc:data:19a6df8028636c028efd8401832551fcef5b539d,none,False,False,,,,,0,0,https://api.linked-systems.uk/api/schema-org/dataset/2105781,
1177566,urn:gleaner.io:oih:bodc:data:41ca158fb467fb2eb6505a58637a6b7d497cd8ec,none,False,False,,,,,0,0,https://api.linked-systems.uk/api/schema-org/dataset/1177566,
2115818,urn:gleaner.io:oih:bodc:data:a580f8009425f7060d8cbef00290c33c98723866,none,False,False,,,,,0,0,https://api.linked-systems.uk/api/schema-org/dataset/2115818,
1916913,urn:gleaner.io:oih:bodc:data:3ca3af618032d18881ee1e4fc45ef4f495921bed,none,False,False,,,,,0,0,https://api.linked-systems.uk/api/schema-org/dataset/1916913,
2138762,urn:gleaner.io:oih:bodc:data:f0f6298443ad520005541ae0a82bb360aeee2589,tier1,True,False,DepBelowSurf,https://vocab.nerc.ac.uk/collection/P01/current/ADEPZZ01/,10,100.1,1,0,https://api.linked-systems.uk/api/schema-org/dataset/2138762,
1347315,urn:gleaner.io:oih:bodc:data:f721cf148c2ef40372b4b0012e842eb725005bec,none,False,False,,,,,0,0,https://api.linked-systems.uk/api/schema-org/dataset/1347315,
1346834,urn:gleaner.io:oih:bodc:data:537f8b94ae0975ab86108a9d35fd04cb30668f2e,tier1,True,False,DepBelowSurf,https://vocab.nerc.ac.uk/collection/P01/current/ADEPZZ01/,15.7,4799.7,1,0,https://api.linked-systems.uk/api/schema-org/dataset/1346834,
2148640,urn:gleaner.io:oih:bodc:data:f73dcca85f4dbf1a8d97b1738a4f2af37f6ec9f3,tier1,True,False,DepBelowSurf,https://vocab.nerc.ac.uk/collection/P01/current/ADEPZZ01/,6,301.2,1,0,https://api.linked-systems.uk/api/schema-org/dataset/2148640,
2046379,urn:gleaner.io:oih:bodc:data:1d7441a567f80c806fc0bd1b863b56687dcd110c,tier1,True,False,DepBelowSurf,https://vocab.nerc.ac.uk/collection/P01/current/ADEPZZ01/,13.1,801.4,1,0,https://api.linked-systems.uk/api/schema-org/dataset/2046379,
1874392,urn:gleaner.io:oih:bodc:data:865a578648ef54ea295008d904e6a7000da50007,none,False,False,,,,,0,0,https://api.linked-systems.uk/api/schema-org/dataset/1874392,
1929099,urn:gleaner.io:oih:bodc:data:ef34885da4fcc5ff933a87ded039f498403eabbe,tier1,True,False,DepBelowSurf,https://vocab.nerc.ac.uk/collection/P01/current/ADEPZZ01/,5.1,4827.5,1,0,https://api.linked-systems.uk/api/schema-org/dataset/1929099,
2001730,urn:gleaner.io:oih:bodc:data:1f5e578ba07b494aa8dab1e3d7ec92f9355aa162,none,False,False,,,,,0,0,https://api.linked-systems.uk/api/schema-org/dataset/2001730,
2107831,urn:gleaner.io:oih:bodc:data:9f2bfd2f70ccd1652817efa1d02220765a35193c,none,False,False,,,,,0,0,https://api.linked-systems.uk/api/schema-org/dataset/2107831,
1816739,urn:gleaner.io:oih:bodc:data:61ad847c88a8862f1130b71936957990698ccfc9,tier2,False,False,Start_depth,https://vocab.nerc.ac.uk/collection/P01/current/DEPHPRST/,2.97,4790.72,0,1,https://api.linked-systems.uk/api/schema-org/dataset/1816739,
2051751,urn:gleaner.io:oih:bodc:data:4942fb30bd081a3523bbb16fd97fe505a987775a,none,False,False,,,,,0,0,https://api.linked-systems.uk/api/schema-org/dataset/2051751,
1177382,urn:gleaner.io:oih:bodc:data:ebc21e3e2053d222bcf366c0f2a3c2a3d037fe32,none,False,False,,,,,0,0,https://api.linked-systems.uk/api/schema-org/dataset/1177382,
1226162,urn:gleaner.io:oih:bodc:data:9e2bb27f4ffe324d733dd05cd379e378034be121,tier_instrument,False,True,,,,,0,0,https://api.linked-systems.uk/api/schema-org/dataset/1226162,
2046447,urn:gleaner.io:oih:bodc:data:c66a54342280b5633ac685c2f51a9d52130ea5e4,tier1,True,False,DepBelowSurf,https://vocab.nerc.ac.uk/collection/P01/current/ADEPZZ01/,5.6,900.3,1,0,https://api.linked-systems.uk/api/schema-org/dataset/2046447,
1170739,urn:gleaner.io:oih:bodc:data:7d2034995f7bd1a8c08ca3e40c314f6402878de1,tier2,False,False,BinDep,https://vocab.nerc.ac.uk/collection/P01/current/DBINAA01/,11,407,0,1,https://api.linked-systems.uk/api/schema-org/dataset/1170739,
1880698,urn:gleaner.io:oih:bodc:data:0daec3a928f12fa1899f27d6ac20d53025327150,none,False,False,,,,,0,0,https://api.linked-systems.uk/api/schema-org/dataset/1880698,
1880834,urn:gleaner.io:oih:bodc:data:5f2f713d6f7659ac43bd0c8e75feb2c01b693fce,none,False,False,,,,,0,0,https://api.linked-systems.uk/api/schema-org/dataset/1880834,
2148013,urn:gleaner.io:oih:bodc:data:5a960d601ddfe994641a4a864f890a150b25f352,tier1,True,False,DepBelowSurf,https://vocab.nerc.ac.uk/collection/P01/current/ADEPZZ01/,3.9,301.6,1,0,https://api.linked-systems.uk/api/schema-org/dataset/2148013,
1816844,urn:gleaner.io:oih:bodc:data:c876e9bd67c6ab36a8a641d2b9e16fcd371cd467,tier2,False,False,Start_depth,https://vocab.nerc.ac.uk/collection/P01/current/DEPHPRST/,2.97,393.26,0,1,https://api.linked-systems.uk/api/schema-org/dataset/1816844,
1347339,urn:gleaner.io:oih:bodc:data:4a09ec7c5679377c5219bf393910eb7f194759da,none,False,False,,,,,0,0,https://api.linked-systems.uk/api/schema-org/dataset/1347339,
1347106,urn:gleaner.io:oih:bodc:data:20ddccd9ed24a34ed2bd71c483b81dcffc0c6419,none,False,False,,,,,0,0,https://api.linked-systems.uk/api/schema-org/dataset/1347106,
1903785,urn:gleaner.io:oih:bodc:data:a642f86354fcfd0d11858d3f68cba0c7d69fac1c,tier2,False,False,SwathCBBathyDep,https://vocab.nerc.ac.uk/collection/P01/current/MBANSWCB/,,,0,1,https://api.linked-systems.uk/api/schema-org/dataset/1903785,
1170764,urn:gleaner.io:oih:bodc:data:a295cdc4becf6cc8524541bddb3e5a6b00aaa48a,none,False,False,,,,,0,0,https://api.linked-systems.uk/api/schema-org/dataset/1170764,
1170900,urn:gleaner.io:oih:bodc:data:4814e2fc9a7d37b8f29a6c311bd6c385c90bbdce,none,False,False,,,,,0,0,https://api.linked-systems.uk/api/schema-org/dataset/1170900,
1347051,urn:gleaner.io:oih:bodc:data:961a02eb3874eaba35923e164639925e63a1653c,none,False,False,,,,,0,0,https://api.linked-systems.uk/api/schema-org/dataset/1347051,
1226033,urn:gleaner.io:oih:bodc:data:b35c8a3d64e29a7c86b40e045dadf3938726611e,none,False,False,,,,,0,0,https://api.linked-systems.uk/api/schema-org/dataset/1226033,
2148375,urn:gleaner.io:oih:bodc:data:4b8e6f919971ccb2266eeebe380b7a4b7a62d7e4,tier1,True,False,DepBelowSurf,https://vocab.nerc.ac.uk/collection/P01/current/ADEPZZ01/,5.8,151.2,1,0,https://api.linked-systems.uk/api/schema-org/dataset/2148375,
1874379,urn:gleaner.io:oih:bodc:data:fbe46a2354388a14b5ead78b323cadcf2f302ffa,none,False,False,,,,,0,0,https://api.linked-systems.uk/api/schema-org/dataset/1874379,
1868602,urn:gleaner.io:oih:bodc:data:07eff13733af1e21d048fb5e443b84cf5fc22751,tier1,True,False,DepBelowSurf,https://vocab.nerc.ac.uk/collection/P01/current/ADEPZZ01/,5,264.4,1,0,https://api.linked-systems.uk/api/schema-org/dataset/1868602,
2148768,urn:gleaner.io:oih:bodc:data:ba4912c1f330c8a0f114fcef7fd71189b1fcbb16,tier1,True,False,DepBelowSurf,https://vocab.nerc.ac.uk/collection/P01/current/ADEPZZ01/,25.3,300.3,1,0,https://api.linked-systems.uk/api/schema-org/dataset/2148768,
1916925,urn:gleaner.io:oih:bodc:data:846fe29e59c16efe61843c0b34f44399648cd7aa,tier1,True,False,DepBelowSurf,https://vocab.nerc.ac.uk/collection/P01/current/ADEPZZ01/,5.1,4827.5,1,0,https://api.linked-systems.uk/api/schema-org/dataset/1916925,
1347284,urn:gleaner.io:oih:bodc:data:dc5e3c8398adafe8f28ec0988a2805674803ca28,none,False,False,,,,,0,0,https://api.linked-systems.uk/api/schema-org/dataset/1347284,
1177831,urn:gleaner.io:oih:bodc:data:94e2a89b72b1e4bd9b8e8b220869171aad6d4967,none,False,False,,,,,0,0,https://api.linked-systems.uk/api/schema-org/dataset/1177831,
1928103,urn:gleaner.io:oih:bodc:data:6331fb4fc27ba12174435c580d4b345a7edd1f8f,tier1,True,False,DepBelowSurf,https://vocab.nerc.ac.uk/collection/P01/current/ADEPZZ01/,29.9,70,1,0,https://api.linked-systems.uk/api/schema-org/dataset/1928103,
1226291,urn:gleaner.io:oih:bodc:data:6a310a48700f942428a478d4fb4a67581ff94c23,tier_instrument,False,True,,,,,0,0,https://api.linked-systems.uk/api/schema-org/dataset/1226291,
1836821,urn:gleaner.io:oih:bodc:data:a0b42ac32190cf2918a45e1acaf2238b049069ff,none,False,False,,,,,0,0,https://api.linked-systems.uk/api/schema-org/dataset/1836821,
2148130,urn:gleaner.io:oih:bodc:data:4cc1656048b48bc179558679e9e9390ed07e4b15,none,False,False,,,,,0,0,https://api.linked-systems.uk/api/schema-org/dataset/2148130,
1177578,urn:gleaner.io:oih:bodc:data:788df0d39f5f8540a6104957eb6165719c22be6f,none,False,False,,,,,0,0,https://api.linked-systems.uk/api/schema-org/dataset/1177578,
1816764,urn:gleaner.io:oih:bodc:data:84c02b07e398a2233b8b744d1e992e55ecb34a80,tier2,False,False,Start_depth,https://vocab.nerc.ac.uk/collection/P01/current/DEPHPRST/,2.97,351.69,0,1,https://api.linked-systems.uk/api/schema-org/dataset/1816764,
2051880,urn:gleaner.io:oih:bodc:data:20c35fffbb1635775d9ac2fe4fbae3131d5ade30,tier1,True,False,DepBelowSurf,https://vocab.nerc.ac.uk/collection/P01/current/ADEPZZ01/,32.9,504,1,0,https://api.linked-systems.uk/api/schema-org/dataset/2051880,
2148387,urn:gleaner.io:oih:bodc:data:122ce0cc63c01549d4295deaa3ffb1c9ba602e4b,tier1,True,False,DepBelowSurf,https://vocab.nerc.ac.uk/collection/P01/current/ADEPZZ01/,7.2,102.1,1,0,https://api.linked-systems.uk/api/schema-org/dataset/2148387,
2107622,urn:gleaner.io:oih:bodc:data:8b1994e3cb452f1f9c5c4e3f20f18a149fe8f709,none,False,False,,,,,0,0,https://api.linked-systems.uk/api/schema-org/dataset/2107622,
1346883,urn:gleaner.io:oih:bodc:data:46f369b0d8497205238e62ecc9420b03bd639204,none,False,False,,,,,0,0,https://api.linked-systems.uk/api/schema-org/dataset/1346883,
1171104,urn:gleaner.io:oih:bodc:data:0e2f441c66d15b806d5962088dbc821fa777b0ef,none,False,False,,,,,0,0,https://api.linked-systems.uk/api/schema-org/dataset/1171104,
2048718,urn:gleaner.io:oih:bodc:data:4f7dbd3a5710cef6e19d29d369dab38e9155c3db,none,False,False,,,,,0,0,https://api.linked-systems.uk/api/schema-org/dataset/2048718,
2048779,urn:gleaner.io:oih:bodc:data:8727e5187a8abb306aee499cf3b0a3fb525efb28,tier1,True,False,DepBelowSurf,https://vocab.nerc.ac.uk/collection/P01/current/ADEPZZ01/,13.1,825.8,1,0,https://api.linked-systems.uk/api/schema-org/dataset/2048779,
2148443,urn:gleaner.io:oih:bodc:data:b291cff7e198448899ccba1c1548f0241e1a2626,none,False,False,,,,,0,0,https://api.linked-systems.uk/api/schema-org/dataset/2148443,
2074701,urn:gleaner.io:oih:bodc:data:f487dea58cbe0b42f663ca49350eadbaa4b15bcf,tier_instrument,False,True,,,,,0,0,https://api.linked-systems.uk/api/schema-org/dataset/2074701,
1927880,urn:gleaner.io:oih:bodc:data:80be6a4aaadf0635f1116ad77f04e8fb0a95ec28,none,False,False,,,,,0,0,https://api.linked-systems.uk/api/schema-org/dataset/1927880,
2046982,urn:gleaner.io:oih:bodc:data:1f9a09d8a2ade2bb7206684e57805a9ca961bdb9,none,False,False,,,,,0,0,https://api.linked-systems.uk/api/schema-org/dataset/2046982,
2073248,urn:gleaner.io:oih:bodc:data:6c601698b32b39f4d0063ca5d02994944e6f4f30,none,False,False,,,,,0,0,https://api.linked-systems.uk/api/schema-org/dataset/2073248,
1874331,urn:gleaner.io:oih:bodc:data:323e8aa132a526563cd910fd6f86b403499419f9,tier1,True,False,DepBelowSurf,https://vocab.nerc.ac.uk/collection/P01/current/ADEPZZ01/,10.5,2495.3,1,0,https://api.linked-systems.uk/api/schema-org/dataset/1874331,
1350753,urn:gleaner.io:oih:bodc:data:af866bf3b61e1864613e96dc825a00a51dcf7ce1,none,False,False,,,,,0,0,https://api.linked-systems.uk/api/schema-org/dataset/1350753,
2105781,urn:gleaner.io:oih:bodc:data:9854df96296f225ed8b378d703b4870bd2153451,tier1,True,False,DepBelowSurf,https://vocab.nerc.ac.uk/collection/P01/current/ADEPZZ01/,2.8,279.5,1,0,https://api.linked-systems.uk/api/schema-org/dataset/2105781,
2107775,urn:gleaner.io:oih:bodc:data:88dac2bb436538ebc6c3293e4cf021155e2efecb,none,False,False,,,,,0,0,https://api.linked-systems.uk/api/schema-org/dataset/2107775,
2148861,urn:gleaner.io:oih:bodc:data:380494f7185cbb1cc1e5dc021d436525ceecaf0a,tier1,True,False,DepBelowSurf,https://vocab.nerc.ac.uk/collection/P01/current/ADEPZZ01/,6.3,301.4,1,0,https://api.linked-systems.uk/api/schema-org/dataset/2148861,
1929026,urn:gleaner.io:oih:bodc:data:a55a2d93888bdb52d4ea9501a0b08851aaedd179,tier1,True,False,DepBelowSurf,https://vocab.nerc.ac.uk/collection/P01/current/ADEPZZ01/,5.3,100.2,1,0,https://api.linked-systems.uk/api/schema-org/dataset/1929026,
1177714,urn:gleaner.io:oih:bodc:data:db8b2ed0003893ec70232bee44dd1f4018f9b962,none,False,False,,,,,0,0,https://api.linked-systems.uk/api/schema-org/dataset/1177714,
2119045,urn:gleaner.io:oih:bodc:data:e0205f36e529be1a2ec12052d561bfc9e4f5bbe9,none,False,False,,,,,0,0,https://api.linked-systems.uk/api/schema-org/dataset/2119045,
1177867,urn:gleaner.io:oih:bodc:data:1012ad8a1654df89249568f7f32e1ce08e208f5a,none,False,False,,,,,0,0,https://api.linked-systems.uk/api/schema-org/dataset/1177867,
2107610,urn:gleaner.io:oih:bodc:data:ae5d2f9837fd16e4e76aa0aa2af907b869612c72,tier1,True,False,DepBelowSurf,https://vocab.nerc.ac.uk/collection/P01/current/ADEPZZ01/,24.7,989.1,1,0,https://api.linked-systems.uk/api/schema-org/dataset/2107610,
1879636,urn:gleaner.io:oih:bodc:data:4507303e52609fe20f5102f0456e0eb1466be29b,tier1,True,False,DepBelowSurf,https://vocab.nerc.ac.uk/collection/P01/current/ADEPZZ01/,5,101,1,0,https://api.linked-systems.uk/api/schema-org/dataset/1879636,
1876675,urn:gleaner.io:oih:bodc:data:b31726ea8dee35719db572beef53547ac7c0bd0c,none,False,False,,,,,0,0,https://api.linked-systems.uk/api/schema-org/dataset/1876675,
2107609,urn:gleaner.io:oih:bodc:data:f81eff274807f426e778d4e973eddef8805dd145,none,False,False,,,,,0,0,https://api.linked-systems.uk/api/schema-org/dataset/2107609,
2107622,urn:gleaner.io:oih:bodc:data:44ac073dfcc6e4c8ee112c3ca52284b8b3e6a39b,none,False,False,,,,,0,0,https://api.linked-systems.uk/api/schema-org/dataset/2107622,
1177450,urn:gleaner.io:oih:bodc:data:35315d2781f0b060ae0c4b954093166f7782a0f8,none,False,False,,,,,0,0,https://api.linked-systems.uk/api/schema-org/dataset/1177450,
1816893,urn:gleaner.io:oih:bodc:data:65d4b994449469c5e524e13e4850ce9544765a7c,tier2,False,False,Start_depth,https://vocab.nerc.ac.uk/collection/P01/current/DEPHPRST/,4.96,4829.52,0,1,https://api.linked-systems.uk/api/schema-org/dataset/1816893,
2153586,urn:gleaner.io:oih:bodc:data:92814b0ae494541df091aa0dea9b58c2f5e3a358,none,False,False,,,,,0,0,https://api.linked-systems.uk/api/schema-org/dataset/2153586,
2026667,urn:gleaner.io:oih:bodc:data:30bc9dea9b8e4c7856233c13842119e0112f0ec2,none,False,False,,,,,0,0,https://api.linked-systems.uk/api/schema-org/dataset/2026667,
1927726,urn:gleaner.io:oih:bodc:data:a1c6b0a0bd8968b4210551afd7786c2467d85a2a,tier1,True,False,DepBelowSurf,https://vocab.nerc.ac.uk/collection/P01/current/ADEPZZ01/,3,150,1,0,https://api.linked-systems.uk/api/schema-org/dataset/1927726,
2115843,urn:gleaner.io:oih:bodc:data:a2ecdee1f03ee62aeafa51238ce88893f19f121c,none,False,False,,,,,0,0,https://api.linked-systems.uk/api/schema-org/dataset/2115843,
1170844,urn:gleaner.io:oih:bodc:data:03c3d2c707f03822965cb1944217c8b26749a9fe,tier2,False,False,BinDep,https://vocab.nerc.ac.uk/collection/P01/current/DBINAA01/,11,407,0,1,https://api.linked-systems.uk/api/schema-org/dataset/1170844,
1170776,urn:gleaner.io:oih:bodc:data:c96cefac59d2199bdd5560e417e05311251c845a,tier2,False,False,BinDep,https://vocab.nerc.ac.uk/collection/P01/current/DBINAA01/,11,407,0,1,https://api.linked-systems.uk/api/schema-org/dataset/1170776,
2148062,urn:gleaner.io:oih:bodc:data:fab8c3a961c01f2a71ee4fb21134907ad01d6e5a,none,False,False,,,,,0,0,https://api.linked-systems.uk/api/schema-org/dataset/2148062,
2110709,urn:gleaner.io:oih:bodc:data:33ec6a9e8e97360087ce46d5b0e6c8c5e824fa9d,none,False,False,,,,,0,0,https://api.linked-systems.uk/api/schema-org/dataset/2110709,
1989644,urn:gleaner.io:oih:bodc:data:ff54b3f93aa5e5a45bac69f5f0d9b91d1e70b212,none,False,False,,,,,0,0,https://api.linked-systems.uk/api/schema-org/dataset/1989644,
1347014,urn:gleaner.io:oih:bodc:data:0bab45c63b7f7811161d29d45ee47547ecc90c8d,none,False,False,,,,,0,0,https://api.linked-systems.uk/api/schema-org/dataset/1347014,
2026631,urn:gleaner.io:oih:bodc:data:aeeec311300dcb1cdb2cf38299c1d31b423696dc,none,False,False,,,,,0,0,https://api.linked-systems.uk/api/schema-org/dataset/2026631,
1989668,urn:gleaner.io:oih:bodc:data:9e1b96858d20c371f715110d4e9a00e3a6f2024a,tier1,True,False,DepBelowSurf,https://vocab.nerc.ac.uk/collection/P01/current/ADEPZZ01/,9.4,4733,1,0,https://api.linked-systems.uk/api/schema-org/dataset/1989668,
2026723,urn:gleaner.io:oih:bodc:data:0e31bab94c6ff61b15aa3d22fa65ac24a9bc2d60,none,False,False,,,,,0,0,https://api.linked-systems.uk/api/schema-org/dataset/2026723,
1177947,urn:gleaner.io:oih:bodc:data:df53ef5fbb6de6f7cba64c2d4508df662780a310,none,False,False,,,,,0,0,https://api.linked-systems.uk/api/schema-org/dataset/1177947,
1170788,urn:gleaner.io:oih:bodc:data:185c122abd5543286bdf5495d1f372ec3e12b410,tier2,False,False,BinDep,https://vocab.nerc.ac.uk/collection/P01/current/DBINAA01/,11,407,0,1,https://api.linked-systems.uk/api/schema-org/dataset/1170788,
1347340,urn:gleaner.io:oih:bodc:data:d2c5cc0ddd3b7e04c975b23bd838e733e72af23e,tier1,True,False,DepBelowSurf,https://vocab.nerc.ac.uk/collection/P01/current/ADEPZZ01/,7.9,66.5,1,0,https://api.linked-systems.uk/api/schema-org/dataset/1347340,
2148916,urn:gleaner.io:oih:bodc:data:f119a1d3878a5a7da9c5957dce10274fd146d8e9,none,False,False,,,,,0,0,https://api.linked-systems.uk/api/schema-org/dataset/2148916,
2148234,urn:gleaner.io:oih:bodc:data:429a5b03dc208cbfc0f5f6c14d315fb92014f3aa,none,False,False,,,,,0,0,https://api.linked-systems.uk/api/schema-org/dataset/2148234,
1880625,urn:gleaner.io:oih:bodc:data:3008d9f46f3243b83b3da158246fefa4d91c5ca6,none,False,False,,,,,0,0,https://api.linked-systems.uk/api/schema-org/dataset/1880625,
1177763,urn:gleaner.io:oih:bodc:data:afd098a72c5ec79f18ffda813eea3b5ccacfa4ef,none,False,False,,,,,0,0,https://api.linked-systems.uk/api/schema-org/dataset/1177763,
2004125,urn:gleaner.io:oih:bodc:data:8ab28716409e0c419c2105cfd27f578c9c56059b,none,False,False,,,,,0,0,https://api.linked-systems.uk/api/schema-org/dataset/2004125,
1347260,urn:gleaner.io:oih:bodc:data:110e1845c8211f0a54160a91470ea6db074dc58d,none,False,False,,,,,0,0,https://api.linked-systems.uk/api/schema-org/dataset/1347260,
1350753,urn:gleaner.io:oih:bodc:data:2ba75c99cc0354e8e841eabedb20a0c3f1cfbff3,tier1,True,False,DepBelowSurf,https://vocab.nerc.ac.uk/collection/P01/current/ADEPZZ01/,,,1,0,https://api.linked-systems.uk/api/schema-org/dataset/1350753,
2004198,urn:gleaner.io:oih:bodc:data:5e885f7a4b355033e28412a0d8c22fad314d7ba4,none,False,False,,,,,0,0,https://api.linked-systems.uk/api/schema-org/dataset/2004198,
1880730,urn:gleaner.io:oih:bodc:data:9b0a0e89cfdcb5d9e1ef15334dd35f99b8befbf9,tier1,True,False,DepBelowSurf,https://vocab.nerc.ac.uk/collection/P01/current/ADEPZZ01/,3,200,1,0,https://api.linked-systems.uk/api/schema-org/dataset/1880730,
2118957,urn:gleaner.io:oih:bodc:data:8219550404ac1c6e1135e042beffc26c8caae806,none,False,False,,,,,0,0,https://api.linked-systems.uk/api/schema-org/dataset/2118957,
1874318,urn:gleaner.io:oih:bodc:data:ef95e7636b825e0390379006e9cf8de421e22227,tier1,True,False,DepBelowSurf,https://vocab.nerc.ac.uk/collection/P01/current/ADEPZZ01/,12.4,4799.1,1,0,https://api.linked-systems.uk/api/schema-org/dataset/1874318,
1347155,urn:gleaner.io:oih:bodc:data:614e63a553140b90697858aecef7a8f189a22a6f,tier1,True,False,DepBelowSurf,https://vocab.nerc.ac.uk/collection/P01/current/ADEPZZ01/,4.7,987.1,1,0,https://api.linked-systems.uk/api/schema-org/dataset/1347155,
2012125,urn:gleaner.io:oih:bodc:data:346faa04b973d9f09bb574a82a1342dba58b0688,none,False,False,,,,,0,0,https://api.linked-systems.uk/api/schema-org/dataset/2012125,
1816739,urn:gleaner.io:oih:bodc:data:06857270c1d0f9d3e8146370b82352c153fe4beb,tier2,False,False,Start_depth,https://vocab.nerc.ac.uk/collection/P01/current/DEPHPRST/,2.97,4790.72,0,1,https://api.linked-systems.uk/api/schema-org/dataset/1816739,
1347192,urn:gleaner.io:oih:bodc:data:23a7f4e81d170470d09da094d58b379d2fb99d64,none,False,False,,,,,0,0,https://api.linked-systems.uk/api/schema-org/dataset/1347192,
2074713,urn:gleaner.io:oih:bodc:data:5436c0b71cf5a396f8271b32ae39fb26f628a29b,tier_instrument,False,True,,,,,0,0,https://api.linked-systems.uk/api/schema-org/dataset/2074713,
2148338,urn:gleaner.io:oih:bodc:data:affa64f0aa2e492e7fd4e91a5ff5ee638fd730b7,tier1,True,False,DepBelowSurf,https://vocab.nerc.ac.uk/collection/P01/current/ADEPZZ01/,6.3,301.4,1,0,https://api.linked-systems.uk/api/schema-org/dataset/2148338,
2148511,urn:gleaner.io:oih:bodc:data:9ce6c07f5f2ac20b3e41fbe2f655a4722e616716,tier1,True,False,DepBelowSurf,https://vocab.nerc.ac.uk/collection/P01/current/ADEPZZ01/,7.7,103.2,1,0,https://api.linked-systems.uk/api/schema-org/dataset/2148511,
2048718,urn:gleaner.io:oih:bodc:data:2d2452dc5b94a91d6e009b18eb90eccc5a56f265,tier1,True,False,DepBelowSurf,https://vocab.nerc.ac.uk/collection/P01/current/ADEPZZ01/,13.6,4758,1,0,https://api.linked-systems.uk/api/schema-org/dataset/2048718,
1177658,urn:gleaner.io:oih:bodc:data:0c675e50bf2b1b9607deac7a709c268cbeba0ba4,none,False,False,,,,,0,0,https://api.linked-systems.uk/api/schema-org/dataset/1177658,
2107763,urn:gleaner.io:oih:bodc:data:4aade28dfc31d00abd3e4b70263c87e359292465,tier1,True,False,DepBelowSurf,https://vocab.nerc.ac.uk/collection/P01/current/ADEPZZ01/,25,90,1,0,https://api.linked-systems.uk/api/schema-org/dataset/2107763,
1347352,urn:gleaner.io:oih:bodc:data:a74493896d147620ba8193d2170e820237337ff1,none,False,False,,,,,0,0,https://api.linked-systems.uk/api/schema-org/dataset/1347352,
1177738,urn:gleaner.io:oih:bodc:data:99c10d8deeeb174480dce0de1a75ac21b4f3860a,none,False,False,,,,,0,0,https://api.linked-systems.uk/api/schema-org/dataset/1177738,
2001662,urn:gleaner.io:oih:bodc:data:b4185ec4a1f76868d6174c557b547429988cbd8f,none,False,False,,,,,0,0,https://api.linked-systems.uk/api/schema-org/dataset/2001662,
2051867,urn:gleaner.io:oih:bodc:data:e1d7519a3b0f3c31ceea6122a064acdb7e0c1c92,tier1,True,False,DepBelowSurf,https://vocab.nerc.ac.uk/collection/P01/current/ADEPZZ01/,8.2,453.1,1,0,https://api.linked-systems.uk/api/schema-org/dataset/2051867,
1879612,urn:gleaner.io:oih:bodc:data:32959b2a0c8e1d3fa8982ed62ccbf220020d0085,tier1,True,False,DepBelowSurf,https://vocab.nerc.ac.uk/collection/P01/current/ADEPZZ01/,,,1,0,https://api.linked-systems.uk/api/schema-org/dataset/1879612,
2026606,urn:gleaner.io:oih:bodc:data:18017fd163a802c2442cdabeb3f80278e27abac7,none,False,False,,,,,0,0,https://api.linked-systems.uk/api/schema-org/dataset/2026606,
2118945,urn:gleaner.io:oih:bodc:data:958f3b2508095f4b85f5c39b43f21a2a8511f7fe,none,False,False,,,,,0,0,https://api.linked-systems.uk/api/schema-org/dataset/2118945,
1347038,urn:gleaner.io:oih:bodc:data:b80c014d1ab274c8bd31204792bff4e05eb48e90,none,False,False,,,,,0,0,https://api.linked-systems.uk/api/schema-org/dataset/1347038,
2004174,urn:gleaner.io:oih:bodc:data:1f1cda6818d7e6d4b611f3389a3aed3762108ab4,none,False,False,,,,,0,0,https://api.linked-systems.uk/api/schema-org/dataset/2004174,
1876638,urn:gleaner.io:oih:bodc:data:c29e36fed8f57d719c31abd85208806139468bdf,none,False,False,,,,,0,0,https://api.linked-systems.uk/api/schema-org/dataset/1876638,
1347118,urn:gleaner.io:oih:bodc:data:d6d5c2eb2026cee4c7dbcf31cd95a04486c8c0c0,none,False,False,,,,,0,0,https://api.linked-systems.uk/api/schema-org/dataset/1347118,
1346999,urn:gleaner.io:oih:bodc:data:6e73d0c7f9eceee7ec56843c8ea1409c4699edcf,tier1,True,False,DepBelowSurf,https://vocab.nerc.ac.uk/collection/P01/current/ADEPZZ01/,6.3,983,1,0,https://api.linked-systems.uk/api/schema-org/dataset/1346999,
1759923,urn:gleaner.io:oih:bodc:data:f3bbbb6fe25a2e070d74c5e5a3c2b3318f716d98,none,False,False,,,,,0,0,https://api.linked-systems.uk/api/schema-org/dataset/1759923,
1927959,urn:gleaner.io:oih:bodc:data:8ab144a3e97ef7af84680435315aacd0fcd971ed,tier1,True,False,DepBelowSurf,https://vocab.nerc.ac.uk/collection/P01/current/ADEPZZ01/,11.3,4816,1,0,https://api.linked-systems.uk/api/schema-org/dataset/1927959,
1903785,urn:gleaner.io:oih:bodc:data:977426d62bc5f4bab9265e6ca20601d59069d699,tier2,False,False,SwathCBBathyDep,https://vocab.nerc.ac.uk/collection/P01/current/MBANSWCB/,,,0,1,https://api.linked-systems.uk/api/schema-org/dataset/1903785,
1928152,urn:gleaner.io:oih:bodc:data:c714f1f0926b36ae111e1614006fafda65415fc9,tier1,True,False,DepBelowSurf,https://vocab.nerc.ac.uk/collection/P01/current/ADEPZZ01/,10.4,898.1,1,0,https://api.linked-systems.uk/api/schema-org/dataset/1928152,
1177695,urn:gleaner.io:oih:bodc:data:e93b1de97a09f6403c6086783d79f500f3772b88,none,False,False,,,,,0,0,https://api.linked-systems.uk/api/schema-org/dataset/1177695,
1177413,urn:gleaner.io:oih:bodc:data:719ee7bf0352bf6fed79158d7e887e4883774361,none,False,False,,,,,0,0,https://api.linked-systems.uk/api/schema-org/dataset/1177413,
1916833,urn:gleaner.io:oih:bodc:data:4938cf16bc4ddf6d553d44bd44e70ead59f84ae3,tier1,True,False,DepBelowSurf,https://vocab.nerc.ac.uk/collection/P01/current/ADEPZZ01/,8.8,4819.4,1,0,https://api.linked-systems.uk/api/schema-org/dataset/1916833,
1927880,urn:gleaner.io:oih:bodc:data:ffac803ba549b522c0897a8fde842bdbe4bbb113,tier1,True,False,DepBelowSurf,https://vocab.nerc.ac.uk/collection/P01/current/ADEPZZ01/,5,150,1,0,https://api.linked-systems.uk/api/schema-org/dataset/1927880,
1850992,urn:gleaner.io:oih:bodc:data:f818ce7ddd55430bb509a3102175cfd374a8d908,none,False,False,,,,,0,0,https://api.linked-systems.uk/api/schema-org/dataset/1850992,
2048811,urn:gleaner.io:oih:bodc:data:1a263966b78bf0509f24e3ecc5272a7eecf75c28,tier1,True,False,DepBelowSurf,https://vocab.nerc.ac.uk/collection/P01/current/ADEPZZ01/,12.4,4755.9,1,0,https://api.linked-systems.uk/api/schema-org/dataset/2048811,
2148246,urn:gleaner.io:oih:bodc:data:594fc5b63c4ddc1a603325d974c87685c3b70e99,none,False,False,,,,,0,0,https://api.linked-systems.uk/api/schema-org/dataset/2148246,
1874299,urn:gleaner.io:oih:bodc:data:e1d1230a5babd31c585baeb3ab9aa4fe3a5118f0,tier1,True,False,DepBelowSurf,https://vocab.nerc.ac.uk/collection/P01/current/ADEPZZ01/,10,201.3,1,0,https://api.linked-systems.uk/api/schema-org/dataset/1874299,
2148953,urn:gleaner.io:oih:bodc:data:325e6992fecfc576afeb63c2f6ac38afd1d84e9b,tier_instrument,False,True,,,,,0,0,https://api.linked-systems.uk/api/schema-org/dataset/2148953,
2138713,urn:gleaner.io:oih:bodc:data:879591bedbf3072298acf375464bdc3c4b7b95ac,none,False,False,,,,,0,0,https://api.linked-systems.uk/api/schema-org/dataset/2138713,
2110709,urn:gleaner.io:oih:bodc:data:ec22f76c2a3f1fc17acfc3e7cb7c66c8af0ecdfb,tier1,True,False,DepBelowSurf,https://vocab.nerc.ac.uk/collection/P01/current/ADEPZZ01/,148.9,4723.4,1,0,https://api.linked-systems.uk/api/schema-org/dataset/2110709,
2107806,urn:gleaner.io:oih:bodc:data:11443d5eac93d455f7bd3c4ac998790b31890630,none,False,False,,,,,0,0,https://api.linked-systems.uk/api/schema-org/dataset/2107806,
2138737,urn:gleaner.io:oih:bodc:data:5613c29bd065a029fc65b57aa468ffd948577f93,tier1,True,False,DepBelowSurf,https://vocab.nerc.ac.uk/collection/P01/current/ADEPZZ01/,12.9,103,1,0,https://api.linked-systems.uk/api/schema-org/dataset/2138737,
1177450,urn:gleaner.io:oih:bodc:data:3df51bbbbfcf316feba7c6b43a3548f36f3bb184,none,False,False,,,,,0,0,https://api.linked-systems.uk/api/schema-org/dataset/1177450,
1989632,urn:gleaner.io:oih:bodc:data:d1fe799bf8db4cce86df70b9c0d7c2383f57b465,tier1,True,False,DepBelowSurf,https://vocab.nerc.ac.uk/collection/P01/current/ADEPZZ01/,11.6,103,1,0,https://api.linked-systems.uk/api/schema-org/dataset/1989632,
1928152,urn:gleaner.io:oih:bodc:data:6e2f53104f5ec6661b062c003a3c8a0f65d428ea,none,False,False,,,,,0,0,https://api.linked-systems.uk/api/schema-org/dataset/1928152,
2046275,urn:gleaner.io:oih:bodc:data:7082a12c2c12227362ed431233e9ca9963c20d70,tier1,True,False,DepBelowSurf,https://vocab.nerc.ac.uk/collection/P01/current/ADEPZZ01/,12.4,4755.9,1,0,https://api.linked-systems.uk/api/schema-org/dataset/2046275,
1177646,urn:gleaner.io:oih:bodc:data:08d85b3e79015cf1a90c4c5b652d9b423d71aca6,none,False,False,,,,,0,0,https://api.linked-systems.uk/api/schema-org/dataset/1177646,
1879612,urn:gleaner.io:oih:bodc:data:bc0fb06bef5edcea154207777f712b7f6ef85ebd,tier1,True,False,DepBelowSurf,https://vocab.nerc.ac.uk/collection/P01/current/ADEPZZ01/,,,1,0,https://api.linked-systems.uk/api/schema-org/dataset/1879612,
2148130,urn:gleaner.io:oih:bodc:data:9f54855cccdd6983a6d99db89f532c791f5cc910,none,False,False,,,,,0,0,https://api.linked-systems.uk/api/schema-org/dataset/2148130,
2105768,urn:gleaner.io:oih:bodc:data:d34be66b1657f1933e7c3d1baa0e8c402a603e75,none,False,False,,,,,0,0,https://api.linked-systems.uk/api/schema-org/dataset/2105768,
888107,urn:gleaner.io:oih:bodc:data:94ed804ecb988f13b40682e1ba616f6b3734544d,none,False,False,,,,,0,0,https://api.linked-systems.uk/api/schema-org/dataset/888107,
2074694,urn:gleaner.io:oih:bodc:data:00c2797df39cf0191c5511b3022502154a863709,tier_instrument,False,True,,,,,0,0,https://api.linked-systems.uk/api/schema-org/dataset/2074694,
2118970,urn:gleaner.io:oih:bodc:data:0f675071c682c3391b98c4bc3a5fba2db4de6256,tier1,True,False,DepBelowSurf,https://vocab.nerc.ac.uk/collection/P01/current/ADEPZZ01/,12.9,1499.6,1,0,https://api.linked-systems.uk/api/schema-org/dataset/2118970,
2119045,urn:gleaner.io:oih:bodc:data:c267760af98e627a86946b1867e1c1d4b2b0a343,none,False,False,,,,,0,0,https://api.linked-systems.uk/api/schema-org/dataset/2119045,
1347143,urn:gleaner.io:oih:bodc:data:f719289ab4a6cfcb6285fe95a5c13e547c6c01c0,none,False,False,,,,,0,0,https://api.linked-systems.uk/api/schema-org/dataset/1347143,
895626,urn:gleaner.io:oih:bodc:data:bed8e9ec6df0ab4abb0e3621731f96f23b7b891b,none,False,False,,,,,0,0,https://api.linked-systems.uk/api/schema-org/dataset/895626,
1929002,urn:gleaner.io:oih:bodc:data:bb60d70b470f07c51eebfb262e2a7dec266f7b9a,tier1,True,False,DepBelowSurf,https://vocab.nerc.ac.uk/collection/P01/current/ADEPZZ01/,5,104.1,1,0,https://api.linked-systems.uk/api/schema-org/dataset/1929002,
1927738,urn:gleaner.io:oih:bodc:data:a6d4bcc5891636de5e690538b764c14295497278,none,False,False,,,,,0,0,https://api.linked-systems.uk/api/schema-org/dataset/1927738,
1928011,urn:gleaner.io:oih:bodc:data:286ce71c7262a76100166f369b79a7ddf6214c9a,none,False,False,,,,,0,0,https://api.linked-systems.uk/api/schema-org/dataset/1928011,
1880613,urn:gleaner.io:oih:bodc:data:1dad1d2a9a5eb4f4ff0573be1546c90f57aa9000,none,False,False,,,,,0,0,https://api.linked-systems.uk/api/schema-org/dataset/1880613,
2105768,urn:gleaner.io:oih:bodc:data:b946b73ae2ab478c3ef95a5537ce81d48cae54ae,none,False,False,,,,,0,0,https://api.linked-systems.uk/api/schema-org/dataset/2105768,
1346871,urn:gleaner.io:oih:bodc:data:513f92e25874c808e82504df9a2cf2a89df6960a,none,False,False,,,,,0,0,https://api.linked-systems.uk/api/schema-org/dataset/1346871,
1170832,urn:gleaner.io:oih:bodc:data:8a2a528d53abdcc5854b4f8162935c1850d0db7f,none,False,False,,,,,0,0,https://api.linked-systems.uk/api/schema-org/dataset/1170832,
1177911,urn:gleaner.io:oih:bodc:data:b2ad3e852d99b16bcb95dee1b06463ad0e6eaddb,none,False,False,,,,,0,0,https://api.linked-systems.uk/api/schema-org/dataset/1177911,
1928999,urn:gleaner.io:oih:bodc:data:e51bc5fc6b1fa056836524650586fba624786a46,tier1,True,False,DepBelowSurf,https://vocab.nerc.ac.uk/collection/P01/current/ADEPZZ01/,8.8,4819.4,1,0,https://api.linked-systems.uk/api/schema-org/dataset/1928999,
2074670,urn:gleaner.io:oih:bodc:data:e264916d27d57f8000668b920685fb0a6956a495,none,False,False,,,,,0,0,https://api.linked-systems.uk/api/schema-org/dataset/2074670,
2138749,urn:gleaner.io:oih:bodc:data:f9451cf636e70b7aaf03c65b26b405a1d9d5bd73,none,False,False,,,,,0,0,https://api.linked-systems.uk/api/schema-org/dataset/2138749,
1916894,urn:gleaner.io:oih:bodc:data:a3055b49c311980ea60c5f559ea5b9a02867d79e,tier1,True,False,DepBelowSurf,https://vocab.nerc.ac.uk/collection/P01/current/ADEPZZ01/,5.2,101,1,0,https://api.linked-systems.uk/api/schema-org/dataset/1916894,
2153470,urn:gleaner.io:oih:bodc:data:f2869f3296c2c85caa95d6f89f1cb76ac53cae42,tier1,True,False,DepBelowSurf,https://vocab.nerc.ac.uk/collection/P01/current/ADEPZZ01/,15,1850,1,0,https://api.linked-systems.uk/api/schema-org/dataset/2153470,
1880754,urn:gleaner.io:oih:bodc:data:bfc12d307ba18e746032ebec4fe0ff43d1e5a3f8,tier1,True,False,DepBelowSurf,https://vocab.nerc.ac.uk/collection/P01/current/ADEPZZ01/,3,200,1,0,https://api.linked-systems.uk/api/schema-org/dataset/1880754,
1816819,urn:gleaner.io:oih:bodc:data:47f3548c4e10664b0743b32744584dd650a38381,none,False,False,,,,,0,0,https://api.linked-systems.uk/api/schema-org/dataset/1816819,
1927935,urn:gleaner.io:oih:bodc:data:29236b986d26843d6150f06b54f5389692e61529,tier1,True,False,DepBelowSurf,https://vocab.nerc.ac.uk/collection/P01/current/ADEPZZ01/,2,150,1,0,https://api.linked-systems.uk/api/schema-org/dataset/1927935,
2048779,urn:gleaner.io:oih:bodc:data:3ce1135bd0c9533df5320a21519b2268d3ff7b5f,tier1,True,False,DepBelowSurf,https://vocab.nerc.ac.uk/collection/P01/current/ADEPZZ01/,13.1,825.8,1,0,https://api.linked-systems.uk/api/schema-org/dataset/2048779,
1171012,urn:gleaner.io:oih:bodc:data:53846430b68102d32f50135ac3a84c05321262b7,none,False,False,,,,,0,0,https://api.linked-systems.uk/api/schema-org/dataset/1171012,
1226070,urn:gleaner.io:oih:bodc:data:557666ca8a346aafb194775887618ca7da9e8b6f,tier_instrument,False,True,,,,,0,0,https://api.linked-systems.uk/api/schema-org/dataset/1226070,
2046343,urn:gleaner.io:oih:bodc:data:580e0a781c57b4e02c835212dd55baaffc6bf87a,tier1,True,False,DepBelowSurf,https://vocab.nerc.ac.uk/collection/P01/current/ADEPZZ01/,12.8,202.9,1,0,https://api.linked-systems.uk/api/schema-org/dataset/2046343,
1928140,urn:gleaner.io:oih:bodc:data:149022fd4448cf609c93972316a4ba9aa3e5b71e,tier1,True,False,DepBelowSurf,https://vocab.nerc.ac.uk/collection/P01/current/ADEPZZ01/,2.8,279.5,1,0,https://api.linked-systems.uk/api/schema-org/dataset/1928140,
2148406,urn:gleaner.io:oih:bodc:data:b32fa3904e65c651d8854424258ed42a5135a459,none,False,False,,,,,0,0,https://api.linked-systems.uk/api/schema-org/dataset/2148406,
1816924,urn:gleaner.io:oih:bodc:data:7428582b7cdd53fe65c0973c5cd7fef4984beca3,none,False,False,,,,,0,0,https://api.linked-systems.uk/api/schema-org/dataset/1816924,
1928140,urn:gleaner.io:oih:bodc:data:caa84398c84630d9f7dc0a306a5fe9d8189f0329,tier1,True,False,DepBelowSurf,https://vocab.nerc.ac.uk/collection/P01/current/ADEPZZ01/,2.8,279.5,1,0,https://api.linked-systems.uk/api/schema-org/dataset/1928140,
1226150,urn:gleaner.io:oih:bodc:data:cb9766f24cb4d91e6434985cb815059857caab60,tier_instrument,False,True,,,,,0,0,https://api.linked-systems.uk/api/schema-org/dataset/1226150,
2148861,urn:gleaner.io:oih:bodc:data:abba515c17eccba94471a8ce5fe223989116470c,none,False,False,,,,,0,0,https://api.linked-systems.uk/api/schema-org/dataset/2148861,
1347223,urn:gleaner.io:oih:bodc:data:dc17194a7a0558b3dd0e1f7a48d2c35f754b6911,tier1,True,False,DepBelowSurf,https://vocab.nerc.ac.uk/collection/P01/current/ADEPZZ01/,5.5,995.6,1,0,https://api.linked-systems.uk/api/schema-org/dataset/1347223,
1226334,urn:gleaner.io:oih:bodc:data:ea8c23e580e0a9b2e5899792252a00247194041b,none,False,False,,,,,0,0,https://api.linked-systems.uk/api/schema-org/dataset/1226334,
2148547,urn:gleaner.io:oih:bodc:data:a3447e5fb21cb545eedca7ac1b7fcc80198058cb,none,False,False,,,,,0,0,https://api.linked-systems.uk/api/schema-org/dataset/2148547,
1879568,urn:gleaner.io:oih:bodc:data:e2c61813605e039047dcf5c5d91743d197e93bef,tier1,True,False,DepBelowSurf,https://vocab.nerc.ac.uk/collection/P01/current/ADEPZZ01/,5.2,202.1,1,0,https://api.linked-systems.uk/api/schema-org/dataset/1879568,
2148467,urn:gleaner.io:oih:bodc:data:518daccea0bf67e539ba75a97653d69c0a0b5361,tier1,True,False,DepBelowSurf,https://vocab.nerc.ac.uk/collection/P01/current/ADEPZZ01/,5.2,300.7,1,0,https://api.linked-systems.uk/api/schema-org/dataset/2148467,
1928152,urn:gleaner.io:oih:bodc:data:f582150bb02f8045867c9a56cd9e227937ef6ff4,none,False,False,,,,,0,0,https://api.linked-systems.uk/api/schema-org/dataset/1928152,
1880637,urn:gleaner.io:oih:bodc:data:0a0f2a76235f5acb430e6e950b8aa2bd71be07f8,none,False,False,,,,,0,0,https://api.linked-systems.uk/api/schema-org/dataset/1880637,
1816912,urn:gleaner.io:oih:bodc:data:29910addea3e3658e84fb6790944f48b2ce09641,none,False,False,,,,,0,0,https://api.linked-systems.uk/api/schema-org/dataset/1816912,
1177726,urn:gleaner.io:oih:bodc:data:82d87f36fd1038c230d4c0f65af5c2c8b880dafe,none,False,False,,,,,0,0,https://api.linked-systems.uk/api/schema-org/dataset/1177726,
2138798,urn:gleaner.io:oih:bodc:data:379ea7e8aa71c41da450faf71645fb14556824b8,tier1,True,False,DepBelowSurf,https://vocab.nerc.ac.uk/collection/P01/current/ADEPZZ01/,10.5,151.9,1,0,https://api.linked-systems.uk/api/schema-org/dataset/2138798,
1226229,urn:gleaner.io:oih:bodc:data:c1f3bae4a73666b2924059fc81d18eb4278f18e4,none,False,False,,,,,0,0,https://api.linked-systems.uk/api/schema-org/dataset/1226229,
2148351,urn:gleaner.io:oih:bodc:data:81dee34df9cdeb10bdee8bc775deaa288046d009,none,False,False,,,,,0,0,https://api.linked-systems.uk/api/schema-org/dataset/2148351,
2148271,urn:gleaner.io:oih:bodc:data:b05858e09cc77a1b63012b999150b42bc8665ec1,none,False,False,,,,,0,0,https://api.linked-systems.uk/api/schema-org/dataset/2148271,
2001686,urn:gleaner.io:oih:bodc:data:8e86f0bad5c3f62f0c0741a2f6638fc3beaf989a,tier1,True,False,DepBelowSurf,https://vocab.nerc.ac.uk/collection/P01/current/ADEPZZ01/,9.4,4733,1,0,https://api.linked-systems.uk/api/schema-org/dataset/2001686,
2148603,urn:gleaner.io:oih:bodc:data:a5c82cc573b85454715261594b4b9808e9afd86b,tier1,True,False,DepBelowSurf,https://vocab.nerc.ac.uk/collection/P01/current/ADEPZZ01/,5.8,300.9,1,0,https://api.linked-systems.uk/api/schema-org/dataset/2148603,
1177843,urn:gleaner.io:oih:bodc:data:a857cd277476ce78d12311d829c00da278875aa5,none,False,False,,,,,0,0,https://api.linked-systems.uk/api/schema-org/dataset/1177843,
1177855,urn:gleaner.io:oih:bodc:data:03c2dea518bced4628a3bc506d7b06850b2870f0,none,False,False,,,,,0,0,https://api.linked-systems.uk/api/schema-org/dataset/1177855,
1928103,urn:gleaner.io:oih:bodc:data:08ca09e8c9952c328bca231ea84ffd8b03c25ee7,tier1,True,False,DepBelowSurf,https://vocab.nerc.ac.uk/collection/P01/current/ADEPZZ01/,29.9,70,1,0,https://api.linked-systems.uk/api/schema-org/dataset/1928103,
2148627,urn:gleaner.io:oih:bodc:data:be7a042d27c0cee10555f6c4992459af29055aa2,none,False,False,,,,,0,0,https://api.linked-systems.uk/api/schema-org/dataset/2148627,
2046380,urn:gleaner.io:oih:bodc:data:c02e2c3138b6798019d9719afde55512c90b2b8d,none,False,False,,,,,0,0,https://api.linked-systems.uk/api/schema-org/dataset/2046380,
1177923,urn:gleaner.io:oih:bodc:data:8e0bca70ced74a2683d0e6a016d53168aa6c3912,none,False,False,,,,,0,0,https://api.linked-systems.uk/api/schema-org/dataset/1177923,
1177763,urn:gleaner.io:oih:bodc:data:385e01056c224c9b3311fc53a3901d3a54e73efc,none,False,False,,,,,0,0,https://api.linked-systems.uk/api/schema-org/dataset/1177763,
2138701,urn:gleaner.io:oih:bodc:data:7ec016b5f6b6e1cc426627b02df8ffb000427cd8,tier1,True,False,DepBelowSurf,https://vocab.nerc.ac.uk/collection/P01/current/ADEPZZ01/,19.7,99.2,1,0,https://api.linked-systems.uk/api/schema-org/dataset/2138701,
1177542,urn:gleaner.io:oih:bodc:data:e09dc32d934c98d680a85e9aca89c19b49f30c91,none,False,False,,,,,0,0,https://api.linked-systems.uk/api/schema-org/dataset/1177542,
2046146,urn:gleaner.io:oih:bodc:data:e1bbafb6b7e3c4d047f8087dafe414a9469038e7,tier2,False,False,SFPG,https://vocab.nerc.ac.uk/collection/P01/current/DEPHFP01/,,,0,1,https://api.linked-systems.uk/api/schema-org/dataset/2046146,
1177474,urn:gleaner.io:oih:bodc:data:30c6f97b3206ac8cea420627b670f5404c5a6be2,none,False,False,,,,,0,0,https://api.linked-systems.uk/api/schema-org/dataset/1177474,
1816752,urn:gleaner.io:oih:bodc:data:5a61584baee80ceab7f91562afeaa6d74a178551,tier2,False,False,Start_depth,https://vocab.nerc.ac.uk/collection/P01/current/DEPHPRST/,2.97,351.69,0,1,https://api.linked-systems.uk/api/schema-org/dataset/1816752,
1922863,urn:gleaner.io:oih:bodc:data:4fbe98cae99e919bcceb59bf65836c7e38df53fa,none,False,False,,,,,0,0,https://api.linked-systems.uk/api/schema-org/dataset/1922863,
1177738,urn:gleaner.io:oih:bodc:data:098374ffe9728e6e3f19ddf991269bfbbe211003,none,False,False,,,,,0,0,https://api.linked-systems.uk/api/schema-org/dataset/1177738,
1816819,urn:gleaner.io:oih:bodc:data:45988c7d7b7765d461f5bffe8e8a827a0bd7b764,tier2,False,False,Start_depth,https://vocab.nerc.ac.uk/collection/P01/current/DEPHPRST/,4.96,351.68,0,1,https://api.linked-systems.uk/api/schema-org/dataset/1816819,
2110710,urn:gleaner.io:oih:bodc:data:669da1ee94b113818712fc96ac8be1f9478671fd,none,False,False,,,,,0,0,https://api.linked-systems.uk/api/schema-org/dataset/2110710,
1177923,urn:gleaner.io:oih:bodc:data:ffaed2bce5dcacaa84c124bd9a7d825ed5eee536,none,False,False,,,,,0,0,https://api.linked-systems.uk/api/schema-org/dataset/1177923,
1928987,urn:gleaner.io:oih:bodc:data:0345cef6851a7a5be6356240f2855354d9ac4929,none,False,False,,,,,0,0,https://api.linked-systems.uk/api/schema-org/dataset/1928987,
2048718,urn:gleaner.io:oih:bodc:data:8e58737e6f508384d3f74887fe5f5e4075ab880c,tier1,True,False,DepBelowSurf,https://vocab.nerc.ac.uk/collection/P01/current/ADEPZZ01/,13.6,4758,1,0,https://api.linked-systems.uk/api/schema-org/dataset/2048718,
1346858,urn:gleaner.io:oih:bodc:data:70e6b58ca2956e43591be9baf013eb306df207f9,none,False,False,,,,,0,0,https://api.linked-systems.uk/api/schema-org/dataset/1346858,
1816764,urn:gleaner.io:oih:bodc:data:114c0054b3be474fb1ab8bfd46f1fc3c060779a6,tier2,False,False,Start_depth,https://vocab.nerc.ac.uk/collection/P01/current/DEPHPRST/,2.97,351.69,0,1,https://api.linked-systems.uk/api/schema-org/dataset/1816764,
1177947,urn:gleaner.io:oih:bodc:data:6af9124bedfb606aa5cfebfac3370c696698b2ca,none,False,False,,,,,0,0,https://api.linked-systems.uk/api/schema-org/dataset/1177947,
2148492,urn:gleaner.io:oih:bodc:data:a8afb8efe50ab3e54c1f456fa034c785878077b3,tier1,True,False,DepBelowSurf,https://vocab.nerc.ac.uk/collection/P01/current/ADEPZZ01/,5.4,301.8,1,0,https://api.linked-systems.uk/api/schema-org/dataset/2148492,
2046202,urn:gleaner.io:oih:bodc:data:d6155fdb939069465479038c4323cd301f680fb2,none,False,False,,,,,0,0,https://api.linked-systems.uk/api/schema-org/dataset/2046202,
1347327,urn:gleaner.io:oih:bodc:data:0c9f3d09443334a180ddbe2f4660c650d0378dc8,none,False,False,,,,,0,0,https://api.linked-systems.uk/api/schema-org/dataset/1347327,
2051751,urn:gleaner.io:oih:bodc:data:7ca55c5ffabb99384188380e7d55e3617e2bbd91,none,False,False,,,,,0,0,https://api.linked-systems.uk/api/schema-org/dataset/2051751,
2048860,urn:gleaner.io:oih:bodc:data:00e415e891b85e6f43af82768916ab718c1dd68f,none,False,False,,,,,0,0,https://api.linked-systems.uk/api/schema-org/dataset/2048860,
1989681,urn:gleaner.io:oih:bodc:data:3a97c42559b3a3b6417e33a7c09bebb7540497ee,tier1,True,False,DepBelowSurf,https://vocab.nerc.ac.uk/collection/P01/current/ADEPZZ01/,10,100.4,1,0,https://api.linked-systems.uk/api/schema-org/dataset/1989681,
1170740,urn:gleaner.io:oih:bodc:data:eb5c1fe037738ab0495034ec20d6b42856f2bf84,tier2,False,False,BinDep,https://vocab.nerc.ac.uk/collection/P01/current/DBINAA01/,11,407,0,1,https://api.linked-systems.uk/api/schema-org/dataset/1170740,
1759960,urn:gleaner.io:oih:bodc:data:a466f340708f6401264e33856959b07b75604a88,none,False,False,,,,,0,0,https://api.linked-systems.uk/api/schema-org/dataset/1759960,
1177437,urn:gleaner.io:oih:bodc:data:7f100251ba472abf710c763aaf29fa61db5157bf,none,False,False,,,,,0,0,https://api.linked-systems.uk/api/schema-org/dataset/1177437,
1928103,urn:gleaner.io:oih:bodc:data:c57dda2ec21085009e49b78ea5c48a16719734f4,tier1,True,False,DepBelowSurf,https://vocab.nerc.ac.uk/collection/P01/current/ADEPZZ01/,29.9,70,1,0,https://api.linked-systems.uk/api/schema-org/dataset/1928103,
1928139,urn:gleaner.io:oih:bodc:data:66b47189e49802b533b776174d23c9cfc002c00e,none,False,False,,,,,0,0,https://api.linked-systems.uk/api/schema-org/dataset/1928139,
1347388,urn:gleaner.io:oih:bodc:data:966d68201e4d93dd752ab5f14c6772fd3589a1eb,none,False,False,,,,,0,0,https://api.linked-systems.uk/api/schema-org/dataset/1347388,
2001637,urn:gleaner.io:oih:bodc:data:e050b2814073918dd14261c48686b7375e8adda7,tier1,True,False,DepBelowSurf,https://vocab.nerc.ac.uk/collection/P01/current/ADEPZZ01/,9.1,4734.4,1,0,https://api.linked-systems.uk/api/schema-org/dataset/2001637,
2014795,urn:gleaner.io:oih:bodc:data:037f668b28a964baa622ec60d1e3dfa1b6cc7904,none,False,False,,,,,0,0,https://api.linked-systems.uk/api/schema-org/dataset/2014795,
1177394,urn:gleaner.io:oih:bodc:data:2380ea84ba8a408de29b5721eba3a39720ab6482,none,False,False,,,,,0,0,https://api.linked-systems.uk/api/schema-org/dataset/1177394,
2051818,urn:gleaner.io:oih:bodc:data:396114078be56183a67f5d9fb77437a84933ae51,tier1,True,False,DepBelowSurf,https://vocab.nerc.ac.uk/collection/P01/current/ADEPZZ01/,8.4,4706.6,1,0,https://api.linked-systems.uk/api/schema-org/dataset/2051818,
1347272,urn:gleaner.io:oih:bodc:data:81c61af91faa925bfddde8215c66e75e9fb3e2e6,tier1,True,False,DepBelowSurf,https://vocab.nerc.ac.uk/collection/P01/current/ADEPZZ01/,7.4,2001.6,1,0,https://api.linked-systems.uk/api/schema-org/dataset/1347272,
1928152,urn:gleaner.io:oih:bodc:data:df52d01449d1a91fbd6291ea81e8366c9dced63e,tier1,True,False,DepBelowSurf,https://vocab.nerc.ac.uk/collection/P01/current/ADEPZZ01/,10.4,898.1,1,0,https://api.linked-systems.uk/api/schema-org/dataset/1928152,
2115879,urn:gleaner.io:oih:bodc:data:283f53dee1ba46eb8c1013d4c0a66d3a9e76391c,none,False,False,,,,,0,0,https://api.linked-systems.uk/api/schema-org/dataset/2115879,
2107726,urn:gleaner.io:oih:bodc:data:3fefebaf8e0a257179eee824ded315750362813e,tier1,True,False,DepBelowSurf,https://vocab.nerc.ac.uk/collection/P01/current/ADEPZZ01/,15,65,1,0,https://api.linked-systems.uk/api/schema-org/dataset/2107726,
2148105,urn:gleaner.io:oih:bodc:data:e9305fc8f8d9156689e2c204ae6711bd3a6dd4aa,tier1,True,False,DepBelowSurf,https://vocab.nerc.ac.uk/collection/P01/current/ADEPZZ01/,6.3,301,1,0,https://api.linked-systems.uk/api/schema-org/dataset/2148105,
2046423,urn:gleaner.io:oih:bodc:data:7fa1aee6f19121de80486926611c81702d37f142,tier1,True,False,DepBelowSurf,https://vocab.nerc.ac.uk/collection/P01/current/ADEPZZ01/,12.4,4755.9,1,0,https://api.linked-systems.uk/api/schema-org/dataset/2046423,
1347364,urn:gleaner.io:oih:bodc:data:822ff4cf0a324afc8d232d74577461962ea60afc,tier1,True,False,DepBelowSurf,https://vocab.nerc.ac.uk/collection/P01/current/ADEPZZ01/,5.1,100.1,1,0,https://api.linked-systems.uk/api/schema-org/dataset/1347364,
2026667,urn:gleaner.io:oih:bodc:data:f99779f38c0a5ec9f740ba1c4f4d3e0f75492b65,tier_instrument,False,True,,,,,0,0,https://api.linked-systems.uk/api/schema-org/dataset/2026667,
2051799,urn:gleaner.io:oih:bodc:data:4b68410b3e4295ff50589b32598f1967cff66c9d,tier1,True,False,DepBelowSurf,https://vocab.nerc.ac.uk/collection/P01/current/ADEPZZ01/,9.2,4697.6,1,0,https://api.linked-systems.uk/api/schema-org/dataset/2051799,
2111866,urn:gleaner.io:oih:bodc:data:1396ac0dec8df63d172fa74684cf64bf800c6bda,none,False,False,,,,,0,0,https://api.linked-systems.uk/api/schema-org/dataset/2111866,
2004150,urn:gleaner.io:oih:bodc:data:f24b8edd40f85219d4d7641c5c21d48c47da1eb3,tier1,True,False,DepBelowSurf,https://vocab.nerc.ac.uk/collection/P01/current/ADEPZZ01/,9.2,103.4,1,0,https://api.linked-systems.uk/api/schema-org/dataset/2004150,
2115867,urn:gleaner.io:oih:bodc:data:66eb165fc0edefde0e44767c69fe3c82e9a090f0,none,False,False,,,,,0,0,https://api.linked-systems.uk/api/schema-org/dataset/2115867,
1350777,urn:gleaner.io:oih:bodc:data:dff1b6c4db0d48124177de82255ed2cd2066c276,none,False,False,,,,,0,0,https://api.linked-systems.uk/api/schema-org/dataset/1350777,
1880822,urn:gleaner.io:oih:bodc:data:28af8a9d1bb0f75717eb49738b99752d0bac5f57,none,False,False,,,,,0,0,https://api.linked-systems.uk/api/schema-org/dataset/1880822,
1927806,urn:gleaner.io:oih:bodc:data:890074798feba50f168038807d59c6d5fc7a0411,tier1,True,False,DepBelowSurf,https://vocab.nerc.ac.uk/collection/P01/current/ADEPZZ01/,2,25,1,0,https://api.linked-systems.uk/api/schema-org/dataset/1927806,
1874275,urn:gleaner.io:oih:bodc:data:7029bd144207ecfde6826ca48e7875dc9e64985a,tier1,True,False,DepBelowSurf,https://vocab.nerc.ac.uk/collection/P01/current/ADEPZZ01/,11.6,2997.6,1,0,https://api.linked-systems.uk/api/schema-org/dataset/1874275,
1879624,urn:gleaner.io:oih:bodc:data:7f9c6095da9e8ab8ccb0c3bb44df99f85ae796d5,none,False,False,,,,,0,0,https://api.linked-systems.uk/api/schema-org/dataset/1879624,
2148191,urn:gleaner.io:oih:bodc:data:8fcf76ddab66126b1cb231123de21a3f713f1355,none,False,False,,,,,0,0,https://api.linked-systems.uk/api/schema-org/dataset/2148191,
2148836,urn:gleaner.io:oih:bodc:data:4addba99927e57aba08a7a85367449b699afc676,none,False,False,,,,,0,0,https://api.linked-systems.uk/api/schema-org/dataset/2148836,
1346975,urn:gleaner.io:oih:bodc:data:fcde0ba7f3c8854f8a82e9c2cc1745d9249e8c00,none,False,False,,,,,0,0,https://api.linked-systems.uk/api/schema-org/dataset/1346975,
2115867,urn:gleaner.io:oih:bodc:data:677b14388ca9bec22920a83c22e582f34b10a801,none,False,False,,,,,0,0,https://api.linked-systems.uk/api/schema-org/dataset/2115867,
2148234,urn:gleaner.io:oih:bodc:data:7e58832c15aaeb007247c3ab5daf27fdab967d28,tier1,True,False,DepBelowSurf,https://vocab.nerc.ac.uk/collection/P01/current/ADEPZZ01/,6.1,300.7,1,0,https://api.linked-systems.uk/api/schema-org/dataset/2148234,
1928139,urn:gleaner.io:oih:bodc:data:3e744653023ca7384841977eecda573f8ff354f5,tier1,True,False,DepBelowSurf,https://vocab.nerc.ac.uk/collection/P01/current/ADEPZZ01/,5.6,430.8,1,0,https://api.linked-systems.uk/api/schema-org/dataset/1928139,
2014771,urn:gleaner.io:oih:bodc:data:e111a72a158354f3b3735376349e44cb4b8913ae,none,False,False,,,,,0,0,https://api.linked-systems.uk/api/schema-org/dataset/2014771,
1816764,urn:gleaner.io:oih:bodc:data:f782aa6f01dc4970e94a2486b08e19aa90b29e61,none,False,False,,,,,0,0,https://api.linked-systems.uk/api/schema-org/dataset/1816764,
1989619,urn:gleaner.io:oih:bodc:data:ac5e9b037ef6702801fe8d1132350f148ba6e1c6,tier1,True,False,DepBelowSurf,https://vocab.nerc.ac.uk/collection/P01/current/ADEPZZ01/,9.1,4734.4,1,0,https://api.linked-systems.uk/api/schema-org/dataset/1989619,
2148037,urn:gleaner.io:oih:bodc:data:f63e674b3e02940ee86abbc174b38e6e0307e0a2,tier1,True,False,DepBelowSurf,https://vocab.nerc.ac.uk/collection/P01/current/ADEPZZ01/,9.8,304.4,1,0,https://api.linked-systems.uk/api/schema-org/dataset/2148037,
2148246,urn:gleaner.io:oih:bodc:data:5256e97ea63ae3bbde6478f48a9aa341adf8d1af,tier1,True,False,DepBelowSurf,https://vocab.nerc.ac.uk/collection/P01/current/ADEPZZ01/,25.3,300.3,1,0,https://api.linked-systems.uk/api/schema-org/dataset/2148246,
2148480,urn:gleaner.io:oih:bodc:data:fb8d9383a1433c8265c6bf395fbc3b072ae3cd9b,none,False,False,,,,,0,0,https://api.linked-systems.uk/api/schema-org/dataset/2148480,
1170764,urn:gleaner.io:oih:bodc:data:dd1bc4d0439bcc9430d64be18d9e425e9c8629bf,none,False,False,,,,,0,0,https://api.linked-systems.uk/api/schema-org/dataset/1170764,
2004113,urn:gleaner.io:oih:bodc:data:ad520b40fce48d41b6ca4ea82bca3f0efaf51fcf,tier1,True,False,DepBelowSurf,https://vocab.nerc.ac.uk/collection/P01/current/ADEPZZ01/,9.1,4734.4,1,0,https://api.linked-systems.uk/api/schema-org/dataset/2004113,
1874411,urn:gleaner.io:oih:bodc:data:778fbb17d383b2356dca8d341b79d2bda39a72a2,none,False,False,,,,,0,0,https://api.linked-systems.uk/api/schema-org/dataset/1874411,
2004149,urn:gleaner.io:oih:bodc:data:31529e1c8e8a122adb597594a8978b0dcbbb851e,none,False,False,,,,,0,0,https://api.linked-systems.uk/api/schema-org/dataset/2004149,
1880649,urn:gleaner.io:oih:bodc:data:7834b3e1c384270c22bbbfaf4ba54535a59a4184,none,False,False,,,,,0,0,https://api.linked-systems.uk/api/schema-org/dataset/1880649,
1927947,urn:gleaner.io:oih:bodc:data:ce25ee671b0c745a322621c49fd549aabea162b8,none,False,False,,,,,0,0,https://api.linked-systems.uk/api/schema-org/dataset/1927947,
1816788,urn:gleaner.io:oih:bodc:data:e873e3cea5cc16b4545f566c7c4e711eef3163e4,tier2,False,False,Start_depth,https://vocab.nerc.ac.uk/collection/P01/current/DEPHPRST/,8.92,351.68,0,1,https://api.linked-systems.uk/api/schema-org/dataset/1816788,
1177382,urn:gleaner.io:oih:bodc:data:660c920264df71ff79a914d42cfb8a4b0b7461bd,none,False,False,,,,,0,0,https://api.linked-systems.uk/api/schema-org/dataset/1177382,
1177959,urn:gleaner.io:oih:bodc:data:be6c9733fd52b44161ec517accf379e3b48f750f,none,False,False,,,,,0,0,https://api.linked-systems.uk/api/schema-org/dataset/1177959,
2001662,urn:gleaner.io:oih:bodc:data:3fb565068e1a17d8f0a185403e1bdfedc27b1f28,none,False,False,,,,,0,0,https://api.linked-systems.uk/api/schema-org/dataset/2001662,
1225890,urn:gleaner.io:oih:bodc:data:1709183a1d514663d49f2d277e08b6147c7178ac,tier_instrument,False,True,,,,,0,0,https://api.linked-systems.uk/api/schema-org/dataset/1225890,
1927984,urn:gleaner.io:oih:bodc:data:69ec473271d0cf8ce401a65bbb970bbc6ff6458c,tier1,True,False,DepBelowSurf,https://vocab.nerc.ac.uk/collection/P01/current/ADEPZZ01/,11.5,497.5,1,0,https://api.linked-systems.uk/api/schema-org/dataset/1927984,
1989644,urn:gleaner.io:oih:bodc:data:c35b0002097c89390390fcb7b5fa165f16c2cd46,tier1,True,False,DepBelowSurf,https://vocab.nerc.ac.uk/collection/P01/current/ADEPZZ01/,11.7,4727,1,0,https://api.linked-systems.uk/api/schema-org/dataset/1989644,
1880834,urn:gleaner.io:oih:bodc:data:49a9bbd77c875c2478395ffc37dd68f85852ce20,none,False,False,,,,,0,0,https://api.linked-systems.uk/api/schema-org/dataset/1880834,
1171061,urn:gleaner.io:oih:bodc:data:85225af3263c6d25b2d788e89389b043ef389daf,tier2,False,False,BinDep,https://vocab.nerc.ac.uk/collection/P01/current/DBINAA01/,11,407,0,1,https://api.linked-systems.uk/api/schema-org/dataset/1171061,
1929038,urn:gleaner.io:oih:bodc:data:f05f85d85a8093d93fdbc74d9147f3a28037c38e,none,False,False,,,,,0,0,https://api.linked-systems.uk/api/schema-org/dataset/1929038,
1928011,urn:gleaner.io:oih:bodc:data:9b2cf58b377afd76fb2ebf29dbefe85e74c3ae67,none,False,False,,,,,0,0,https://api.linked-systems.uk/api/schema-org/dataset/1928011,
1816912,urn:gleaner.io:oih:bodc:data:355d8493a526612c97824b9b6755b46b92946c8f,none,False,False,,,,,0,0,https://api.linked-systems.uk/api/schema-org/dataset/1816912,
1916894,urn:gleaner.io:oih:bodc:data:06d566a6adce017fb72f95a32da42abfec14812a,tier1,True,False,DepBelowSurf,https://vocab.nerc.ac.uk/collection/P01/current/ADEPZZ01/,5.2,101,1,0,https://api.linked-systems.uk/api/schema-org/dataset/1916894,
2014980,urn:gleaner.io:oih:bodc:data:f7bac70a74f38d011242b02638a328ef977276f2,none,False,False,,,,,0,0,https://api.linked-systems.uk/api/schema-org/dataset/2014980,
2046226,urn:gleaner.io:oih:bodc:data:1fe831df0f2253d1d6252bc5d9c8e1f5cc1de96e,none,False,False,,,,,0,0,https://api.linked-systems.uk/api/schema-org/dataset/2046226,
1177959,urn:gleaner.io:oih:bodc:data:40daf672460062770692fee5100fe7050d7e3275,none,False,False,,,,,0,0,https://api.linked-systems.uk/api/schema-org/dataset/1177959,
1850992,urn:gleaner.io:oih:bodc:data:389893cc2462fbac2726b1d4f64d77d60e29fe6b,none,False,False,,,,,0,0,https://api.linked-systems.uk/api/schema-org/dataset/1850992,
1170973,urn:gleaner.io:oih:bodc:data:f0b25ec67818a4916666cb2a5734a929eb47f995,tier2,False,False,BinDep,https://vocab.nerc.ac.uk/collection/P01/current/DBINAA01/,11,407,0,1,https://api.linked-systems.uk/api/schema-org/dataset/1170973,
2046306,urn:gleaner.io:oih:bodc:data:eafe19dfa7482f5e8068d7d1bf8de2febfd7872c,tier1,True,False,DepBelowSurf,https://vocab.nerc.ac.uk/collection/P01/current/ADEPZZ01/,14,1804.6,1,0,https://api.linked-systems.uk/api/schema-org/dataset/2046306,
2073248,urn:gleaner.io:oih:bodc:data:bbb4eaac20ad155cdae7471f2f5edbbced1f48ff,none,False,False,,,,,0,0,https://api.linked-systems.uk/api/schema-org/dataset/2073248,
2022992,urn:gleaner.io:oih:bodc:data:4cff8e61d960f51b8941ffb41b9de905b43347d6,tier_instrument,False,True,,,,,0,0,https://api.linked-systems.uk/api/schema-org/dataset/2022992,
1177880,urn:gleaner.io:oih:bodc:data:403434b367836972104d7818b5fe41fea429668d,none,False,False,,,,,0,0,https://api.linked-systems.uk/api/schema-org/dataset/1177880,
2115855,urn:gleaner.io:oih:bodc:data:cefd55189a7e5491672c2236421b7d3954c60253,tier1,True,False,DepBelowSurf,https://vocab.nerc.ac.uk/collection/P01/current/ADEPZZ01/,34.7,4829.4,1,0,https://api.linked-systems.uk/api/schema-org/dataset/2115855,
2148559,urn:gleaner.io:oih:bodc:data:a50770ef25f3e27c031fcdbb252625e762b4cc00,none,False,False,,,,,0,0,https://api.linked-systems.uk/api/schema-org/dataset/2148559,
1879636,urn:gleaner.io:oih:bodc:data:29a078e5634c072fcf2e097091f0241eec179ed1,tier1,True,False,DepBelowSurf,https://vocab.nerc.ac.uk/collection/P01/current/ADEPZZ01/,5,101,1,0,https://api.linked-systems.uk/api/schema-org/dataset/1879636,
2046343,urn:gleaner.io:oih:bodc:data:75a91712081be7f9611e64395be68febcc2abf0d,none,False,False,,,,,0,0,https://api.linked-systems.uk/api/schema-org/dataset/2046343,
2048823,urn:gleaner.io:oih:bodc:data:44105400befc2d683e96fe88290af977639de690,tier1,True,False,DepBelowSurf,https://vocab.nerc.ac.uk/collection/P01/current/ADEPZZ01/,8,204,1,0,https://api.linked-systems.uk/api/schema-org/dataset/2048823,
2004125,urn:gleaner.io:oih:bodc:data:64b727bcce37dd882001c99e311c4e319ac87fd2,tier1,True,False,DepBelowSurf,https://vocab.nerc.ac.uk/collection/P01/current/ADEPZZ01/,9.9,199.4,1,0,https://api.linked-systems.uk/api/schema-org/dataset/2004125,
2138786,urn:gleaner.io:oih:bodc:data:d1e08b0c596c8e378b3ca8b998128ccce007b1d7,tier1,True,False,DepBelowSurf,https://vocab.nerc.ac.uk/collection/P01/current/ADEPZZ01/,12.4,200.7,1,0,https://api.linked-systems.uk/api/schema-org/dataset/2138786,
1177763,urn:gleaner.io:oih:bodc:data:ef11d89ee56c20289b5bb44de4ce0f24ae911a59,none,False,False,,,,,0,0,https://api.linked-systems.uk/api/schema-org/dataset/1177763,
1927892,urn:gleaner.io:oih:bodc:data:f9a1f77bc4e397298a9e82c3a99f2a4d71e0c348,tier1,True,False,DepBelowSurf,https://vocab.nerc.ac.uk/collection/P01/current/ADEPZZ01/,2,80,1,0,https://api.linked-systems.uk/api/schema-org/dataset/1927892,
1346902,urn:gleaner.io:oih:bodc:data:51b71690650437b22312871b3ba8cdd794fa81b8,tier1,True,False,DepBelowSurf,https://vocab.nerc.ac.uk/collection/P01/current/ADEPZZ01/,6.1,989.5,1,0,https://api.linked-systems.uk/api/schema-org/dataset/1346902,
1226125,urn:gleaner.io:oih:bodc:data:daac37a059db12a5aed4cd33249b4bc8f195b0ac,none,False,False,,,,,0,0,https://api.linked-systems.uk/api/schema-org/dataset/1226125,
1346926,urn:gleaner.io:oih:bodc:data:348f656e2cca3e48335d51b4171582425dba1c11,none,False,False,,,,,0,0,https://api.linked-systems.uk/api/schema-org/dataset/1346926,
2153469,urn:gleaner.io:oih:bodc:data:2a132db0e4fb337ad8a62db7cb27ff3ba75945d2,none,False,False,,,,,0,0,https://api.linked-systems.uk/api/schema-org/dataset/2153469,
2048872,urn:gleaner.io:oih:bodc:data:c409b9cb71ff6caf72dbe294a6b2449092541316,none,False,False,,,,,0,0,https://api.linked-systems.uk/api/schema-org/dataset/2048872,
2118982,urn:gleaner.io:oih:bodc:data:913e8f36cdababbe41ecac834aac2e9ce162176f,tier1,True,False,DepBelowSurf,https://vocab.nerc.ac.uk/collection/P01/current/ADEPZZ01/,21.6,2997.6,1,0,https://api.linked-systems.uk/api/schema-org/dataset/2118982,
1350728,urn:gleaner.io:oih:bodc:data:9ff2999f48bca166f13f3e0f9752d39b7f416db1,none,False,False,,,,,0,0,https://api.linked-systems.uk/api/schema-org/dataset/1350728,
2148744,urn:gleaner.io:oih:bodc:data:c2c311fda14f74ec52e61ecbee7574e7b68cc62d,none,False,False,,,,,0,0,https://api.linked-systems.uk/api/schema-org/dataset/2148744,
2148098,urn:gleaner.io:oih:bodc:data:a7be4930f11eaa0d3453cc8ca29083aad6faa91b,none,False,False,,,,,0,0,https://api.linked-systems.uk/api/schema-org/dataset/2148098,
1170819,urn:gleaner.io:oih:bodc:data:dc2212b427ae32189f02a65dabe714595f4df4c0,none,False,False,,,,,0,0,https://api.linked-systems.uk/api/schema-org/dataset/1170819,
1171104,urn:gleaner.io:oih:bodc:data:33e05be932daf2488d3700d134fe30d02bc0c94d,tier2,False,False,BinDep,https://vocab.nerc.ac.uk/collection/P01/current/DBINAA01/,11,407,0,1,https://api.linked-systems.uk/api/schema-org/dataset/1171104,
2004162,urn:gleaner.io:oih:bodc:data:6511987c90b515cbb4b470275d39bf30ec5c6658,none,False,False,,,,,0,0,https://api.linked-systems.uk/api/schema-org/dataset/2004162,
1927879,urn:gleaner.io:oih:bodc:data:0daa8b5dbe92d9c6645d1b32e52878fea0e4fdac,none,False,False,,,,,0,0,https://api.linked-systems.uk/api/schema-org/dataset/1927879,
2048860,urn:gleaner.io:oih:bodc:data:8131a52ac0fd2d1571d729dd55d9b810131077e5,none,False,False,,,,,0,0,https://api.linked-systems.uk/api/schema-org/dataset/2048860,
2148547,urn:gleaner.io:oih:bodc:data:2d135c6d258580b8ad6ee504c7c5001193585980,none,False,False,,,,,0,0,https://api.linked-systems.uk/api/schema-org/dataset/2148547,
1880601,urn:gleaner.io:oih:bodc:data:75ba2dcd8d23d2016ffba27cad37ba64fd4d38e3,none,False,False,,,,,0,0,https://api.linked-systems.uk/api/schema-org/dataset/1880601,
2148431,urn:gleaner.io:oih:bodc:data:ec025ef9117236ca27b5b3e33b865ce00a58cf5b,tier1,True,False,DepBelowSurf,https://vocab.nerc.ac.uk/collection/P01/current/ADEPZZ01/,52.7,300,1,0,https://api.linked-systems.uk/api/schema-org/dataset/2148431,
2046969,urn:gleaner.io:oih:bodc:data:2db05ea93c24a7c01544ec8c17db88498ed5e7e8,none,False,False,,,,,0,0,https://api.linked-systems.uk/api/schema-org/dataset/2046969,
1928060,urn:gleaner.io:oih:bodc:data:4fb5594f16db4ef570b74bba94c9c01c82a64ecf,none,False,False,,,,,0,0,https://api.linked-systems.uk/api/schema-org/dataset/1928060,
2027855,urn:gleaner.io:oih:bodc:data:fc5bfaf993a8a8449213ed9c9ab6847d20191487,tier2,False,False,SFPG,https://vocab.nerc.ac.uk/collection/P01/current/DEPHFP01/,,,0,1,https://api.linked-systems.uk/api/schema-org/dataset/2027855,
1170844,urn:gleaner.io:oih:bodc:data:2f200821756c78ffdbddfc3e18a8cb7dfd3f3608,none,False,False,,,,,0,0,https://api.linked-systems.uk/api/schema-org/dataset/1170844,
1346895,urn:gleaner.io:oih:bodc:data:2ecf50354fc6f714fecbb12493d1af394724313b,tier1,True,False,DepBelowSurf,https://vocab.nerc.ac.uk/collection/P01/current/ADEPZZ01/,4.9,998.9,1,0,https://api.linked-systems.uk/api/schema-org/dataset/1346895,
1226162,urn:gleaner.io:oih:bodc:data:ba35a23131566bf8555170b43e8745b66e946ade,tier_instrument,False,True,,,,,0,0,https://api.linked-systems.uk/api/schema-org/dataset/1226162,
2110654,urn:gleaner.io:oih:bodc:data:ea807d11378f519ae18abcb8b2eec0bb11e178c6,tier1,True,False,DepBelowSurf,https://vocab.nerc.ac.uk/collection/P01/current/ADEPZZ01/,3.4,209.9,1,0,https://api.linked-systems.uk/api/schema-org/dataset/2110654,
1880809,urn:gleaner.io:oih:bodc:data:8d2aba5bbe570d621c9c1a22588a8f5d6545aa3e,tier1,True,False,DepBelowSurf,https://vocab.nerc.ac.uk/collection/P01/current/ADEPZZ01/,2,80,1,0,https://api.linked-systems.uk/api/schema-org/dataset/1880809,
2107610,urn:gleaner.io:oih:bodc:data:4110861669dbd562d73a618db5654ec14f186405,none,False,False,,,,,0,0,https://api.linked-systems.uk/api/schema-org/dataset/2107610,
1759935,urn:gleaner.io:oih:bodc:data:4db3e92c3b8f583ad9f9d6c1a07431bfdc9eba43,none,False,False,,,,,0,0,https://api.linked-systems.uk/api/schema-org/dataset/1759935,
1874306,urn:gleaner.io:oih:bodc:data:e3c855cc83e4a892de7b8ae5d8c635c8267c8c47,tier1,True,False,DepBelowSurf,https://vocab.nerc.ac.uk/collection/P01/current/ADEPZZ01/,12.2,103.6,1,0,https://api.linked-systems.uk/api/schema-org/dataset/1874306,
1759935,urn:gleaner.io:oih:bodc:data:eb3361084a7349c00ce037038a9659564209b657,none,False,False,,,,,0,0,https://api.linked-systems.uk/api/schema-org/dataset/1759935,
2026631,urn:gleaner.io:oih:bodc:data:ba4b3a311dbb7d959d17afc130681f145f576f0e,tier_instrument,False,True,,,,,0,0,https://api.linked-systems.uk/api/schema-org/dataset/2026631,
1225970,urn:gleaner.io:oih:bodc:data:588c0431d2152040915d8acfc93ab700f17dae76,none,False,False,,,,,0,0,https://api.linked-systems.uk/api/schema-org/dataset/1225970,
2119033,urn:gleaner.io:oih:bodc:data:271f6064304e4f451520acc1fef97a5f038a6512,none,False,False,,,,,0,0,https://api.linked-systems.uk/api/schema-org/dataset/2119033,
2148013,urn:gleaner.io:oih:bodc:data:db0dcf4722fdea86ba073a4e58b28509a638107f,tier1,True,False,DepBelowSurf,https://vocab.nerc.ac.uk/collection/P01/current/ADEPZZ01/,3.9,301.6,1,0,https://api.linked-systems.uk/api/schema-org/dataset/2148013,
2148916,urn:gleaner.io:oih:bodc:data:8dbc27bc76be04f83502f0cc27360010983b9dc6,tier1,True,False,DepBelowSurf,https://vocab.nerc.ac.uk/collection/P01/current/ADEPZZ01/,5.5,100.5,1,0,https://api.linked-systems.uk/api/schema-org/dataset/2148916,
1927818,urn:gleaner.io:oih:bodc:data:2396c5a188caaf13cc5296124aec4c367debf2c4,tier1,True,False,DepBelowSurf,https://vocab.nerc.ac.uk/collection/P01/current/ADEPZZ01/,28,100,1,0,https://api.linked-systems.uk/api/schema-org/dataset/1927818,
1816881,urn:gleaner.io:oih:bodc:data:b87019513513bdf502a86d0b0d336bca17f762da,tier2,False,False,Start_depth,https://vocab.nerc.ac.uk/collection/P01/current/DEPHPRST/,2.97,349.71,0,1,https://api.linked-systems.uk/api/schema-org/dataset/1816881,
1927763,urn:gleaner.io:oih:bodc:data:66a4ea1c8d8f26f1ff2d15dcb149bfac0f6c7f16,tier1,True,False,DepBelowSurf,https://vocab.nerc.ac.uk/collection/P01/current/ADEPZZ01/,2,150,1,0,https://api.linked-systems.uk/api/schema-org/dataset/1927763,
1177486,urn:gleaner.io:oih:bodc:data:0359ce41a286dacb0c65502f15b95c10d7e3e795,none,False,False,,,,,0,0,https://api.linked-systems.uk/api/schema-org/dataset/1177486,
1916870,urn:gleaner.io:oih:bodc:data:4f14a070a4d3f51d695afe3f92720efbac5ad189,none,False,False,,,,,0,0,https://api.linked-systems.uk/api/schema-org/dataset/1916870,
2107683,urn:gleaner.io:oih:bodc:data:b5c80fde6ffcd195c349aaa8166eed9b2ba3eb46,tier1,True,False,DepBelowSurf,https://vocab.nerc.ac.uk/collection/P01/current/ADEPZZ01/,15,150,1,0,https://api.linked-systems.uk/api/schema-org/dataset/2107683,
2148861,urn:gleaner.io:oih:bodc:data:add437b432d45fa459f5c67d8e84e528d44dacbd,none,False,False,,,,,0,0,https://api.linked-systems.uk/api/schema-org/dataset/2148861,
1177394,urn:gleaner.io:oih:bodc:data:7e63b9fed005c47e56fbe80e1cf039c3ad8b9169,none,False,False,,,,,0,0,https://api.linked-systems.uk/api/schema-org/dataset/1177394,
2107787,urn:gleaner.io:oih:bodc:data:6072887cd3397d720a16d0076cc8495559b81a54,tier1,True,False,DepBelowSurf,https://vocab.nerc.ac.uk/collection/P01/current/ADEPZZ01/,300,4799,1,0,https://api.linked-systems.uk/api/schema-org/dataset/2107787,
1226069,urn:gleaner.io:oih:bodc:data:51d59a75d42ba9f127c52e64fd5ecac65e0eda5b,tier_instrument,False,True,,,,,0,0,https://api.linked-systems.uk/api/schema-org/dataset/1226069,
1347051,urn:gleaner.io:oih:bodc:data:e3430d38b0b67d54b4adc9fb0aefc4db1b80a749,none,False,False,,,,,0,0,https://api.linked-systems.uk/api/schema-org/dataset/1347051,
2001698,urn:gleaner.io:oih:bodc:data:163c5ab12af849d7ab1b838ab4eb75b2a4b785ce,none,False,False,,,,,0,0,https://api.linked-systems.uk/api/schema-org/dataset/2001698,
1346951,urn:gleaner.io:oih:bodc:data:380e92c5520b6526ce69407c6d904b1437bfac25,none,False,False,,,,,0,0,https://api.linked-systems.uk/api/schema-org/dataset/1346951,
2110642,urn:gleaner.io:oih:bodc:data:6405afb55ab87bea395a90fc8c9113949bbd045f,tier1,True,False,DepBelowSurf,https://vocab.nerc.ac.uk/collection/P01/current/ADEPZZ01/,9.3,3997.6,1,0,https://api.linked-systems.uk/api/schema-org/dataset/2110642,
1874379,urn:gleaner.io:oih:bodc:data:a52401fb01ff5d76a59fa411883f278c3502b792,tier1,True,False,DepBelowSurf,https://vocab.nerc.ac.uk/collection/P01/current/ADEPZZ01/,10,350,1,0,https://api.linked-systems.uk/api/schema-org/dataset/1874379,
2046146,urn:gleaner.io:oih:bodc:data:3fcdead17e15ac9b82b1e44c9cbc8a2bb03c9600,tier_instrument,False,True,,,,,0,0,https://api.linked-systems.uk/api/schema-org/dataset/2046146,
1346987,urn:gleaner.io:oih:bodc:data:f433cf92e529656c41258b39c25bdfbb839a91d4,none,False,False,,,,,0,0,https://api.linked-systems.uk/api/schema-org/dataset/1346987,
1177498,urn:gleaner.io:oih:bodc:data:08e2e49ba7b57afd1172ff670758ca9a698159c4,none,False,False,,,,,0,0,https://api.linked-systems.uk/api/schema-org/dataset/1177498,
1927714,urn:gleaner.io:oih:bodc:data:41b307ad64f5684243b601d265c6f5d35772975b,tier1,True,False,DepBelowSurf,https://vocab.nerc.ac.uk/collection/P01/current/ADEPZZ01/,6,70,1,0,https://api.linked-systems.uk/api/schema-org/dataset/1927714,
2111830,urn:gleaner.io:oih:bodc:data:e0b9937486ee4081abd8b0857e0397e03e60c6d1,none,False,False,,,,,0,0,https://api.linked-systems.uk/api/schema-org/dataset/2111830,
1927843,urn:gleaner.io:oih:bodc:data:30d07ef139d2212f5c5f49f4c613d522455d726a,none,False,False,,,,,0,0,https://api.linked-systems.uk/api/schema-org/dataset/1927843,
2046171,urn:gleaner.io:oih:bodc:data:b721bed7807ef098d9260beb0777ad0939b948dc,none,False,False,,,,,0,0,https://api.linked-systems.uk/api/schema-org/dataset/2046171,
2148559,urn:gleaner.io:oih:bodc:data:c56e9e7e53a0cb5e206c27aea0816b5ede9b7f28,none,False,False,,,,,0,0,https://api.linked-systems.uk/api/schema-org/dataset/2148559,
1226008,urn:gleaner.io:oih:bodc:data:b8228133fdfb017b7424c16dd6a24fa1a235b26f,tier_instrument,False,True,,,,,0,0,https://api.linked-systems.uk/api/schema-org/dataset/1226008,
1170832,urn:gleaner.io:oih:bodc:data:b707fcb8deb27e97290aec1cf5fcf09627d6a896,tier2,False,False,BinDep,https://vocab.nerc.ac.uk/collection/P01/current/DBINAA01/,11,407,0,1,https://api.linked-systems.uk/api/schema-org/dataset/1170832,
2004217,urn:gleaner.io:oih:bodc:data:2728f58f7eea5ee47afab02bd96841af471d5b79,tier1,True,False,DepBelowSurf,https://vocab.nerc.ac.uk/collection/P01/current/ADEPZZ01/,8.2,4734.6,1,0,https://api.linked-systems.uk/api/schema-org/dataset/2004217,
1225957,urn:gleaner.io:oih:bodc:data:1b3cfa0a50545f080591c8f8b2affa67dfb751e9,tier_instrument,False,True,,,,,0,0,https://api.linked-systems.uk/api/schema-org/dataset/1225957,
1177775,urn:gleaner.io:oih:bodc:data:5c277716cd32353d26f82b882bf6bb53fefb7986,none,False,False,,,,,0,0,https://api.linked-systems.uk/api/schema-org/dataset/1177775,
2148639,urn:gleaner.io:oih:bodc:data:cdc57b524a0fd659c787e77d298762cf671deff9,tier1,True,False,DepBelowSurf,https://vocab.nerc.ac.uk/collection/P01/current/ADEPZZ01/,5.2,300.5,1,0,https://api.linked-systems.uk/api/schema-org/dataset/2148639,
1880601,urn:gleaner.io:oih:bodc:data:6fc4997b6db097c84e7f0e9722598776416be32e,tier1,True,False,DepBelowSurf,https://vocab.nerc.ac.uk/collection/P01/current/ADEPZZ01/,0,4500,1,0,https://api.linked-systems.uk/api/schema-org/dataset/1880601,
2148615,urn:gleaner.io:oih:bodc:data:002ad9ec8394d8ccb41e28764d4aa801702864d5,tier1,True,False,DepBelowSurf,https://vocab.nerc.ac.uk/collection/P01/current/ADEPZZ01/,5.6,300.7,1,0,https://api.linked-systems.uk/api/schema-org/dataset/2148615,
1177462,urn:gleaner.io:oih:bodc:data:67ee5f9f4b30a41e48d8e5f30bee6010a62dc260,none,False,False,,,,,0,0,https://api.linked-systems.uk/api/schema-org/dataset/1177462,
2051818,urn:gleaner.io:oih:bodc:data:0039c857a0decd99f5e1cefa220f181ca221084d,tier1,True,False,DepBelowSurf,https://vocab.nerc.ac.uk/collection/P01/current/ADEPZZ01/,8.4,4706.6,1,0,https://api.linked-systems.uk/api/schema-org/dataset/2051818,
1347296,urn:gleaner.io:oih:bodc:data:51a396dd2923344eafae33846e4f459bd86bec66,none,False,False,,,,,0,0,https://api.linked-systems.uk/api/schema-org/dataset/1347296,
2074670,urn:gleaner.io:oih:bodc:data:2aaee50774357a26cc9dcc426a8024770d91cb4f,tier_instrument,False,True,,,,,0,0,https://api.linked-systems.uk/api/schema-org/dataset/2074670,
1927911,urn:gleaner.io:oih:bodc:data:7afdb350965820782df2f6b2380c212ec14e5fb5,none,False,False,,,,,0,0,https://api.linked-systems.uk/api/schema-org/dataset/1927911,
1759996,urn:gleaner.io:oih:bodc:data:dba93dedbedba1cf694950c6eaf487ae8312d00e,none,False,False,,,,,0,0,https://api.linked-systems.uk/api/schema-org/dataset/1759996,
1177333,urn:gleaner.io:oih:bodc:data:5085ba3d264bdd4148b2169e8885dedb728aafa3,none,False,False,,,,,0,0,https://api.linked-systems.uk/api/schema-org/dataset/1177333,
2148455,urn:gleaner.io:oih:bodc:data:1a2bbbafb73acc276c91e9b7515e21d187e0285c,none,False,False,,,,,0,0,https://api.linked-systems.uk/api/schema-org/dataset/2148455,
1916845,urn:gleaner.io:oih:bodc:data:759b1f8caeaf856a588b052abcb4183d981aeb3f,none,False,False,,,,,0,0,https://api.linked-systems.uk/api/schema-org/dataset/1916845,
2107702,urn:gleaner.io:oih:bodc:data:9ad4648f9c9a72180590f943c0ad2269d9335273,tier1,True,False,DepBelowSurf,https://vocab.nerc.ac.uk/collection/P01/current/ADEPZZ01/,15,90,1,0,https://api.linked-systems.uk/api/schema-org/dataset/2107702,
1929026,urn:gleaner.io:oih:bodc:data:9c12f058748d5f20ba8aca79623bd3328aafbfdc,tier1,True,False,DepBelowSurf,https://vocab.nerc.ac.uk/collection/P01/current/ADEPZZ01/,5.3,100.2,1,0,https://api.linked-systems.uk/api/schema-org/dataset/1929026,
2107695,urn:gleaner.io:oih:bodc:data:b653553e7f23db17052c3cd3eced87c665dad10a,none,False,False,,,,,0,0,https://api.linked-systems.uk/api/schema-org/dataset/2107695,
2046183,urn:gleaner.io:oih:bodc:data:59219a023b515bac600472430a1bc969cdfc5eb3,none,False,False,,,,,0,0,https://api.linked-systems.uk/api/schema-org/dataset/2046183,
1903797,urn:gleaner.io:oih:bodc:data:fcd55cded60a07c2bdf6f26cb90bd4bf7fc27999,none,False,False,,,,,0,0,https://api.linked-systems.uk/api/schema-org/dataset/1903797,
1816881,urn:gleaner.io:oih:bodc:data:61f69d36d49b129d797c087d4210e0af348cba48,none,False,False,,,,,0,0,https://api.linked-systems.uk/api/schema-org/dataset/1816881,
1903804,urn:gleaner.io:oih:bodc:data:2d5239f5a28a2f2472dc7257a75a907e45d324d8,none,False,False,,,,,0,0,https://api.linked-systems.uk/api/schema-org/dataset/1903804,
1874343,urn:gleaner.io:oih:bodc:data:cbd7513ea46015dfc22daa3408e36358f56039a7,none,False,False,,,,,0,0,https://api.linked-systems.uk/api/schema-org/dataset/1874343,
1876638,urn:gleaner.io:oih:bodc:data:4caf63e9f04199df98ecbc1d8ed246fa0f34f4fe,none,False,False,,,,,0,0,https://api.linked-systems.uk/api/schema-org/dataset/1876638,
1177474,urn:gleaner.io:oih:bodc:data:50fff5ffdde55a93ba37e5c9c9faae166b1f6f55,none,False,False,,,,,0,0,https://api.linked-systems.uk/api/schema-org/dataset/1177474,
2148050,urn:gleaner.io:oih:bodc:data:4ba12f66cd8f1da025a1625777cc1c953f45b3b7,tier1,True,False,DepBelowSurf,https://vocab.nerc.ac.uk/collection/P01/current/ADEPZZ01/,4.9,300.2,1,0,https://api.linked-systems.uk/api/schema-org/dataset/2148050,
2107763,urn:gleaner.io:oih:bodc:data:c996f95e66eee9f2c312dab0be4dd598d6e9f6d8,none,False,False,,,,,0,0,https://api.linked-systems.uk/api/schema-org/dataset/2107763,
1225957,urn:gleaner.io:oih:bodc:data:0673f6f9856be6a8818cda052f3edbc59805e817,tier_instrument,False,True,,,,,0,0,https://api.linked-systems.uk/api/schema-org/dataset/1225957,
2148707,urn:gleaner.io:oih:bodc:data:17a947949235f298526fcac8fae2a616fbb611ad,tier1,True,False,DepBelowSurf,https://vocab.nerc.ac.uk/collection/P01/current/ADEPZZ01/,4.7,300.7,1,0,https://api.linked-systems.uk/api/schema-org/dataset/2148707,
1170961,urn:gleaner.io:oih:bodc:data:377bb86c342178a6a68399c13bcd37b97c9f01c1,none,False,False,,,,,0,0,https://api.linked-systems.uk/api/schema-org/dataset/1170961,
1347419,urn:gleaner.io:oih:bodc:data:6eb56f89657038a259c9d171029fc5bd7793e948,none,False,False,,,,,0,0,https://api.linked-systems.uk/api/schema-org/dataset/1347419,
945170,urn:gleaner.io:oih:bodc:data:45c55f08e41a3fde7cb9da525b1b033a0e6b8caf,tier2,False,False,BinDep,https://vocab.nerc.ac.uk/collection/P01/current/DBINAA01/,20,800,0,1,https://api.linked-systems.uk/api/schema-org/dataset/945170,
1177751,urn:gleaner.io:oih:bodc:data:301bc119c973e87ad9be8b308f68be5765d23a4a,none,False,False,,,,,0,0,https://api.linked-systems.uk/api/schema-org/dataset/1177751,
2113443,urn:gleaner.io:oih:bodc:data:dbd167529e9543c8c345284c22a959470788df44,none,False,False,,,,,0,0,https://api.linked-systems.uk/api/schema-org/dataset/2113443,
2051763,urn:gleaner.io:oih:bodc:data:f210a07f693da0c94de7b577873d9d0d561e18bb,none,False,False,,,,,0,0,https://api.linked-systems.uk/api/schema-org/dataset/2051763,
2107578,urn:gleaner.io:oih:bodc:data:06eda0927c747c1e9609dc07c486c5b26527c10c,none,False,False,,,,,0,0,https://api.linked-systems.uk/api/schema-org/dataset/2107578,
1177855,urn:gleaner.io:oih:bodc:data:ecc7710ad46cc667887a721c81d0a5b6da5c4fd6,none,False,False,,,,,0,0,https://api.linked-systems.uk/api/schema-org/dataset/1177855,
1226162,urn:gleaner.io:oih:bodc:data:f254788b02d4d8110d18e950f5bb3040cdc0bdc8,none,False,False,,,,,0,0,https://api.linked-systems.uk/api/schema-org/dataset/1226162,
774750,urn:gleaner.io:oih:bodc:data:8bb54a6b5e56c7d89a7a89a92de38e6cc4bc31ee,none,False,False,,,,,0,0,https://api.linked-systems.uk/api/schema-org/dataset/774750,
2107609,urn:gleaner.io:oih:bodc:data:b49b57161b5ef37fec38fa2c921447395c2c3417,none,False,False,,,,,0,0,https://api.linked-systems.uk/api/schema-org/dataset/2107609,
1170752,urn:gleaner.io:oih:bodc:data:2cdc6098370674dddfb6dff49b6dc0fc4349994b,tier2,False,False,BinDep,https://vocab.nerc.ac.uk/collection/P01/current/DBINAA01/,11,407,0,1,https://api.linked-systems.uk/api/schema-org/dataset/1170752,
2051763,urn:gleaner.io:oih:bodc:data:2b62b2317853508d17797f33588812255720412a,none,False,False,,,,,0,0,https://api.linked-systems.uk/api/schema-org/dataset/2051763,
1928999,urn:gleaner.io:oih:bodc:data:000269c1db8f23d1b231bb6617fdb30981a9ffaa,tier1,True,False,DepBelowSurf,https://vocab.nerc.ac.uk/collection/P01/current/ADEPZZ01/,8.8,4819.4,1,0,https://api.linked-systems.uk/api/schema-org/dataset/1928999,
1903797,urn:gleaner.io:oih:bodc:data:da95d37163fcb7f0d870da453cf07021bcb38b14,none,False,False,,,,,0,0,https://api.linked-systems.uk/api/schema-org/dataset/1903797,
1170924,urn:gleaner.io:oih:bodc:data:f424931acd224dedcc0734dc793ab08046a4a642,tier2,False,False,BinDep,https://vocab.nerc.ac.uk/collection/P01/current/DBINAA01/,11,407,0,1,https://api.linked-systems.uk/api/schema-org/dataset/1170924,
1058137,urn:gleaner.io:oih:bodc:data:f43b29457e96b99c3326435a6f732cac9ccd3921,tier1,True,False,DepBelowSurf,https://vocab.nerc.ac.uk/collection/P01/current/ADEPZZ01/,,,1,0,https://api.linked-systems.uk/api/schema-org/dataset/1058137,
1880791,urn:gleaner.io:oih:bodc:data:ba97f4309bef23fd9edfd40188acf2cda08eeef4,tier1,True,False,DepBelowSurf,https://vocab.nerc.ac.uk/collection/P01/current/ADEPZZ01/,5,200,1,0,https://api.linked-systems.uk/api/schema-org/dataset/1880791,
888132,urn:gleaner.io:oih:bodc:data:defb36d51c73a79b7a12d490f997aeed209aa6d7,none,False,False,,,,,0,0,https://api.linked-systems.uk/api/schema-org/dataset/888132,
1170807,urn:gleaner.io:oih:bodc:data:efb3ef2ab724929f3d1fddda8c5d4a06d56aae95,tier2,False,False,BinDep,https://vocab.nerc.ac.uk/collection/P01/current/DBINAA01/,11,407,0,1,https://api.linked-systems.uk/api/schema-org/dataset/1170807,
1350777,urn:gleaner.io:oih:bodc:data:8c21e6d1d2226c967d4c90f26529f9572e968387,none,False,False,,,,,0,0,https://api.linked-systems.uk/api/schema-org/dataset/1350777,
1177695,urn:gleaner.io:oih:bodc:data:94cdfd1ac496accdc648bd35a169de81f39bd23b,none,False,False,,,,,0,0,https://api.linked-systems.uk/api/schema-org/dataset/1177695,
2148781,urn:gleaner.io:oih:bodc:data:00684a14e05df2280e72cc74bdb128600281db3d,none,False,False,,,,,0,0,https://api.linked-systems.uk/api/schema-org/dataset/2148781,
2148664,urn:gleaner.io:oih:bodc:data:fe1142ae06de038a6f9e957552d36e968417769d,tier1,True,False,DepBelowSurf,https://vocab.nerc.ac.uk/collection/P01/current/ADEPZZ01/,51.8,302.2,1,0,https://api.linked-systems.uk/api/schema-org/dataset/2148664,
2148222,urn:gleaner.io:oih:bodc:data:42b82cd60a0829d23876eca062db2ae90bfb5636,none,False,False,,,,,0,0,https://api.linked-systems.uk/api/schema-org/dataset/2148222,
1928164,urn:gleaner.io:oih:bodc:data:67f0a9039bf18b76c690ded74cce8a4f97c528c2,none,False,False,,,,,0,0,https://api.linked-systems.uk/api/schema-org/dataset/1928164,
2115855,urn:gleaner.io:oih:bodc:data:b3ca7ccb25cfd106b5b1d9616b8a81ddf019bea2,none,False,False,,,,,0,0,https://api.linked-systems.uk/api/schema-org/dataset/2115855,
1927831,urn:gleaner.io:oih:bodc:data:78b381deb1ce8dd43cd769d995d53c04fc177415,none,False,False,,,,,0,0,https://api.linked-systems.uk/api/schema-org/dataset/1927831,
1874379,urn:gleaner.io:oih:bodc:data:ba85bbaad385b1ee079dd6b21c4d3feae3549d07,tier1,True,False,DepBelowSurf,https://vocab.nerc.ac.uk/collection/P01/current/ADEPZZ01/,10,350,1,0,https://api.linked-systems.uk/api/schema-org/dataset/1874379,
2138713,urn:gleaner.io:oih:bodc:data:51504b88197a80a8adff037cb434f9f3ac331c84,tier1,True,False,DepBelowSurf,https://vocab.nerc.ac.uk/collection/P01/current/ADEPZZ01/,9.2,199.8,1,0,https://api.linked-systems.uk/api/schema-org/dataset/2138713,
1177996,urn:gleaner.io:oih:bodc:data:e17fbbc2c3789333ef80cfc2a42640bf1913bd37,none,False,False,,,,,0,0,https://api.linked-systems.uk/api/schema-org/dataset/1177996,
2107671,urn:gleaner.io:oih:bodc:data:a37da246f5faff587956db06ef1a0de29dec2cf7,tier1,True,False,DepBelowSurf,https://vocab.nerc.ac.uk/collection/P01/current/ADEPZZ01/,15,75,1,0,https://api.linked-systems.uk/api/schema-org/dataset/2107671,
1226278,urn:gleaner.io:oih:bodc:data:bdd65c2f6eeb9fae87b52cd720738c44b425da4d,none,False,False,,,,,0,0,https://api.linked-systems.uk/api/schema-org/dataset/1226278,
1816948,urn:gleaner.io:oih:bodc:data:5d1780b6e3525a9f4dbb0fe1196572362860ae60,none,False,False,,,,,0,0,https://api.linked-systems.uk/api/schema-org/dataset/1816948,
1177474,urn:gleaner.io:oih:bodc:data:c88a67e91f6860814ab29f31373008cf5a747ca2,none,False,False,,,,,0,0,https://api.linked-systems.uk/api/schema-org/dataset/1177474,
2012997,urn:gleaner.io:oih:bodc:data:36bf684bbcccc95cd8a977edeec79e2c10f03ee4,tier2,False,False,SFPG,https://vocab.nerc.ac.uk/collection/P01/current/DEPHFP01/,,,0,1,https://api.linked-systems.uk/api/schema-org/dataset/2012997,
895638,urn:gleaner.io:oih:bodc:data:1581e025f6e44faaedaa9e90b90a9eb18d5a8441,none,False,False,,,,,0,0,https://api.linked-systems.uk/api/schema-org/dataset/895638,
1346846,urn:gleaner.io:oih:bodc:data:5fd1f101ed34988d486ededaeb5095c18ced8ff2,tier1,True,False,DepBelowSurf,https://vocab.nerc.ac.uk/collection/P01/current/ADEPZZ01/,3.9,1000.6,1,0,https://api.linked-systems.uk/api/schema-org/dataset/1346846,
1880809,urn:gleaner.io:oih:bodc:data:feb71b9c3016efd3f857982472d4bbfc23aae49a,none,False,False,,,,,0,0,https://api.linked-systems.uk/api/schema-org/dataset/1880809,
2051799,urn:gleaner.io:oih:bodc:data:e8bae39f3d2becd9242acfffa99132806c845ba0,none,False,False,,,,,0,0,https://api.linked-systems.uk/api/schema-org/dataset/2051799,
2107738,urn:gleaner.io:oih:bodc:data:315c4783e531302963e4354f6aed757e1698f465,none,False,False,,,,,0,0,https://api.linked-systems.uk/api/schema-org/dataset/2107738,
2107867,urn:gleaner.io:oih:bodc:data:617faf5a38f8bbaf84a69dca132560024c2af562,none,False,False,,,,,0,0,https://api.linked-systems.uk/api/schema-org/dataset/2107867,
1816912,urn:gleaner.io:oih:bodc:data:a5fd663b9cb8c986aab17dba5427400b358aa73d,none,False,False,,,,,0,0,https://api.linked-systems.uk/api/schema-org/dataset/1816912,
1929099,urn:gleaner.io:oih:bodc:data:f41983176d56e702f08a5ba33628f823e06264d9,none,False,False,,,,,0,0,https://api.linked-systems.uk/api/schema-org/dataset/1929099,
2118969,urn:gleaner.io:oih:bodc:data:db5dfc9ce46a670883c83efa1bba22dc7d65d846,tier1,True,False,DepBelowSurf,https://vocab.nerc.ac.uk/collection/P01/current/ADEPZZ01/,12,501,1,0,https://api.linked-systems.uk/api/schema-org/dataset/2118969,
2148258,urn:gleaner.io:oih:bodc:data:e8c7c4fce7c5bafaf5e9cf2f6e6eed4a144bf1bd,tier1,True,False,DepBelowSurf,https://vocab.nerc.ac.uk/collection/P01/current/ADEPZZ01/,5.3,300.4,1,0,https://api.linked-systems.uk/api/schema-org/dataset/2148258,
1816881,urn:gleaner.io:oih:bodc:data:e804a0d505fb1a60b357f33b402d3bb2f3df6b59,none,False,False,,,,,0,0,https://api.linked-systems.uk/api/schema-org/dataset/1816881,
1225890,urn:gleaner.io:oih:bodc:data:65af05f964e9e85a41380291415cb7761b66af7a,none,False,False,,,,,0,0,https://api.linked-systems.uk/api/schema-org/dataset/1225890,
2115831,urn:gleaner.io:oih:bodc:data:895b0fbed0502261278acfd3422fd620d5325181,none,False,False,,,,,0,0,https://api.linked-systems.uk/api/schema-org/dataset/2115831,
1927751,urn:gleaner.io:oih:bodc:data:d917b6ed43652aab90c88beaa2c6092f32e1b63c,tier1,True,False,DepBelowSurf,https://vocab.nerc.ac.uk/collection/P01/current/ADEPZZ01/,2,75,1,0,https://api.linked-systems.uk/api/schema-org/dataset/1927751,
2148720,urn:gleaner.io:oih:bodc:data:4d51ed07a159016f49f3afcc80ca5579f52154e0,tier1,True,False,DepBelowSurf,https://vocab.nerc.ac.uk/collection/P01/current/ADEPZZ01/,5,300,1,0,https://api.linked-systems.uk/api/schema-org/dataset/2148720,
1927947,urn:gleaner.io:oih:bodc:data:5da2d5a032af737d3c16923640c3758547e9ebb1,none,False,False,,,,,0,0,https://api.linked-systems.uk/api/schema-org/dataset/1927947,
